2025-06-11 17:26:13,583 [main] INFO WorkRoomWebApplication - ************* Launching CHROME Browser *****************
2025-06-11 17:26:15,923 [main] INFO WorkRoomWebApplication - ************* Browser Launched and Maximized *****************
2025-06-11 17:26:17,680 [main] INFO WorkRoomWebApplication - ************* Get The Application URL  *****************
2025-06-11 17:26:25,480 [main] INFO WorkRoomWebApplication - ************* Enter the Email *****************
2025-06-11 17:26:26,586 [main] INFO WorkRoomWebApplication - ************* Enter the Password *****************
2025-06-11 17:26:30,872 [main] INFO WorkRoomWebApplication - ************* Click on the Login Button *****************
2025-06-11 17:26:31,069 [main] INFO WorkRoomWebApplication - *** Moving to employee page ***
2025-06-11 17:26:38,114 [main] INFO WorkRoomWebApplication - *** Clicked Add Employee Button ***
2025-06-11 17:26:38,639 [main] INFO WorkRoomWebApplication - *** Checking and selcting the Department Dropdown ***
2025-06-11 17:26:39,453 [main] INFO WorkRoomWebApplication - *** Filling up employee name ***
2025-06-11 17:26:40,128 [main] INFO WorkRoomWebApplication - *** Filling up employee email ***
2025-06-11 17:26:40,796 [main] INFO WorkRoomWebApplication - *** Filling up employee phonenumber ***
2025-06-11 17:26:41,412 [main] INFO WorkRoomWebApplication - *** Filling up employee Address ***
2025-06-11 17:26:42,081 [main] INFO WorkRoomWebApplication - *** Filling up employee City ***
2025-06-11 17:26:42,674 [main] INFO WorkRoomWebApplication - *** Selecting the Employee country ***
2025-06-11 17:26:47,003 [main] INFO WorkRoomWebApplication - *** Clicked show radio button ***
2025-06-11 17:26:47,344 [main] INFO WorkRoomWebApplication - *** Upload employee image ***
2025-06-11 17:26:47,518 [main] INFO WorkRoomWebApplication - *** Clicked on save button***
2025-06-11 17:26:58,897 [main] INFO WorkRoomWebApplication - *** Check for the Toast Message ***
2025-06-13 17:31:47,725 [main] INFO WorkRoomWebApplication - ************* Launching CHROME Browser *****************
2025-06-13 17:31:50,065 [main] INFO WorkRoomWebApplication - ************* Browser Launched and Maximized *****************
2025-06-13 17:31:51,660 [main] INFO WorkRoomWebApplication - ************* Get The Application URL  *****************
2025-06-13 17:31:55,355 [main] INFO WorkRoomWebApplication - ************* Enter the Email *****************
2025-06-13 17:31:56,108 [main] INFO WorkRoomWebApplication - ************* Enter the Password *****************
2025-06-13 17:32:00,615 [main] INFO WorkRoomWebApplication - ************* Click on the Login Button *****************
2025-06-13 17:32:01,048 [main] INFO WorkRoomWebApplication - *** Moving to employee page ***
2025-06-13 17:33:54,363 [main] INFO WorkRoomWebApplication - ************* Launching CHROME Browser *****************
2025-06-13 17:33:56,120 [main] INFO WorkRoomWebApplication - ************* Browser Launched and Maximized *****************
2025-06-13 17:33:57,555 [main] INFO WorkRoomWebApplication - ************* Get The Application URL  *****************
2025-06-13 17:34:01,472 [main] INFO WorkRoomWebApplication - ************* Enter the Email *****************
2025-06-13 17:34:02,327 [main] INFO WorkRoomWebApplication - ************* Enter the Password *****************
2025-06-13 17:34:06,954 [main] INFO WorkRoomWebApplication - ************* Click on the Login Button *****************
2025-06-13 17:34:07,283 [main] INFO WorkRoomWebApplication - *** Moving to employee page ***
2025-06-13 17:34:14,822 [main] INFO WorkRoomWebApplication - *** Clicked Add Employee Button ***
2025-06-13 17:34:15,091 [main] INFO WorkRoomWebApplication - *** Checking and selcting the Department Dropdown ***
2025-06-13 17:34:54,797 [main] INFO WorkRoomWebApplication - ************* Launching CHROME Browser *****************
2025-06-13 17:34:56,608 [main] INFO WorkRoomWebApplication - ************* Browser Launched and Maximized *****************
2025-06-13 17:34:58,040 [main] INFO WorkRoomWebApplication - ************* Get The Application URL  *****************
2025-06-13 17:35:01,673 [main] INFO WorkRoomWebApplication - ************* Enter the Email *****************
2025-06-13 17:35:02,292 [main] INFO WorkRoomWebApplication - ************* Enter the Password *****************
2025-06-13 17:35:06,577 [main] INFO WorkRoomWebApplication - ************* Click on the Login Button *****************
2025-06-13 17:35:06,936 [main] INFO WorkRoomWebApplication - *** Moving to employee page ***
2025-06-13 17:35:13,715 [main] INFO WorkRoomWebApplication - *** Clicked Add Employee Button ***
2025-06-13 17:35:14,017 [main] INFO WorkRoomWebApplication - *** Checking and selcting the Department Dropdown ***
2025-06-13 17:36:39,247 [main] INFO WorkRoomWebApplication - ************* Launching CHROME Browser *****************
2025-06-13 17:36:41,191 [main] INFO WorkRoomWebApplication - ************* Browser Launched and Maximized *****************
2025-06-13 17:36:42,715 [main] INFO WorkRoomWebApplication - ************* Get The Application URL  *****************
2025-06-13 17:36:47,087 [main] INFO WorkRoomWebApplication - ************* Enter the Email *****************
2025-06-13 17:36:47,968 [main] INFO WorkRoomWebApplication - ************* Enter the Password *****************
2025-06-13 17:36:52,564 [main] INFO WorkRoomWebApplication - ************* Click on the Login Button *****************
2025-06-13 17:36:52,984 [main] INFO WorkRoomWebApplication - *** Moving to employee page ***
2025-06-13 17:36:59,561 [main] INFO WorkRoomWebApplication - *** Clicked Add Employee Button ***
2025-06-13 17:36:59,938 [main] INFO WorkRoomWebApplication - *** Checking and selcting the Department Dropdown ***
2025-06-13 17:40:38,771 [main] INFO WorkRoomWebApplication - ************* Launching CHROME Browser *****************
2025-06-13 17:40:40,640 [main] INFO WorkRoomWebApplication - ************* Browser Launched and Maximized *****************
2025-06-13 17:40:42,082 [main] INFO WorkRoomWebApplication - ************* Get The Application URL  *****************
2025-06-13 17:40:45,490 [main] INFO WorkRoomWebApplication - ************* Enter the Email *****************
2025-06-13 17:40:45,982 [main] INFO WorkRoomWebApplication - ************* Enter the Password *****************
2025-06-13 17:40:50,340 [main] INFO WorkRoomWebApplication - ************* Click on the Login Button *****************
2025-06-13 17:40:50,607 [main] INFO WorkRoomWebApplication - *** Moving to employee page ***
2025-06-13 17:40:57,158 [main] INFO WorkRoomWebApplication - *** Clicked Add Employee Button ***
2025-06-13 17:40:57,559 [main] INFO WorkRoomWebApplication - *** Checking and selcting the Department Dropdown ***
2025-06-13 17:40:58,054 [main] INFO WorkRoomWebApplication - *** Filling up employee name ***
2025-06-13 17:43:44,972 [main] INFO WorkRoomWebApplication - ************* Launching CHROME Browser *****************
2025-06-13 17:43:46,914 [main] INFO WorkRoomWebApplication - ************* Browser Launched and Maximized *****************
2025-06-13 17:43:48,369 [main] INFO WorkRoomWebApplication - ************* Get The Application URL  *****************
2025-06-13 17:43:51,863 [main] INFO WorkRoomWebApplication - ************* Enter the Email *****************
2025-06-13 17:43:52,350 [main] INFO WorkRoomWebApplication - ************* Enter the Password *****************
2025-06-13 17:43:56,882 [main] INFO WorkRoomWebApplication - ************* Click on the Login Button *****************
2025-06-13 17:43:57,276 [main] INFO WorkRoomWebApplication - *** Moving to employee page ***
2025-06-13 17:44:04,590 [main] INFO WorkRoomWebApplication - *** Clicked Add Employee Button ***
2025-06-13 17:44:04,867 [main] INFO WorkRoomWebApplication - *** Filling up employee name ***
2025-06-13 17:44:05,468 [main] INFO WorkRoomWebApplication - *** Filling up employee email ***
2025-06-13 17:44:06,061 [main] INFO WorkRoomWebApplication - *** Filling up employee phonenumber ***
2025-06-13 17:44:06,665 [main] INFO WorkRoomWebApplication - *** Filling up employee Address ***
2025-06-13 17:44:07,284 [main] INFO WorkRoomWebApplication - *** Filling up employee City ***
2025-06-13 17:44:07,631 [main] INFO WorkRoomWebApplication - *** Selecting the Employee country ***
2025-06-13 17:44:11,619 [main] INFO WorkRoomWebApplication - *** Clicked show radio button ***
2025-06-13 17:44:11,927 [main] INFO WorkRoomWebApplication - *** Upload employee image ***
2025-06-13 17:44:12,117 [main] INFO WorkRoomWebApplication - *** Clicked on save button***
2025-06-13 17:44:12,444 [main] INFO WorkRoomWebApplication - *** Check for the Toast Message ***
2025-06-13 17:45:01,800 [main] INFO WorkRoomWebApplication - ************* Launching CHROME Browser *****************
2025-06-13 17:45:04,379 [main] INFO WorkRoomWebApplication - ************* Browser Launched and Maximized *****************
2025-06-13 17:45:06,374 [main] INFO WorkRoomWebApplication - ************* Get The Application URL  *****************
2025-06-13 17:45:09,729 [main] INFO WorkRoomWebApplication - ************* Enter the Email *****************
2025-06-13 17:45:10,309 [main] INFO WorkRoomWebApplication - ************* Enter the Password *****************
2025-06-13 17:45:14,605 [main] INFO WorkRoomWebApplication - ************* Click on the Login Button *****************
2025-06-13 17:45:14,777 [main] INFO WorkRoomWebApplication - *** Moving to employee page ***
2025-06-13 17:45:21,615 [main] INFO WorkRoomWebApplication - *** Clicked Add Employee Button ***
2025-06-13 17:45:21,975 [main] INFO WorkRoomWebApplication - *** Filling up employee name ***
2025-06-13 17:45:22,407 [main] INFO WorkRoomWebApplication - *** Filling up employee email ***
2025-06-13 17:45:22,996 [main] INFO WorkRoomWebApplication - *** Filling up employee phonenumber ***
2025-06-13 17:45:23,322 [main] INFO WorkRoomWebApplication - *** Filling up employee Address ***
2025-06-13 17:45:23,733 [main] INFO WorkRoomWebApplication - *** Filling up employee City ***
2025-06-13 17:45:24,078 [main] INFO WorkRoomWebApplication - *** Selecting the Employee country ***
2025-06-13 17:45:27,279 [main] INFO WorkRoomWebApplication - *** Clicked show radio button ***
2025-06-13 17:45:27,463 [main] INFO WorkRoomWebApplication - *** Upload employee image ***
2025-06-13 17:45:27,566 [main] INFO WorkRoomWebApplication - *** Clicked on save button***
2025-06-13 17:45:35,125 [main] INFO WorkRoomWebApplication - *** Check for the Toast Message ***
2025-06-13 17:50:41,790 [main] INFO WorkRoomWebApplication - ************* Launching CHROME Browser *****************
2025-06-13 17:50:43,961 [main] INFO WorkRoomWebApplication - ************* Browser Launched and Maximized *****************
2025-06-13 17:50:45,821 [main] INFO WorkRoomWebApplication - ************* Get The Application URL  *****************
2025-06-13 17:50:49,608 [main] INFO WorkRoomWebApplication - ************* Enter the Email *****************
2025-06-13 17:50:50,018 [main] INFO WorkRoomWebApplication - ************* Enter the Password *****************
2025-06-13 17:50:54,321 [main] INFO WorkRoomWebApplication - ************* Click on the Login Button *****************
2025-06-13 17:50:54,487 [main] INFO WorkRoomWebApplication - *** Moving to employee page ***
2025-06-13 17:51:01,207 [main] INFO WorkRoomWebApplication - *** Clicked Add Employee Button ***
2025-06-13 17:51:01,568 [main] INFO WorkRoomWebApplication - *** Filling up employee name ***
2025-06-13 17:51:02,173 [main] INFO WorkRoomWebApplication - *** Filling up employee email ***
2025-06-13 17:51:02,673 [main] INFO WorkRoomWebApplication - *** Filling up employee phonenumber ***
2025-06-13 17:51:03,003 [main] INFO WorkRoomWebApplication - *** Filling up employee Address ***
2025-06-13 17:51:03,463 [main] INFO WorkRoomWebApplication - *** Filling up employee City ***
2025-06-13 17:51:03,804 [main] INFO WorkRoomWebApplication - *** Selecting the Employee country ***
2025-06-13 17:51:06,611 [main] INFO WorkRoomWebApplication - *** Clicked show radio button ***
2025-06-13 17:51:06,777 [main] INFO WorkRoomWebApplication - *** Upload employee image ***
2025-06-13 17:51:06,901 [main] INFO WorkRoomWebApplication - *** Clicked on save button***
2025-06-13 17:51:25,292 [main] INFO WorkRoomWebApplication - *** Check for the Toast Message ***
2025-06-13 17:52:24,991 [main] INFO WorkRoomWebApplication - ************* Launching CHROME Browser *****************
2025-06-13 17:52:27,238 [main] INFO WorkRoomWebApplication - ************* Browser Launched and Maximized *****************
2025-06-13 17:52:29,211 [main] INFO WorkRoomWebApplication - ************* Get The Application URL  *****************
2025-06-13 17:52:33,175 [main] INFO WorkRoomWebApplication - ************* Enter the Email *****************
2025-06-13 17:52:33,623 [main] INFO WorkRoomWebApplication - ************* Enter the Password *****************
2025-06-13 17:52:37,941 [main] INFO WorkRoomWebApplication - ************* Click on the Login Button *****************
2025-06-13 17:52:38,117 [main] INFO WorkRoomWebApplication - *** Moving to employee page ***
2025-06-13 17:52:44,827 [main] INFO WorkRoomWebApplication - *** Clicked Add Employee Button ***
2025-06-13 17:52:45,165 [main] INFO WorkRoomWebApplication - *** Filling up employee name ***
2025-06-13 17:52:45,611 [main] INFO WorkRoomWebApplication - *** Filling up employee email ***
2025-06-13 17:52:46,106 [main] INFO WorkRoomWebApplication - *** Filling up employee phonenumber ***
2025-06-13 17:52:46,500 [main] INFO WorkRoomWebApplication - *** Filling up employee Address ***
2025-06-13 17:52:46,956 [main] INFO WorkRoomWebApplication - *** Filling up employee City ***
2025-06-13 17:52:47,314 [main] INFO WorkRoomWebApplication - *** Selecting the Employee country ***
2025-06-13 17:52:50,168 [main] INFO WorkRoomWebApplication - *** Clicked show radio button ***
2025-06-13 17:52:50,372 [main] INFO WorkRoomWebApplication - *** Upload employee image ***
2025-06-13 17:52:50,492 [main] INFO WorkRoomWebApplication - *** Clicked on save button***
2025-06-13 17:52:57,351 [main] INFO WorkRoomWebApplication - *** Check for the Toast Message ***
2025-06-13 17:53:52,484 [main] INFO WorkRoomWebApplication - ************* Launching CHROME Browser *****************
2025-06-13 17:53:54,867 [main] INFO WorkRoomWebApplication - ************* Browser Launched and Maximized *****************
2025-06-13 17:53:56,946 [main] INFO WorkRoomWebApplication - ************* Get The Application URL  *****************
2025-06-13 17:54:01,696 [main] INFO WorkRoomWebApplication - ************* Enter the Email *****************
2025-06-13 17:54:02,358 [main] INFO WorkRoomWebApplication - ************* Enter the Password *****************
2025-06-13 17:54:06,871 [main] INFO WorkRoomWebApplication - ************* Click on the Login Button *****************
2025-06-13 17:54:07,062 [main] INFO WorkRoomWebApplication - *** Moving to employee page ***
2025-06-13 17:54:13,591 [main] INFO WorkRoomWebApplication - *** Clicked Add Employee Button ***
2025-06-13 17:54:13,881 [main] INFO WorkRoomWebApplication - *** Filling up employee name ***
2025-06-13 17:54:14,345 [main] INFO WorkRoomWebApplication - *** Filling up employee email ***
2025-06-13 17:54:14,913 [main] INFO WorkRoomWebApplication - *** Filling up employee phonenumber ***
2025-06-13 17:54:15,246 [main] INFO WorkRoomWebApplication - *** Filling up employee Address ***
2025-06-13 17:54:15,686 [main] INFO WorkRoomWebApplication - *** Filling up employee City ***
2025-06-13 17:54:16,042 [main] INFO WorkRoomWebApplication - *** Selecting the Employee country ***
2025-06-13 17:54:18,698 [main] INFO WorkRoomWebApplication - *** Clicked show radio button ***
2025-06-13 17:54:18,919 [main] INFO WorkRoomWebApplication - *** Upload employee image ***
2025-06-13 17:54:19,051 [main] INFO WorkRoomWebApplication - *** Clicked on save button***
2025-06-13 17:54:40,130 [main] INFO WorkRoomWebApplication - *** Check for the Toast Message ***
2025-06-13 17:55:18,355 [main] INFO WorkRoomWebApplication - ************* Launching CHROME Browser *****************
2025-06-13 17:55:20,644 [main] INFO WorkRoomWebApplication - ************* Browser Launched and Maximized *****************
2025-06-13 17:55:22,633 [main] INFO WorkRoomWebApplication - ************* Get The Application URL  *****************
2025-06-13 17:55:26,818 [main] INFO WorkRoomWebApplication - ************* Enter the Email *****************
2025-06-13 17:55:27,374 [main] INFO WorkRoomWebApplication - ************* Enter the Password *****************
2025-06-13 17:55:31,664 [main] INFO WorkRoomWebApplication - ************* Click on the Login Button *****************
2025-06-13 17:55:31,969 [main] INFO WorkRoomWebApplication - *** Moving to employee page ***
2025-06-13 17:55:38,683 [main] INFO WorkRoomWebApplication - *** Clicked Add Employee Button ***
2025-06-13 17:55:38,955 [main] INFO WorkRoomWebApplication - *** Filling up employee name ***
2025-06-13 17:55:39,490 [main] INFO WorkRoomWebApplication - *** Filling up employee email ***
2025-06-13 17:55:39,994 [main] INFO WorkRoomWebApplication - *** Filling up employee phonenumber ***
2025-06-13 17:55:40,415 [main] INFO WorkRoomWebApplication - *** Filling up employee Address ***
2025-06-13 17:55:41,006 [main] INFO WorkRoomWebApplication - *** Filling up employee City ***
2025-06-13 17:55:41,423 [main] INFO WorkRoomWebApplication - *** Selecting the Employee country ***
2025-06-13 17:55:44,864 [main] INFO WorkRoomWebApplication - *** Clicked show radio button ***
2025-06-13 17:55:45,089 [main] INFO WorkRoomWebApplication - *** Upload employee image ***
2025-06-13 17:55:45,301 [main] INFO WorkRoomWebApplication - *** Clicked on save button***
2025-06-13 17:55:53,757 [main] INFO WorkRoomWebApplication - *** Check for the Toast Message ***
2025-06-13 17:56:26,732 [main] INFO WorkRoomWebApplication - ************* Launching CHROME Browser *****************
2025-06-13 17:56:29,051 [main] INFO WorkRoomWebApplication - ************* Browser Launched and Maximized *****************
2025-06-13 17:56:31,266 [main] INFO WorkRoomWebApplication - ************* Get The Application URL  *****************
2025-06-13 17:56:34,899 [main] INFO WorkRoomWebApplication - ************* Enter the Email *****************
2025-06-13 17:56:35,347 [main] INFO WorkRoomWebApplication - ************* Enter the Password *****************
2025-06-13 17:56:39,668 [main] INFO WorkRoomWebApplication - ************* Click on the Login Button *****************
2025-06-13 17:56:39,942 [main] INFO WorkRoomWebApplication - *** Moving to employee page ***
2025-06-13 17:56:46,619 [main] INFO WorkRoomWebApplication - *** Clicked Add Employee Button ***
2025-06-13 17:56:46,879 [main] INFO WorkRoomWebApplication - *** Filling up employee name ***
2025-06-13 17:56:47,267 [main] INFO WorkRoomWebApplication - *** Filling up employee email ***
2025-06-13 17:56:47,786 [main] INFO WorkRoomWebApplication - *** Filling up employee phonenumber ***
2025-06-13 17:56:48,387 [main] INFO WorkRoomWebApplication - *** Filling up employee Address ***
2025-06-13 17:56:48,944 [main] INFO WorkRoomWebApplication - *** Filling up employee City ***
2025-06-13 17:56:49,302 [main] INFO WorkRoomWebApplication - *** Selecting the Employee country ***
2025-06-13 17:56:52,024 [main] INFO WorkRoomWebApplication - *** Clicked show radio button ***
2025-06-13 17:56:52,226 [main] INFO WorkRoomWebApplication - *** Upload employee image ***
2025-06-13 17:56:52,378 [main] INFO WorkRoomWebApplication - *** Clicked on save button***
2025-06-13 17:57:12,341 [main] INFO WorkRoomWebApplication - *** Check for the Toast Message ***
2025-06-13 17:58:02,378 [main] INFO WorkRoomWebApplication - ************* Launching CHROME Browser *****************
2025-06-13 17:58:04,178 [main] INFO WorkRoomWebApplication - ************* Browser Launched and Maximized *****************
2025-06-13 17:58:05,624 [main] INFO WorkRoomWebApplication - ************* Get The Application URL  *****************
2025-06-13 17:58:09,480 [main] INFO WorkRoomWebApplication - ************* Enter the Email *****************
2025-06-13 17:58:10,076 [main] INFO WorkRoomWebApplication - ************* Enter the Password *****************
2025-06-13 17:58:14,526 [main] INFO WorkRoomWebApplication - ************* Click on the Login Button *****************
2025-06-13 17:58:14,846 [main] INFO WorkRoomWebApplication - *** Moving to employee page ***
2025-06-13 17:58:21,218 [main] INFO WorkRoomWebApplication - *** Clicked Add Employee Button ***
2025-06-13 17:58:21,522 [main] INFO WorkRoomWebApplication - *** Filling up employee name ***
2025-06-13 17:58:22,073 [main] INFO WorkRoomWebApplication - *** Filling up employee email ***
2025-06-13 17:58:22,561 [main] INFO WorkRoomWebApplication - *** Filling up employee phonenumber ***
2025-06-13 17:58:22,905 [main] INFO WorkRoomWebApplication - *** Filling up employee Address ***
2025-06-13 17:58:23,469 [main] INFO WorkRoomWebApplication - *** Filling up employee City ***
2025-06-13 17:58:23,909 [main] INFO WorkRoomWebApplication - *** Selecting the Employee country ***
2025-06-13 17:58:27,406 [main] INFO WorkRoomWebApplication - *** Clicked show radio button ***
2025-06-13 17:58:27,677 [main] INFO WorkRoomWebApplication - *** Upload employee image ***
2025-06-13 17:58:27,826 [main] INFO WorkRoomWebApplication - *** Clicked on save button***
2025-06-13 17:58:34,849 [main] INFO WorkRoomWebApplication - *** Check for the Toast Message ***
2025-06-13 17:58:50,985 [main] INFO WorkRoomWebApplication - ************* Launching CHROME Browser *****************
2025-06-13 17:58:53,477 [main] INFO WorkRoomWebApplication - ************* Browser Launched and Maximized *****************
2025-06-13 17:58:55,685 [main] INFO WorkRoomWebApplication - ************* Get The Application URL  *****************
2025-06-13 17:58:59,646 [main] INFO WorkRoomWebApplication - ************* Enter the Email *****************
2025-06-13 17:59:00,288 [main] INFO WorkRoomWebApplication - ************* Enter the Password *****************
2025-06-13 17:59:04,701 [main] INFO WorkRoomWebApplication - ************* Click on the Login Button *****************
2025-06-13 17:59:05,073 [main] INFO WorkRoomWebApplication - *** Moving to employee page ***
2025-06-13 17:59:11,838 [main] INFO WorkRoomWebApplication - *** Clicked Add Employee Button ***
2025-06-13 17:59:12,150 [main] INFO WorkRoomWebApplication - *** Filling up employee name ***
2025-06-13 17:59:12,463 [main] INFO WorkRoomWebApplication - *** Filling up employee email ***
2025-06-13 17:59:13,023 [main] INFO WorkRoomWebApplication - *** Filling up employee phonenumber ***
2025-06-13 17:59:13,318 [main] INFO WorkRoomWebApplication - *** Filling up employee Address ***
2025-06-13 17:59:13,614 [main] INFO WorkRoomWebApplication - *** Filling up employee City ***
2025-06-13 17:59:13,891 [main] INFO WorkRoomWebApplication - *** Selecting the Employee country ***
2025-06-13 17:59:16,937 [main] INFO WorkRoomWebApplication - *** Clicked show radio button ***
2025-06-13 17:59:17,229 [main] INFO WorkRoomWebApplication - *** Upload employee image ***
2025-06-13 17:59:17,403 [main] INFO WorkRoomWebApplication - *** Clicked on save button***
2025-06-13 17:59:23,447 [main] INFO WorkRoomWebApplication - *** Check for the Toast Message ***
2025-06-16 15:21:15,196 [main] INFO WorkRoomWebApplication - ************* Launching CHROME Browser *****************
2025-06-16 15:21:17,175 [main] INFO WorkRoomWebApplication - ************* Browser Launched and Maximized *****************
2025-06-16 15:21:19,343 [main] INFO WorkRoomWebApplication - ************* Get The Application URL  *****************
2025-06-16 15:21:23,093 [main] INFO WorkRoomWebApplication - ************* Enter the Email *****************
2025-06-16 15:21:24,199 [main] INFO WorkRoomWebApplication - ************* Enter the Password *****************
2025-06-16 15:21:28,814 [main] INFO WorkRoomWebApplication - ************* Click on the Login Button *****************
2025-06-16 15:21:29,259 [main] INFO WorkRoomWebApplication - *** Moving to employee page ***
2025-06-16 15:21:37,364 [main] INFO WorkRoomWebApplication - *** Clicked Add Employee Button ***
2025-06-16 15:21:37,636 [main] INFO WorkRoomWebApplication - *** Filling up employee name ***
2025-06-16 15:21:38,316 [main] INFO WorkRoomWebApplication - *** Filling up employee email ***
2025-06-16 15:21:39,268 [main] INFO WorkRoomWebApplication - *** Filling up employee phonenumber ***
2025-06-16 15:21:39,891 [main] INFO WorkRoomWebApplication - *** Filling up employee Address ***
2025-06-16 15:21:40,594 [main] INFO WorkRoomWebApplication - *** Filling up employee City ***
2025-06-16 15:21:41,050 [main] INFO WorkRoomWebApplication - *** Selecting the Employee country ***
2025-06-16 15:21:45,683 [main] INFO WorkRoomWebApplication - *** Clicked show radio button ***
2025-06-16 15:21:45,948 [main] INFO WorkRoomWebApplication - *** Upload employee image ***
2025-06-16 15:21:46,041 [main] INFO WorkRoomWebApplication - *** Clicked on save button***
2025-06-16 15:22:05,629 [main] INFO WorkRoomWebApplication - *** Check for the Toast Message ***
2025-06-16 15:22:05,813 [main] INFO WorkRoomWebApplication - *** Verifying invitation email ***
2025-06-16 15:30:50,676 [main] INFO WorkRoomWebApplication - ************* Launching CHROME Browser *****************
2025-06-16 15:30:52,688 [main] INFO WorkRoomWebApplication - ************* Browser Launched and Maximized *****************
2025-06-16 15:30:54,199 [main] INFO WorkRoomWebApplication - ************* Get The Application URL  *****************
2025-06-16 15:30:58,300 [main] INFO WorkRoomWebApplication - ************* Enter the Email *****************
2025-06-16 15:30:59,118 [main] INFO WorkRoomWebApplication - ************* Enter the Password *****************
2025-06-16 15:31:03,636 [main] INFO WorkRoomWebApplication - ************* Click on the Login Button *****************
2025-06-16 15:31:03,996 [main] INFO WorkRoomWebApplication - *** Moving to employee page ***
2025-06-16 15:31:10,597 [main] INFO WorkRoomWebApplication - *** Clicked Add Employee Button ***
2025-06-16 15:31:10,873 [main] INFO WorkRoomWebApplication - *** Filling up employee name ***
2025-06-16 15:31:11,530 [main] INFO WorkRoomWebApplication - *** Filling up employee email ***
2025-06-16 15:31:12,250 [main] INFO WorkRoomWebApplication - *** Filling up employee phonenumber ***
2025-06-16 15:31:12,638 [main] INFO WorkRoomWebApplication - *** Filling up employee Address ***
2025-06-16 15:31:13,237 [main] INFO WorkRoomWebApplication - *** Filling up employee City ***
2025-06-16 15:31:13,787 [main] INFO WorkRoomWebApplication - *** Selecting the Employee country ***
2025-06-16 15:31:17,305 [main] INFO WorkRoomWebApplication - *** Clicked show radio button ***
2025-06-16 15:31:17,462 [main] INFO WorkRoomWebApplication - *** Upload employee image ***
2025-06-16 15:31:17,545 [main] INFO WorkRoomWebApplication - *** Clicked on save button***
2025-06-16 15:31:26,471 [main] INFO WorkRoomWebApplication - *** Check for the Toast Message ***
2025-06-16 15:31:26,572 [main] INFO WorkRoomWebApplication - *** Verifying invitation email ***
2025-06-16 15:48:21,520 [main] INFO WorkRoomWebApplication - ************* Launching CHROME Browser *****************
2025-06-16 15:48:23,401 [main] INFO WorkRoomWebApplication - ************* Browser Launched and Maximized *****************
2025-06-16 15:48:24,869 [main] INFO WorkRoomWebApplication - ************* Get The Application URL  *****************
2025-06-16 15:48:28,263 [main] INFO WorkRoomWebApplication - ************* Enter the Email *****************
2025-06-16 15:48:28,724 [main] INFO WorkRoomWebApplication - ************* Enter the Password *****************
2025-06-16 15:48:33,089 [main] INFO WorkRoomWebApplication - ************* Click on the Login Button *****************
2025-06-16 15:48:33,456 [main] INFO WorkRoomWebApplication - *** Moving to employee page ***
2025-06-16 15:48:39,932 [main] INFO WorkRoomWebApplication - *** Clicked Add Employee Button ***
2025-06-16 15:48:40,283 [main] INFO WorkRoomWebApplication - *** Filling up employee name ***
2025-06-16 15:48:40,906 [main] INFO WorkRoomWebApplication - *** Filling up employee email ***
2025-06-16 15:48:41,562 [main] INFO WorkRoomWebApplication - *** Filling up employee phonenumber ***
2025-06-16 15:48:41,851 [main] INFO WorkRoomWebApplication - *** Filling up employee Address ***
2025-06-16 15:48:42,427 [main] INFO WorkRoomWebApplication - *** Filling up employee City ***
2025-06-16 15:48:42,702 [main] INFO WorkRoomWebApplication - *** Selecting the Employee country ***
2025-06-16 15:48:45,455 [main] INFO WorkRoomWebApplication - *** Clicked show radio button ***
2025-06-16 15:48:45,755 [main] INFO WorkRoomWebApplication - *** Upload employee image ***
2025-06-16 15:48:45,925 [main] INFO WorkRoomWebApplication - *** Clicked on save button***
2025-06-16 15:49:07,174 [main] INFO WorkRoomWebApplication - *** Check for the Toast Message ***
2025-06-16 15:49:07,354 [main] INFO WorkRoomWebApplication - *** Verifying invitation email ***
2025-06-16 15:58:15,162 [main] INFO WorkRoomWebApplication - ************* Launching CHROME Browser *****************
2025-06-16 15:58:17,065 [main] INFO WorkRoomWebApplication - ************* Browser Launched and Maximized *****************
2025-06-16 15:58:18,496 [main] INFO WorkRoomWebApplication - ************* Get The Application URL  *****************
2025-06-16 15:58:22,410 [main] INFO WorkRoomWebApplication - ************* Enter the Email *****************
2025-06-16 15:58:23,379 [main] INFO WorkRoomWebApplication - ************* Enter the Password *****************
2025-06-16 15:58:27,933 [main] INFO WorkRoomWebApplication - ************* Click on the Login Button *****************
2025-06-16 15:58:28,288 [main] INFO WorkRoomWebApplication - *** Moving to employee page ***
2025-06-16 15:58:34,607 [main] INFO WorkRoomWebApplication - *** Clicked Add Employee Button ***
2025-06-16 15:58:34,973 [main] INFO WorkRoomWebApplication - *** Filling up employee name ***
2025-06-16 15:58:35,624 [main] INFO WorkRoomWebApplication - *** Filling up employee email ***
2025-06-16 15:58:36,185 [main] INFO WorkRoomWebApplication - *** Filling up employee phonenumber ***
2025-06-16 15:58:36,562 [main] INFO WorkRoomWebApplication - *** Filling up employee Address ***
2025-06-16 15:58:37,158 [main] INFO WorkRoomWebApplication - *** Filling up employee City ***
2025-06-16 15:58:37,710 [main] INFO WorkRoomWebApplication - *** Selecting the Employee country ***
2025-06-16 15:58:41,508 [main] INFO WorkRoomWebApplication - *** Clicked show radio button ***
2025-06-16 15:58:41,804 [main] INFO WorkRoomWebApplication - *** Upload employee image ***
2025-06-16 15:58:41,985 [main] INFO WorkRoomWebApplication - *** Clicked on save button***
2025-06-16 15:58:50,470 [main] INFO WorkRoomWebApplication - *** Check for the Toast Message ***
2025-06-16 15:58:50,584 [main] INFO WorkRoomWebApplication - *** Verifying invitation email ***
2025-06-16 16:06:29,447 [main] INFO WorkRoomWebApplication - ************* Launching CHROME Browser *****************
2025-06-16 16:06:31,555 [main] INFO WorkRoomWebApplication - ************* Browser Launched and Maximized *****************
2025-06-16 16:06:33,087 [main] INFO WorkRoomWebApplication - ************* Get The Application URL  *****************
2025-06-16 16:06:36,450 [main] INFO WorkRoomWebApplication - ************* Enter the Email *****************
2025-06-16 16:06:36,898 [main] INFO WorkRoomWebApplication - ************* Enter the Password *****************
2025-06-16 16:06:41,227 [main] INFO WorkRoomWebApplication - ************* Click on the Login Button *****************
2025-06-16 16:06:41,584 [main] INFO WorkRoomWebApplication - *** Moving to employee page ***
2025-06-16 16:06:48,260 [main] INFO WorkRoomWebApplication - *** Clicked Add Employee Button ***
2025-06-16 16:06:48,617 [main] INFO WorkRoomWebApplication - *** Filling up employee name ***
2025-06-16 16:06:49,315 [main] INFO WorkRoomWebApplication - *** Filling up employee email ***
2025-06-16 16:06:50,040 [main] INFO WorkRoomWebApplication - *** Filling up employee phonenumber ***
2025-06-16 16:06:50,403 [main] INFO WorkRoomWebApplication - *** Filling up employee Address ***
2025-06-16 16:06:51,006 [main] INFO WorkRoomWebApplication - *** Filling up employee City ***
2025-06-16 16:06:51,283 [main] INFO WorkRoomWebApplication - *** Selecting the Employee country ***
2025-06-16 16:06:54,746 [main] INFO WorkRoomWebApplication - *** Clicked show radio button ***
2025-06-16 16:06:55,041 [main] INFO WorkRoomWebApplication - *** Upload employee image ***
2025-06-16 16:06:55,218 [main] INFO WorkRoomWebApplication - *** Clicked on save button***
2025-06-16 16:07:15,593 [main] INFO WorkRoomWebApplication - *** Check for the Toast Message ***
2025-06-16 16:07:15,706 [main] INFO WorkRoomWebApplication - *** Verifying invitation email ***
2025-06-16 16:20:29,111 [main] INFO WorkRoomWebApplication - ************* Launching CHROME Browser *****************
2025-06-16 16:20:30,881 [main] INFO WorkRoomWebApplication - ************* Browser Launched and Maximized *****************
2025-06-16 16:20:32,335 [main] INFO WorkRoomWebApplication - ************* Get The Application URL  *****************
2025-06-16 16:20:37,271 [main] INFO WorkRoomWebApplication - ************* Enter the Email *****************
2025-06-16 16:20:37,719 [main] INFO WorkRoomWebApplication - ************* Enter the Password *****************
2025-06-16 16:20:42,027 [main] INFO WorkRoomWebApplication - ************* Click on the Login Button *****************
2025-06-16 16:20:42,392 [main] INFO WorkRoomWebApplication - *** Moving to employee page ***
2025-06-16 16:20:54,456 [main] INFO WorkRoomWebApplication - *** Clicked Add Employee Button ***
2025-06-16 16:20:54,731 [main] INFO WorkRoomWebApplication - *** Filling up employee name ***
2025-06-16 16:20:55,231 [main] INFO WorkRoomWebApplication - *** Filling up employee email ***
2025-06-16 16:20:55,606 [main] INFO WorkRoomWebApplication - *** Filling up employee phonenumber ***
2025-06-16 16:20:55,919 [main] INFO WorkRoomWebApplication - *** Filling up employee Address ***
2025-06-16 16:20:56,339 [main] INFO WorkRoomWebApplication - *** Filling up employee City ***
2025-06-16 16:20:56,773 [main] INFO WorkRoomWebApplication - *** Selecting the Employee country ***
2025-06-16 16:21:00,289 [main] INFO WorkRoomWebApplication - *** Clicked show radio button ***
2025-06-16 16:21:00,608 [main] INFO WorkRoomWebApplication - *** Upload employee image ***
2025-06-16 16:21:00,821 [main] INFO WorkRoomWebApplication - *** Clicked on save button***
2025-06-16 16:21:20,987 [main] INFO WorkRoomWebApplication - *** Check for the Toast Message ***
2025-06-16 16:21:21,223 [main] INFO WorkRoomWebApplication - *** Verifying invitation email ***
2025-06-16 16:24:35,276 [main] INFO WorkRoomWebApplication - ************* Launching CHROME Browser *****************
2025-06-16 16:24:36,990 [main] INFO WorkRoomWebApplication - ************* Browser Launched and Maximized *****************
2025-06-16 16:24:38,411 [main] INFO WorkRoomWebApplication - ************* Get The Application URL  *****************
2025-06-16 16:24:43,912 [main] INFO WorkRoomWebApplication - ************* Enter the Email *****************
2025-06-16 16:24:44,778 [main] INFO WorkRoomWebApplication - ************* Enter the Password *****************
2025-06-16 16:24:49,322 [main] INFO WorkRoomWebApplication - ************* Click on the Login Button *****************
2025-06-16 16:24:49,678 [main] INFO WorkRoomWebApplication - *** Moving to employee page ***
2025-06-16 16:25:00,564 [main] INFO WorkRoomWebApplication - *** Clicked Add Employee Button ***
2025-06-16 16:25:00,849 [main] INFO WorkRoomWebApplication - *** Filling up employee name ***
2025-06-16 16:25:01,514 [main] INFO WorkRoomWebApplication - *** Filling up employee email ***
2025-06-16 16:25:02,039 [main] INFO WorkRoomWebApplication - *** Filling up employee phonenumber ***
2025-06-16 16:25:02,336 [main] INFO WorkRoomWebApplication - *** Filling up employee Address ***
2025-06-16 16:25:02,848 [main] INFO WorkRoomWebApplication - *** Filling up employee City ***
2025-06-16 16:25:03,311 [main] INFO WorkRoomWebApplication - *** Selecting the Employee country ***
2025-06-16 16:25:06,228 [main] INFO WorkRoomWebApplication - *** Clicked show radio button ***
2025-06-16 16:25:06,517 [main] INFO WorkRoomWebApplication - *** Upload employee image ***
2025-06-16 16:25:06,694 [main] INFO WorkRoomWebApplication - *** Clicked on save button***
2025-06-16 16:25:17,465 [main] INFO WorkRoomWebApplication - *** Check for the Toast Message ***
2025-06-16 16:25:17,578 [main] INFO WorkRoomWebApplication - *** Verifying invitation email ***
2025-06-16 16:32:58,018 [main] INFO WorkRoomWebApplication - ************* Launching CHROME Browser *****************
2025-06-16 16:32:59,920 [main] INFO WorkRoomWebApplication - ************* Browser Launched and Maximized *****************
2025-06-16 16:33:01,318 [main] INFO WorkRoomWebApplication - ************* Get The Application URL  *****************
2025-06-16 16:33:04,906 [main] INFO WorkRoomWebApplication - ************* Enter the Email *****************
2025-06-16 16:33:05,361 [main] INFO WorkRoomWebApplication - ************* Enter the Password *****************
2025-06-16 16:33:09,713 [main] INFO WorkRoomWebApplication - ************* Click on the Login Button *****************
2025-06-16 16:33:10,057 [main] INFO WorkRoomWebApplication - *** Moving to employee page ***
2025-06-16 16:33:16,948 [main] INFO WorkRoomWebApplication - *** Clicked Add Employee Button ***
2025-06-16 16:33:17,285 [main] INFO WorkRoomWebApplication - *** Filling up employee name ***
2025-06-16 16:33:17,959 [main] INFO WorkRoomWebApplication - *** Filling up employee email ***
2025-06-16 16:33:18,404 [main] INFO WorkRoomWebApplication - *** Filling up employee phonenumber ***
2025-06-16 16:33:18,667 [main] INFO WorkRoomWebApplication - *** Filling up employee Address ***
2025-06-16 16:33:19,122 [main] INFO WorkRoomWebApplication - *** Filling up employee City ***
2025-06-16 16:33:19,382 [main] INFO WorkRoomWebApplication - *** Selecting the Employee country ***
2025-06-16 16:33:22,967 [main] INFO WorkRoomWebApplication - *** Clicked show radio button ***
2025-06-16 16:33:23,255 [main] INFO WorkRoomWebApplication - *** Upload employee image ***
2025-06-16 16:33:23,435 [main] INFO WorkRoomWebApplication - *** Clicked on save button***
2025-06-16 16:33:44,122 [main] INFO WorkRoomWebApplication - *** Check for the Toast Message ***
2025-06-16 16:33:44,256 [main] INFO WorkRoomWebApplication - *** Verifying invitation email ***
2025-06-16 16:47:35,109 [main] INFO WorkRoomWebApplication - ************* Launching CHROME Browser *****************
2025-06-16 16:47:37,043 [main] INFO WorkRoomWebApplication - ************* Browser Launched and Maximized *****************
2025-06-16 16:47:38,641 [main] INFO WorkRoomWebApplication - ************* Get The Application URL  *****************
2025-06-16 16:47:42,802 [main] INFO WorkRoomWebApplication - ************* Enter the Email *****************
2025-06-16 16:47:43,704 [main] INFO WorkRoomWebApplication - ************* Enter the Password *****************
2025-06-16 16:47:48,236 [main] INFO WorkRoomWebApplication - ************* Click on the Login Button *****************
2025-06-16 16:47:48,648 [main] INFO WorkRoomWebApplication - *** Moving to employee page ***
2025-06-16 16:47:55,149 [main] INFO WorkRoomWebApplication - *** Clicked Add Employee Button ***
2025-06-16 16:47:55,507 [main] INFO WorkRoomWebApplication - *** Filling up employee name ***
2025-06-16 16:47:55,972 [main] INFO WorkRoomWebApplication - *** Filling up employee email ***
2025-06-16 16:47:56,344 [main] INFO WorkRoomWebApplication - *** Filling up employee phonenumber ***
2025-06-16 16:47:56,876 [main] INFO WorkRoomWebApplication - *** Filling up employee Address ***
2025-06-16 16:47:57,488 [main] INFO WorkRoomWebApplication - *** Filling up employee City ***
2025-06-16 16:47:58,031 [main] INFO WorkRoomWebApplication - *** Selecting the Employee country ***
2025-06-16 16:49:17,331 [main] INFO WorkRoomWebApplication - ************* Launching CHROME Browser *****************
2025-06-16 16:49:19,389 [main] INFO WorkRoomWebApplication - ************* Browser Launched and Maximized *****************
2025-06-16 16:49:21,013 [main] INFO WorkRoomWebApplication - ************* Get The Application URL  *****************
2025-06-16 16:49:24,505 [main] INFO WorkRoomWebApplication - ************* Enter the Email *****************
2025-06-16 16:49:25,125 [main] INFO WorkRoomWebApplication - ************* Enter the Password *****************
2025-06-16 16:49:29,673 [main] INFO WorkRoomWebApplication - ************* Click on the Login Button *****************
2025-06-16 16:49:30,061 [main] INFO WorkRoomWebApplication - *** Moving to employee page ***
2025-06-16 16:49:38,135 [main] INFO WorkRoomWebApplication - *** Clicked Add Employee Button ***
2025-06-16 16:49:38,419 [main] INFO WorkRoomWebApplication - *** Filling up employee name ***
2025-06-16 16:49:39,019 [main] INFO WorkRoomWebApplication - *** Filling up employee email ***
2025-06-16 16:49:39,561 [main] INFO WorkRoomWebApplication - *** Filling up employee phonenumber ***
2025-06-16 16:49:39,836 [main] INFO WorkRoomWebApplication - *** Filling up employee Address ***
2025-06-16 16:49:40,324 [main] INFO WorkRoomWebApplication - *** Filling up employee City ***
2025-06-16 16:49:40,749 [main] INFO WorkRoomWebApplication - *** Selecting the Employee country ***
2025-06-16 16:49:44,365 [main] INFO WorkRoomWebApplication - *** Clicked show radio button ***
2025-06-16 16:49:44,654 [main] INFO WorkRoomWebApplication - *** Upload employee image ***
2025-06-16 16:49:44,821 [main] INFO WorkRoomWebApplication - *** Clicked on save button***
2025-06-16 16:50:05,203 [main] INFO WorkRoomWebApplication - *** Check for the Toast Message ***
2025-06-16 16:50:05,303 [main] INFO WorkRoomWebApplication - *** Verifying invitation email ***
2025-06-16 16:57:02,323 [main] INFO WorkRoomWebApplication - ************* Launching CHROME Browser *****************
2025-06-16 16:57:04,216 [main] INFO WorkRoomWebApplication - ************* Browser Launched and Maximized *****************
2025-06-16 16:57:05,632 [main] INFO WorkRoomWebApplication - ************* Get The Application URL  *****************
2025-06-16 16:57:09,191 [main] INFO WorkRoomWebApplication - ************* Enter the Email *****************
2025-06-16 16:57:10,043 [main] INFO WorkRoomWebApplication - ************* Enter the Password *****************
2025-06-16 16:57:14,609 [main] INFO WorkRoomWebApplication - ************* Click on the Login Button *****************
2025-06-16 16:57:14,988 [main] INFO WorkRoomWebApplication - *** Moving to employee page ***
2025-06-16 16:57:21,876 [main] INFO WorkRoomWebApplication - *** Clicked Add Employee Button ***
2025-06-16 16:57:22,307 [main] INFO WorkRoomWebApplication - *** Filling up employee name ***
2025-06-16 16:57:22,980 [main] INFO WorkRoomWebApplication - *** Filling up employee email ***
2025-06-16 16:57:23,568 [main] INFO WorkRoomWebApplication - *** Filling up employee phonenumber ***
2025-06-16 16:57:23,938 [main] INFO WorkRoomWebApplication - *** Filling up employee Address ***
2025-06-16 16:57:24,536 [main] INFO WorkRoomWebApplication - *** Filling up employee City ***
2025-06-16 16:57:25,087 [main] INFO WorkRoomWebApplication - *** Selecting the Employee country ***
2025-06-16 16:57:29,045 [main] INFO WorkRoomWebApplication - *** Clicked show radio button ***
2025-06-16 16:57:29,342 [main] INFO WorkRoomWebApplication - *** Upload employee image ***
2025-06-16 16:57:29,512 [main] INFO WorkRoomWebApplication - *** Clicked on save button***
2025-06-16 16:57:37,721 [main] INFO WorkRoomWebApplication - *** Check for the Toast Message ***
2025-06-16 16:57:37,841 [main] INFO WorkRoomWebApplication - *** Verifying invitation email ***
2025-06-16 17:20:11,392 [main] INFO WorkRoomWebApplication - ************* Launching CHROME Browser *****************
2025-06-16 17:20:13,287 [main] INFO WorkRoomWebApplication - ************* Browser Launched and Maximized *****************
2025-06-16 17:20:14,883 [main] INFO WorkRoomWebApplication - ************* Get The Application URL  *****************
2025-06-16 17:20:18,815 [main] INFO WorkRoomWebApplication - ************* Enter the Email *****************
2025-06-16 17:20:19,673 [main] INFO WorkRoomWebApplication - ************* Enter the Password *****************
2025-06-16 17:20:24,242 [main] INFO WorkRoomWebApplication - ************* Click on the Login Button *****************
2025-06-16 17:20:24,611 [main] INFO WorkRoomWebApplication - *** Moving to employee page ***
2025-06-16 17:20:31,134 [main] INFO WorkRoomWebApplication - *** Clicked Add Employee Button ***
2025-06-16 17:20:31,418 [main] INFO WorkRoomWebApplication - *** Filling up employee name ***
2025-06-16 17:20:31,974 [main] INFO WorkRoomWebApplication - *** Filling up employee email ***
2025-06-16 17:20:32,434 [main] INFO WorkRoomWebApplication - *** Filling up employee phonenumber ***
2025-06-16 17:20:32,701 [main] INFO WorkRoomWebApplication - *** Filling up employee Address ***
2025-06-16 17:20:33,064 [main] INFO WorkRoomWebApplication - *** Filling up employee City ***
2025-06-16 17:20:33,315 [main] INFO WorkRoomWebApplication - *** Selecting the Employee country ***
2025-06-16 17:20:36,459 [main] INFO WorkRoomWebApplication - *** Clicked show radio button ***
2025-06-16 17:20:36,758 [main] INFO WorkRoomWebApplication - *** Upload employee image ***
2025-06-16 17:20:36,957 [main] INFO WorkRoomWebApplication - *** Clicked on save button***
2025-06-16 17:20:45,770 [main] INFO WorkRoomWebApplication - *** Check for the Toast Message ***
2025-06-16 17:20:45,876 [main] INFO WorkRoomWebApplication - *** Verifying invitation email ***
2025-06-16 17:23:01,042 [main] INFO WorkRoomWebApplication - ************* Launching CHROME Browser *****************
2025-06-16 17:23:02,782 [main] INFO WorkRoomWebApplication - ************* Browser Launched and Maximized *****************
2025-06-16 17:23:04,269 [main] INFO WorkRoomWebApplication - ************* Get The Application URL  *****************
2025-06-16 17:23:07,558 [main] INFO WorkRoomWebApplication - ************* Enter the Email *****************
2025-06-16 17:23:08,074 [main] INFO WorkRoomWebApplication - ************* Enter the Password *****************
2025-06-16 17:23:12,593 [main] INFO WorkRoomWebApplication - ************* Click on the Login Button *****************
2025-06-16 17:23:12,947 [main] INFO WorkRoomWebApplication - *** Moving to employee page ***
2025-06-16 17:23:19,637 [main] INFO WorkRoomWebApplication - *** Clicked Add Employee Button ***
2025-06-16 17:23:20,071 [main] INFO WorkRoomWebApplication - *** Filling up employee name ***
2025-06-16 17:23:20,751 [main] INFO WorkRoomWebApplication - *** Filling up employee email ***
2025-06-16 17:23:21,318 [main] INFO WorkRoomWebApplication - *** Filling up employee phonenumber ***
2025-06-16 17:23:21,589 [main] INFO WorkRoomWebApplication - *** Filling up employee Address ***
2025-06-16 17:23:22,028 [main] INFO WorkRoomWebApplication - *** Filling up employee City ***
2025-06-16 17:23:22,473 [main] INFO WorkRoomWebApplication - *** Selecting the Employee country ***
2025-06-16 17:23:26,196 [main] INFO WorkRoomWebApplication - *** Clicked show radio button ***
2025-06-16 17:23:26,499 [main] INFO WorkRoomWebApplication - *** Upload employee image ***
2025-06-16 17:23:26,673 [main] INFO WorkRoomWebApplication - *** Clicked on save button***
2025-06-16 17:23:37,846 [main] INFO WorkRoomWebApplication - *** Check for the Toast Message ***
2025-06-16 17:23:38,064 [main] INFO WorkRoomWebApplication - *** Verifying invitation email ***
2025-06-16 17:28:24,568 [main] INFO WorkRoomWebApplication - ************* Launching CHROME Browser *****************
2025-06-16 17:28:26,378 [main] INFO WorkRoomWebApplication - ************* Browser Launched and Maximized *****************
2025-06-16 17:28:27,861 [main] INFO WorkRoomWebApplication - ************* Get The Application URL  *****************
2025-06-16 17:28:31,619 [main] INFO WorkRoomWebApplication - ************* Enter the Email *****************
2025-06-16 17:28:32,216 [main] INFO WorkRoomWebApplication - ************* Enter the Password *****************
2025-06-16 17:28:36,768 [main] INFO WorkRoomWebApplication - ************* Click on the Login Button *****************
2025-06-16 17:28:37,132 [main] INFO WorkRoomWebApplication - *** Moving to employee page ***
2025-06-16 17:28:43,839 [main] INFO WorkRoomWebApplication - *** Clicked Add Employee Button ***
2025-06-16 17:28:44,115 [main] INFO WorkRoomWebApplication - *** Filling up employee name ***
2025-06-16 17:28:44,667 [main] INFO WorkRoomWebApplication - *** Filling up employee email ***
2025-06-16 17:28:45,129 [main] INFO WorkRoomWebApplication - *** Filling up employee phonenumber ***
2025-06-16 17:28:45,600 [main] INFO WorkRoomWebApplication - *** Filling up employee Address ***
2025-06-16 17:28:46,179 [main] INFO WorkRoomWebApplication - *** Filling up employee City ***
2025-06-16 17:28:46,490 [main] INFO WorkRoomWebApplication - *** Selecting the Employee country ***
2025-06-16 17:28:49,442 [main] INFO WorkRoomWebApplication - *** Clicked show radio button ***
2025-06-16 17:28:49,734 [main] INFO WorkRoomWebApplication - *** Upload employee image ***
2025-06-16 17:28:49,908 [main] INFO WorkRoomWebApplication - *** Clicked on save button***
2025-06-16 17:29:00,430 [main] INFO WorkRoomWebApplication - *** Check for the Toast Message ***
2025-06-16 17:29:00,543 [main] INFO WorkRoomWebApplication - *** Verifying invitation email ***
2025-06-16 18:02:05,304 [main] INFO WorkRoomWebApplication - ************* Launching CHROME Browser *****************
2025-06-16 18:02:06,385 [main] INFO WorkRoomWebApplication - ************* Browser Launched and Maximized *****************
2025-06-16 18:02:07,357 [main] INFO WorkRoomWebApplication - ************* Get The Application URL  *****************
2025-06-16 18:02:10,929 [main] INFO WorkRoomWebApplication - ************* Enter the Email *****************
2025-06-16 18:02:11,154 [main] INFO WorkRoomWebApplication - ************* Enter the Password *****************
2025-06-16 18:02:15,311 [main] INFO WorkRoomWebApplication - ************* Click on the Login Button *****************
2025-06-16 18:02:15,464 [main] INFO WorkRoomWebApplication - *** Moving to employee page ***
2025-06-16 18:02:21,727 [main] INFO WorkRoomWebApplication - *** Clicked Add Employee Button ***
2025-06-16 18:02:22,041 [main] INFO WorkRoomWebApplication - *** Filling up employee name ***
2025-06-16 18:02:22,269 [main] INFO WorkRoomWebApplication - *** Filling up employee email ***
2025-06-16 18:02:22,477 [main] INFO WorkRoomWebApplication - *** Filling up employee phonenumber ***
2025-06-16 18:02:22,635 [main] INFO WorkRoomWebApplication - *** Filling up employee Address ***
2025-06-16 18:02:22,797 [main] INFO WorkRoomWebApplication - *** Filling up employee City ***
2025-06-16 18:02:22,946 [main] INFO WorkRoomWebApplication - *** Selecting the Employee country ***
2025-06-16 18:02:24,171 [main] INFO WorkRoomWebApplication - *** Clicked show radio button ***
2025-06-16 18:02:24,259 [main] INFO WorkRoomWebApplication - *** Upload employee image ***
2025-06-16 18:02:24,308 [main] INFO WorkRoomWebApplication - *** Clicked on save button***
2025-06-16 18:02:34,387 [main] INFO WorkRoomWebApplication - *** Check for the Toast Message ***
2025-06-16 18:02:34,472 [main] INFO WorkRoomWebApplication - *** Verifying invitation email ***
2025-06-16 18:02:49,730 [main] INFO WorkRoomWebApplication - *** Switched to update password ***
2025-06-17 15:19:31,711 [main] INFO WorkRoomWebApplication - ************* Launching CHROME Browser *****************
2025-06-17 15:26:31,117 [main] INFO WorkRoomWebApplication - ************* Launching EDGE Browser *****************
2025-06-17 20:55:58,967 [main] INFO WorkRoomWebApplication - ************* Launching EDGE Browser *****************
2025-06-17 20:56:00,645 [main] INFO WorkRoomWebApplication - ************* Browser Launched and Maximized *****************
2025-06-17 20:56:01,907 [main] INFO WorkRoomWebApplication - ************* Get The Application URL  *****************
2025-06-17 20:56:06,760 [main] INFO WorkRoomWebApplication - ************* Enter the Email *****************
2025-06-17 20:56:07,234 [main] INFO WorkRoomWebApplication - ************* Enter the Password *****************
2025-06-17 20:56:11,594 [main] INFO WorkRoomWebApplication - ************* Click on the Login Button *****************
2025-06-17 20:56:11,809 [main] INFO WorkRoomWebApplication - *** Moving to employee page ***
2025-06-25 09:31:54,624 [main] INFO WorkRoomWebApplication - ************* Launching EDGE Browser *****************
2025-06-25 09:31:57,263 [main] INFO WorkRoomWebApplication - ************* Browser Launched and Maximized *****************
2025-06-25 09:31:58,881 [main] INFO WorkRoomWebApplication - ************* Get The Application URL  *****************
2025-06-25 09:31:59,329 [main] INFO WorkRoomWebApplication - ************* Enter the Email *****************
2025-06-25 12:17:13,930 [main] INFO WorkRoomWebApplication - ************* Remote WebDriver Launched *****************
2025-06-25 12:17:14,668 [main] INFO WorkRoomWebApplication - ************* Get The Application URL  *****************
2025-06-25 12:17:19,368 [main] INFO WorkRoomWebApplication - ************* Enter the Email *****************
2025-06-25 12:17:19,721 [main] INFO WorkRoomWebApplication - ************* Enter the Password *****************
2025-06-25 12:17:23,965 [main] INFO WorkRoomWebApplication - ************* Click on the Login Button *****************
2025-06-25 12:17:24,234 [main] INFO WorkRoomWebApplication - *** Moving to employee page ***
2025-06-25 12:17:39,523 [main] INFO WorkRoomWebApplication - ************* Quitting Browser *****************
2025-06-25 12:17:39,629 [main] INFO WorkRoomWebApplication - ************* Browser Closed Successfully *****************
2025-06-25 12:18:55,264 [main] INFO WorkRoomWebApplication - ************* Remote WebDriver Launched *****************
2025-06-25 12:18:56,120 [main] INFO WorkRoomWebApplication - ************* Get The Application URL  *****************
2025-06-25 12:19:00,521 [main] INFO WorkRoomWebApplication - ************* Enter the Email *****************
2025-06-25 12:19:00,972 [main] INFO WorkRoomWebApplication - ************* Enter the Password *****************
2025-06-25 12:19:05,244 [main] INFO WorkRoomWebApplication - ************* Click on the Login Button *****************
2025-06-25 12:19:05,530 [main] INFO WorkRoomWebApplication - *** Moving to employee page ***
2025-06-25 12:19:20,782 [main] INFO WorkRoomWebApplication - ************* Quitting Browser *****************
2025-06-25 12:19:20,879 [main] INFO WorkRoomWebApplication - ************* Browser Closed Successfully *****************
2025-06-25 12:20:38,034 [main] INFO WorkRoomWebApplication - ************* Remote WebDriver Launched *****************
2025-06-25 12:20:38,825 [main] INFO WorkRoomWebApplication - ************* Get The Application URL  *****************
2025-06-25 12:20:42,687 [main] INFO WorkRoomWebApplication - ************* Enter the Email *****************
2025-06-25 12:20:43,167 [main] INFO WorkRoomWebApplication - ************* Enter the Password *****************
2025-06-25 12:20:47,437 [main] INFO WorkRoomWebApplication - ************* Click on the Login Button *****************
2025-06-25 12:20:47,854 [main] INFO WorkRoomWebApplication - ************* Check The Application Status Message *****************
2025-06-25 12:21:02,343 [main] INFO WorkRoomWebApplication - ************* Quitting Browser *****************
2025-06-25 12:21:02,469 [main] INFO WorkRoomWebApplication - ************* Browser Closed Successfully *****************
2025-06-25 12:22:36,624 [main] INFO WorkRoomWebApplication - ************* Remote WebDriver Launched *****************
2025-06-25 12:22:37,774 [main] INFO WorkRoomWebApplication - ************* Get The Application URL  *****************
2025-06-25 12:22:42,435 [main] INFO WorkRoomWebApplication - ************* Enter the Email *****************
2025-06-25 12:22:42,868 [main] INFO WorkRoomWebApplication - ************* Enter the Password *****************
2025-06-25 12:22:47,180 [main] INFO WorkRoomWebApplication - ************* Click on the Login Button *****************
2025-06-25 12:22:47,396 [main] INFO WorkRoomWebApplication - ************* Check The Application Status Message *****************
2025-06-25 12:23:03,513 [main] INFO WorkRoomWebApplication - ************* Quitting Browser *****************
2025-06-25 12:23:03,647 [main] INFO WorkRoomWebApplication - ************* Browser Closed Successfully *****************
2025-06-25 12:32:46,046 [main] INFO WorkRoomWebApplication - ************* Remote WebDriver Launched *****************
2025-06-25 12:32:46,869 [main] INFO WorkRoomWebApplication - ************* Get The Application URL  *****************
2025-06-25 12:32:51,467 [main] INFO WorkRoomWebApplication - ************* Enter the Email *****************
2025-06-25 12:32:52,043 [main] INFO WorkRoomWebApplication - ************* Enter the Password *****************
2025-06-25 12:32:56,360 [main] INFO WorkRoomWebApplication - ************* Click on the Login Button *****************
2025-06-25 12:32:56,548 [main] INFO WorkRoomWebApplication - ************* Check The Application Status Message *****************
2025-06-25 12:33:13,094 [main] INFO WorkRoomWebApplication - ************* Quitting Browser *****************
2025-06-25 12:33:13,200 [main] INFO WorkRoomWebApplication - ************* Browser Closed Successfully *****************
2025-06-25 12:34:30,194 [main] INFO WorkRoomWebApplication - ************* Remote WebDriver Launched *****************
2025-06-25 12:34:31,081 [main] INFO WorkRoomWebApplication - ************* Get The Application URL  *****************
2025-06-25 12:34:36,146 [main] INFO WorkRoomWebApplication - ************* Enter the Email *****************
2025-06-25 12:34:36,694 [main] INFO WorkRoomWebApplication - ************* Enter the Password *****************
2025-06-25 12:34:41,027 [main] INFO WorkRoomWebApplication - ************* Click on the Login Button *****************
2025-06-25 12:34:41,397 [main] INFO WorkRoomWebApplication - ************* Check The Application Status Message *****************
2025-06-25 12:34:56,184 [main] INFO WorkRoomWebApplication - ************* Quitting Browser *****************
2025-06-25 12:34:56,319 [main] INFO WorkRoomWebApplication - ************* Browser Closed Successfully *****************
2025-06-25 12:35:16,462 [main] INFO WorkRoomWebApplication - ************* Remote WebDriver Launched *****************
2025-06-25 12:35:17,284 [main] INFO WorkRoomWebApplication - ************* Get The Application URL  *****************
2025-06-25 12:47:54,013 [main] INFO WorkRoomWebApplication - ************* Remote WebDriver Launched *****************
2025-06-25 12:47:54,917 [main] INFO WorkRoomWebApplication - ************* Get The Application URL  *****************
2025-06-25 12:47:58,753 [main] INFO WorkRoomWebApplication - ************* Enter the Email *****************
2025-06-25 12:47:59,439 [main] INFO WorkRoomWebApplication - ************* Enter the Password *****************
2025-06-25 12:48:03,803 [main] INFO WorkRoomWebApplication - ************* Click on the Login Button *****************
2025-06-25 12:48:04,200 [main] INFO WorkRoomWebApplication - ************* Check The Application Status Message *****************
2025-06-25 12:48:20,069 [main] INFO WorkRoomWebApplication - ************* Quitting Browser *****************
2025-06-25 12:48:20,236 [main] INFO WorkRoomWebApplication - ************* Browser Closed Successfully *****************
2025-06-25 12:56:54,363 [main] INFO WorkRoomWebApplication - ************* Remote WebDriver Launched *****************
2025-06-25 12:56:55,727 [main] INFO WorkRoomWebApplication - ************* Get The Application URL  *****************
2025-06-25 12:57:01,311 [main] INFO WorkRoomWebApplication - ************* Enter the Email *****************
2025-06-25 12:57:01,790 [main] INFO WorkRoomWebApplication - ************* Enter the Password *****************
2025-06-25 12:57:06,114 [main] INFO WorkRoomWebApplication - ************* Click on the Login Button *****************
2025-06-25 12:57:06,504 [main] INFO WorkRoomWebApplication - ************* Check The Application Status Message *****************
2025-06-25 12:57:22,878 [main] INFO WorkRoomWebApplication - ************* Quitting Browser *****************
2025-06-25 12:57:23,026 [main] INFO WorkRoomWebApplication - ************* Browser Closed Successfully *****************
2025-06-25 13:01:45,204 [main] INFO WorkRoomWebApplication - ************* Remote WebDriver Launched *****************
2025-06-25 13:01:46,583 [main] INFO WorkRoomWebApplication - ************* Get The Application URL  *****************
2025-06-25 13:01:51,289 [main] INFO WorkRoomWebApplication - ************* Enter the Email *****************
2025-06-25 13:01:51,842 [main] INFO WorkRoomWebApplication - ************* Enter the Password *****************
2025-06-25 13:01:56,158 [main] INFO WorkRoomWebApplication - ************* Click on the Login Button *****************
2025-06-25 13:01:56,341 [main] INFO WorkRoomWebApplication - ************* Check The Application Status Message *****************
2025-06-25 13:02:12,047 [main] INFO WorkRoomWebApplication - ************* Quitting Browser *****************
2025-06-25 13:02:12,218 [main] INFO WorkRoomWebApplication - ************* Browser Closed Successfully *****************
2025-06-25 13:04:38,966 [main] INFO WorkRoomWebApplication - ************* Remote WebDriver Launched *****************
2025-06-25 13:04:39,894 [main] INFO WorkRoomWebApplication - ************* Get The Application URL  *****************
2025-06-25 13:04:43,682 [main] INFO WorkRoomWebApplication - ************* Enter the Email *****************
2025-06-25 13:04:44,147 [main] INFO WorkRoomWebApplication - ************* Enter the Password *****************
2025-06-25 13:04:48,524 [main] INFO WorkRoomWebApplication - ************* Click on the Login Button *****************
2025-06-25 13:04:48,917 [main] INFO WorkRoomWebApplication - ************* Check The Application Status Message *****************
2025-06-25 13:05:04,784 [main] INFO WorkRoomWebApplication - ************* Quitting Browser *****************
2025-06-25 13:05:04,938 [main] INFO WorkRoomWebApplication - ************* Browser Closed Successfully *****************
2025-06-26 15:26:13,132 [main] INFO WorkRoomWebApplication - ************* Remote WebDriver Launched *****************
2025-06-26 15:26:15,063 [main] INFO WorkRoomWebApplication - ************* Get The Application URL  *****************
2025-06-26 15:28:55,977 [main] INFO WorkRoomWebApplication - ************* Quitting Browser *****************
2025-06-26 15:28:56,145 [main] INFO WorkRoomWebApplication - ************* Browser Closed Successfully *****************
2025-06-26 15:29:35,360 [main] INFO WorkRoomWebApplication - ************* Remote WebDriver Launched *****************
2025-06-26 15:29:36,879 [main] INFO WorkRoomWebApplication - ************* Get The Application URL  *****************
2025-06-26 15:29:44,387 [main] INFO WorkRoomWebApplication - ************* Quitting Browser *****************
2025-06-26 15:29:44,553 [main] INFO WorkRoomWebApplication - ************* Browser Closed Successfully *****************
2025-06-26 15:30:48,922 [main] INFO WorkRoomWebApplication - ************* Remote WebDriver Launched *****************
2025-06-26 15:30:50,617 [main] INFO WorkRoomWebApplication - ************* Get The Application URL  *****************
2025-06-26 15:30:58,515 [main] INFO WorkRoomWebApplication - ************* Quitting Browser *****************
2025-06-26 15:30:58,759 [main] INFO WorkRoomWebApplication - ************* Browser Closed Successfully *****************
2025-06-26 15:33:39,863 [main] INFO WorkRoomWebApplication - ************* Remote WebDriver Launched *****************
2025-06-26 15:33:41,524 [main] INFO WorkRoomWebApplication - ************* Get The Application URL  *****************
2025-06-26 15:33:50,307 [main] INFO WorkRoomWebApplication - ************* Quitting Browser *****************
2025-06-26 15:33:50,502 [main] INFO WorkRoomWebApplication - ************* Browser Closed Successfully *****************
2025-06-26 16:23:09,389 [main] INFO WorkRoomWebApplication - ************* Remote WebDriver Launched *****************
2025-06-26 16:23:10,587 [main] INFO WorkRoomWebApplication - ************* Get The Application URL  *****************
2025-06-26 16:23:14,144 [main] INFO WorkRoomWebApplication - ************* Enter the Email *****************
2025-06-26 16:23:14,704 [main] INFO WorkRoomWebApplication - ************* Enter the Password *****************
2025-06-26 16:23:19,047 [main] INFO WorkRoomWebApplication - ************* Click on the Login Button *****************
2025-06-26 16:23:19,207 [main] INFO WorkRoomWebApplication - ************* Check The Application Status Message *****************
2025-06-26 16:23:33,727 [main] INFO WorkRoomWebApplication - ************* Quitting Browser *****************
2025-06-26 16:23:33,888 [main] INFO WorkRoomWebApplication - ************* Browser Closed Successfully *****************
2025-06-26 16:24:05,516 [main] INFO WorkRoomWebApplication - ************* Remote WebDriver Launched *****************
2025-06-26 16:24:06,942 [main] INFO WorkRoomWebApplication - ************* Get The Application URL  *****************
2025-06-26 16:24:12,439 [main] INFO WorkRoomWebApplication - ************* Enter the Email *****************
2025-06-26 16:24:13,024 [main] INFO WorkRoomWebApplication - ************* Enter the Password *****************
2025-06-26 16:24:17,356 [main] INFO WorkRoomWebApplication - ************* Click on the Login Button *****************
2025-06-26 16:24:17,514 [main] INFO WorkRoomWebApplication - *** Moving to employee page ***
2025-06-26 16:24:32,821 [main] INFO WorkRoomWebApplication - ************* Quitting Browser *****************
2025-06-26 16:24:32,969 [main] INFO WorkRoomWebApplication - ************* Browser Closed Successfully *****************
2025-06-26 16:28:35,011 [main] INFO WorkRoomWebApplication - ************* Remote WebDriver Launched *****************
2025-06-26 16:28:36,720 [main] INFO WorkRoomWebApplication - ************* Get The Application URL  *****************
2025-06-26 16:28:39,768 [main] INFO WorkRoomWebApplication - ************* Enter the Email *****************
2025-06-26 16:28:40,560 [main] INFO WorkRoomWebApplication - ************* Enter the Password *****************
2025-06-26 16:28:45,059 [main] INFO WorkRoomWebApplication - ************* Click on the Login Button *****************
2025-06-26 16:28:45,505 [main] INFO WorkRoomWebApplication - *** Moving to employee page ***
2025-06-26 16:28:52,534 [main] INFO WorkRoomWebApplication - *** Clicked Add Employee Button ***
2025-06-26 16:28:53,171 [main] INFO WorkRoomWebApplication - *** Filling up employee name ***
2025-06-26 16:28:53,820 [main] INFO WorkRoomWebApplication - *** Filling up employee email ***
2025-06-26 16:28:54,503 [main] INFO WorkRoomWebApplication - *** Filling up employee phonenumber ***
2025-06-26 16:28:55,048 [main] INFO WorkRoomWebApplication - *** Filling up employee Address ***
2025-06-26 16:28:55,607 [main] INFO WorkRoomWebApplication - *** Filling up employee City ***
2025-06-26 16:28:56,104 [main] INFO WorkRoomWebApplication - *** Selecting the Employee country ***
2025-06-26 16:29:00,764 [main] INFO WorkRoomWebApplication - *** Clicked show radio button ***
2025-06-26 16:29:01,149 [main] INFO WorkRoomWebApplication - *** Upload employee image ***
2025-06-26 16:29:01,796 [main] INFO WorkRoomWebApplication - ************* Quitting Browser *****************
2025-06-26 16:29:01,992 [main] INFO WorkRoomWebApplication - ************* Browser Closed Successfully *****************
2025-06-26 16:31:06,313 [main] INFO WorkRoomWebApplication - ************* Launching CHROME Browser *****************
2025-06-26 16:31:08,074 [main] INFO WorkRoomWebApplication - ************* Browser Launched and Maximized *****************
2025-06-26 16:31:10,111 [main] INFO WorkRoomWebApplication - ************* Get The Application URL  *****************
2025-06-26 16:31:13,006 [main] INFO WorkRoomWebApplication - ************* Enter the Email *****************
2025-06-26 16:31:13,402 [main] INFO WorkRoomWebApplication - ************* Enter the Password *****************
2025-06-26 16:31:17,661 [main] INFO WorkRoomWebApplication - ************* Click on the Login Button *****************
2025-06-26 16:31:17,771 [main] INFO WorkRoomWebApplication - *** Moving to employee page ***
2025-06-26 16:31:24,012 [main] INFO WorkRoomWebApplication - *** Clicked Add Employee Button ***
2025-06-26 16:31:24,357 [main] INFO WorkRoomWebApplication - *** Filling up employee name ***
2025-06-26 16:31:24,643 [main] INFO WorkRoomWebApplication - *** Filling up employee email ***
2025-06-26 16:31:24,931 [main] INFO WorkRoomWebApplication - *** Filling up employee phonenumber ***
2025-06-26 16:31:25,175 [main] INFO WorkRoomWebApplication - *** Filling up employee Address ***
2025-06-26 16:31:25,444 [main] INFO WorkRoomWebApplication - *** Filling up employee City ***
2025-06-26 16:31:25,679 [main] INFO WorkRoomWebApplication - *** Selecting the Employee country ***
2025-06-26 16:31:27,507 [main] INFO WorkRoomWebApplication - *** Clicked show radio button ***
2025-06-26 16:31:27,649 [main] INFO WorkRoomWebApplication - *** Upload employee image ***
2025-06-26 16:31:27,739 [main] INFO WorkRoomWebApplication - *** Clicked on save button***
2025-06-26 16:31:35,934 [main] INFO WorkRoomWebApplication - *** Check for the Toast Message ***
2025-06-26 16:31:46,181 [main] INFO WorkRoomWebApplication - ************* Quitting Browser *****************
2025-06-26 16:31:46,422 [main] INFO WorkRoomWebApplication - ************* Browser Closed Successfully *****************
2025-06-26 16:32:05,824 [main] INFO WorkRoomWebApplication - ************* Launching CHROME Browser *****************
2025-06-26 16:32:08,239 [main] INFO WorkRoomWebApplication - ************* Browser Launched and Maximized *****************
2025-06-26 16:32:10,339 [main] INFO WorkRoomWebApplication - ************* Get The Application URL  *****************
2025-06-26 16:32:13,222 [main] INFO WorkRoomWebApplication - ************* Enter the Email *****************
2025-06-26 16:32:13,666 [main] INFO WorkRoomWebApplication - ************* Enter the Password *****************
2025-06-26 16:32:17,973 [main] INFO WorkRoomWebApplication - ************* Click on the Login Button *****************
2025-06-26 16:32:18,111 [main] INFO WorkRoomWebApplication - *** Moving to employee page ***
2025-06-26 16:32:25,189 [main] INFO WorkRoomWebApplication - *** Clicked Add Employee Button ***
2025-06-26 16:32:25,539 [main] INFO WorkRoomWebApplication - *** Filling up employee name ***
2025-06-26 16:32:25,981 [main] INFO WorkRoomWebApplication - *** Filling up employee email ***
2025-06-26 16:32:26,393 [main] INFO WorkRoomWebApplication - *** Filling up employee phonenumber ***
2025-06-26 16:32:26,719 [main] INFO WorkRoomWebApplication - *** Filling up employee Address ***
2025-06-26 16:32:27,059 [main] INFO WorkRoomWebApplication - *** Filling up employee City ***
2025-06-26 16:32:27,401 [main] INFO WorkRoomWebApplication - *** Selecting the Employee country ***
2025-06-26 16:32:29,828 [main] INFO WorkRoomWebApplication - *** Clicked show radio button ***
2025-06-26 16:32:30,018 [main] INFO WorkRoomWebApplication - *** Upload employee image ***
2025-06-26 16:32:30,124 [main] INFO WorkRoomWebApplication - *** Clicked on save button***
2025-06-26 16:32:43,696 [main] INFO WorkRoomWebApplication - *** Check for the Toast Message ***
2025-06-26 16:32:52,699 [main] INFO WorkRoomWebApplication - ************* Quitting Browser *****************
2025-06-26 16:32:52,731 [main] INFO WorkRoomWebApplication - ************* Browser Closed Successfully *****************
2025-06-26 17:12:07,070 [main] INFO WorkRoomWebApplication - ************* Remote WebDriver Launched *****************
2025-06-26 17:12:08,799 [main] INFO WorkRoomWebApplication - ************* Get The Application URL  *****************
2025-06-26 17:12:12,979 [main] INFO WorkRoomWebApplication - ************* Enter the Email *****************
2025-06-26 17:12:13,455 [main] INFO WorkRoomWebApplication - ************* Enter the Password *****************
2025-06-26 17:12:17,749 [main] INFO WorkRoomWebApplication - ************* Click on the Login Button *****************
2025-06-26 17:12:17,928 [main] INFO WorkRoomWebApplication - *** Moving to employee page ***
2025-06-26 17:12:24,342 [main] INFO WorkRoomWebApplication - *** Clicked Add Employee Button ***
2025-06-26 17:12:24,705 [main] INFO WorkRoomWebApplication - *** Filling up employee name ***
2025-06-26 17:12:25,160 [main] INFO WorkRoomWebApplication - *** Filling up employee email ***
2025-06-26 17:12:25,603 [main] INFO WorkRoomWebApplication - *** Filling up employee phonenumber ***
2025-06-26 17:12:25,941 [main] INFO WorkRoomWebApplication - *** Filling up employee Address ***
2025-06-26 17:12:26,298 [main] INFO WorkRoomWebApplication - *** Filling up employee City ***
2025-06-26 17:12:26,618 [main] INFO WorkRoomWebApplication - *** Selecting the Employee country ***
2025-06-26 17:12:29,497 [main] INFO WorkRoomWebApplication - *** Clicked show radio button ***
2025-06-26 17:12:29,720 [main] INFO WorkRoomWebApplication - *** Upload employee image ***
2025-06-26 17:12:30,293 [main] INFO WorkRoomWebApplication - ************* Quitting Browser *****************
2025-06-26 17:12:30,480 [main] INFO WorkRoomWebApplication - ************* Browser Closed Successfully *****************
2025-06-26 17:13:02,285 [main] INFO WorkRoomWebApplication - ************* Remote WebDriver Launched *****************
2025-06-26 17:13:03,326 [main] INFO WorkRoomWebApplication - ************* Get The Application URL  *****************
2025-06-26 17:13:06,347 [main] INFO WorkRoomWebApplication - ************* Enter the Email *****************
2025-06-26 17:13:06,965 [main] INFO WorkRoomWebApplication - ************* Enter the Password *****************
2025-06-26 17:13:11,296 [main] INFO WorkRoomWebApplication - ************* Click on the Login Button *****************
2025-06-26 17:13:11,565 [main] INFO WorkRoomWebApplication - *** Moving to employee page ***
2025-06-26 17:13:18,116 [main] INFO WorkRoomWebApplication - *** Clicked Add Employee Button ***
2025-06-26 17:13:18,526 [main] INFO WorkRoomWebApplication - *** Filling up employee name ***
2025-06-26 17:13:19,055 [main] INFO WorkRoomWebApplication - *** Filling up employee email ***
2025-06-26 17:13:19,594 [main] INFO WorkRoomWebApplication - *** Filling up employee phonenumber ***
2025-06-26 17:13:20,019 [main] INFO WorkRoomWebApplication - *** Filling up employee Address ***
2025-06-26 17:13:20,470 [main] INFO WorkRoomWebApplication - *** Filling up employee City ***
2025-06-26 17:13:20,872 [main] INFO WorkRoomWebApplication - *** Selecting the Employee country ***
2025-06-26 17:13:24,988 [main] INFO WorkRoomWebApplication - *** Clicked show radio button ***
2025-06-26 17:13:25,295 [main] INFO WorkRoomWebApplication - *** Upload employee image ***
2025-06-26 17:13:25,799 [main] INFO WorkRoomWebApplication - ************* Quitting Browser *****************
2025-06-26 17:13:25,960 [main] INFO WorkRoomWebApplication - ************* Browser Closed Successfully *****************
2025-06-26 17:29:43,559 [main] INFO WorkRoomWebApplication - ************* Remote WebDriver Launched *****************
2025-06-26 17:29:45,184 [main] INFO WorkRoomWebApplication - ************* Get The Application URL  *****************
2025-06-26 17:29:48,286 [main] INFO WorkRoomWebApplication - ************* Enter the Email *****************
2025-06-26 17:29:49,057 [main] INFO WorkRoomWebApplication - ************* Enter the Password *****************
2025-06-26 17:29:53,798 [main] INFO WorkRoomWebApplication - ************* Click on the Login Button *****************
2025-06-26 17:29:54,317 [main] INFO WorkRoomWebApplication - *** Moving to employee page ***
2025-06-26 17:30:01,280 [main] INFO WorkRoomWebApplication - *** Clicked Add Employee Button ***
2025-06-26 17:30:01,729 [main] INFO WorkRoomWebApplication - *** Filling up employee name ***
2025-06-26 17:30:02,616 [main] INFO WorkRoomWebApplication - *** Filling up employee email ***
2025-06-26 17:30:03,791 [main] INFO WorkRoomWebApplication - *** Filling up employee phonenumber ***
2025-06-26 17:30:04,367 [main] INFO WorkRoomWebApplication - *** Filling up employee Address ***
2025-06-26 17:30:04,960 [main] INFO WorkRoomWebApplication - *** Filling up employee City ***
2025-06-26 17:30:05,545 [main] INFO WorkRoomWebApplication - *** Selecting the Employee country ***
2025-06-26 17:30:11,431 [main] INFO WorkRoomWebApplication - *** Clicked show radio button ***
2025-06-26 17:30:11,775 [main] INFO WorkRoomWebApplication - *** Upload employee image ***
2025-06-26 17:35:54,898 [main] INFO WorkRoomWebApplication - ************* Remote WebDriver Launched *****************
2025-06-26 17:35:56,502 [main] INFO WorkRoomWebApplication - ************* Get The Application URL  *****************
2025-06-26 17:35:59,981 [main] INFO WorkRoomWebApplication - ************* Enter the Email *****************
2025-06-26 17:36:00,720 [main] INFO WorkRoomWebApplication - ************* Enter the Password *****************
2025-06-26 17:36:05,362 [main] INFO WorkRoomWebApplication - ************* Click on the Login Button *****************
2025-06-26 17:36:05,779 [main] INFO WorkRoomWebApplication - *** Moving to employee page ***
2025-06-26 17:36:12,766 [main] INFO WorkRoomWebApplication - *** Clicked Add Employee Button ***
2025-06-26 17:36:13,221 [main] INFO WorkRoomWebApplication - *** Filling up employee name ***
2025-06-26 17:36:13,933 [main] INFO WorkRoomWebApplication - *** Filling up employee email ***
2025-06-26 17:36:14,652 [main] INFO WorkRoomWebApplication - *** Filling up employee phonenumber ***
2025-06-26 17:36:15,310 [main] INFO WorkRoomWebApplication - *** Filling up employee Address ***
2025-06-26 17:36:15,975 [main] INFO WorkRoomWebApplication - *** Filling up employee City ***
2025-06-26 17:36:16,690 [main] INFO WorkRoomWebApplication - *** Selecting the Employee country ***
2025-06-26 17:36:22,170 [main] INFO WorkRoomWebApplication - *** Clicked show radio button ***
2025-06-26 17:36:22,582 [main] INFO WorkRoomWebApplication - *** Upload employee image ***
2025-06-26 17:39:55,460 [main] INFO WorkRoomWebApplication - ************* Remote WebDriver Launched *****************
2025-06-26 17:39:57,082 [main] INFO WorkRoomWebApplication - ************* Get The Application URL  *****************
2025-06-26 17:40:00,298 [main] INFO WorkRoomWebApplication - ************* Enter the Email *****************
2025-06-26 17:40:01,142 [main] INFO WorkRoomWebApplication - ************* Enter the Password *****************
2025-06-26 17:40:05,664 [main] INFO WorkRoomWebApplication - ************* Click on the Login Button *****************
2025-06-26 17:40:06,265 [main] INFO WorkRoomWebApplication - *** Moving to employee page ***
2025-06-26 17:40:13,316 [main] INFO WorkRoomWebApplication - *** Clicked Add Employee Button ***
2025-06-26 17:40:13,754 [main] INFO WorkRoomWebApplication - *** Filling up employee name ***
2025-06-26 17:40:14,514 [main] INFO WorkRoomWebApplication - *** Filling up employee email ***
2025-06-26 17:40:15,256 [main] INFO WorkRoomWebApplication - *** Filling up employee phonenumber ***
2025-06-26 17:40:15,756 [main] INFO WorkRoomWebApplication - *** Filling up employee Address ***
2025-06-26 17:40:16,320 [main] INFO WorkRoomWebApplication - *** Filling up employee City ***
2025-06-26 17:40:16,802 [main] INFO WorkRoomWebApplication - *** Selecting the Employee country ***
2025-06-26 17:40:22,390 [main] INFO WorkRoomWebApplication - *** Clicked show radio button ***
2025-06-26 17:40:22,693 [main] INFO WorkRoomWebApplication - *** Upload employee image ***
2025-06-26 17:40:22,892 [main] INFO WorkRoomWebApplication - *** Clicked on save button***
2025-06-26 17:40:36,087 [main] INFO WorkRoomWebApplication - *** Check for the Toast Message ***
2025-06-30 09:35:50,748 [main] INFO WorkRoomWebApplication - ************* Remote WebDriver Launched *****************
2025-06-30 09:35:51,523 [main] INFO WorkRoomWebApplication - ************* Get The Application URL  *****************
2025-06-30 09:39:14,971 [main] INFO WorkRoomWebApplication - ************* Remote WebDriver Launched *****************
2025-06-30 09:39:15,826 [main] INFO WorkRoomWebApplication - ************* Get The Application URL  *****************
2025-06-30 09:43:02,883 [main] INFO WorkRoomWebApplication - ************* Remote WebDriver Launched *****************
2025-06-30 09:43:03,648 [main] INFO WorkRoomWebApplication - ************* Get The Application URL  *****************
2025-06-30 09:43:07,905 [main] INFO WorkRoomWebApplication - ************* Enter the Email *****************
2025-06-30 09:43:08,290 [main] INFO WorkRoomWebApplication - ************* Enter the Password *****************
2025-06-30 09:43:12,556 [main] INFO WorkRoomWebApplication - ************* Click on the Login Button *****************
2025-06-30 09:43:12,992 [main] INFO WorkRoomWebApplication - *** Moving to employee page ***
2025-06-30 11:00:34,654 [main] INFO WorkRoomWebApplication - ************* Remote WebDriver Launched in Headless Mode *****************
2025-06-30 11:00:35,808 [main] INFO WorkRoomWebApplication - ************* Get The Application URL  *****************
2025-06-30 11:00:39,179 [main] INFO WorkRoomWebApplication - ************* Enter the Email *****************
2025-06-30 11:00:39,707 [main] INFO WorkRoomWebApplication - ************* Enter the Password *****************
2025-06-30 11:00:43,981 [main] INFO WorkRoomWebApplication - ************* Click on the Login Button *****************
2025-06-30 11:00:44,265 [main] INFO WorkRoomWebApplication - ************* Check The Application Status Message *****************
2025-07-04 09:47:16,026 [main] INFO WorkRoomWebApplication - ************* Remote WebDriver Launched in Headless Mode *****************
2025-07-04 09:47:16,992 [main] INFO WorkRoomWebApplication - ************* Get The Application URL  *****************
2025-07-04 09:47:20,078 [main] INFO WorkRoomWebApplication - ************* Enter the Email *****************
2025-07-04 09:47:20,322 [main] INFO WorkRoomWebApplication - ************* Enter the Password *****************
2025-07-04 09:47:24,487 [main] INFO WorkRoomWebApplication - ************* Click on the Login Button *****************
2025-07-04 09:47:24,840 [main] INFO WorkRoomWebApplication - *** Moving to employee page ***
2025-07-04 12:58:40,106 [main] INFO WorkRoomWebApplication - ************* Remote WebDriver Launched in Headless Mode *****************
2025-07-04 12:58:41,118 [main] INFO WorkRoomWebApplication - ************* Get The Application URL  *****************
2025-07-04 12:59:11,999 [main] INFO WorkRoomWebApplication - ************* Enter the Email *****************
2025-07-04 14:06:26,375 [main] INFO WorkRoomWebApplication - ************* Remote WebDriver Launched in Headless Mode *****************
2025-07-04 14:06:27,265 [main] INFO WorkRoomWebApplication - ************* Get The Application URL  *****************
2025-07-04 14:08:41,445 [main] INFO WorkRoomWebApplication - ************* Enter the Email *****************
2025-07-04 14:08:46,329 [main] INFO WorkRoomWebApplication - ************* Enter the Password *****************
2025-07-04 14:08:50,561 [main] INFO WorkRoomWebApplication - ************* Click on the Login Button *****************
2025-07-04 14:08:50,740 [main] INFO WorkRoomWebApplication - *** Moving to employee page ***
2025-07-04 15:42:26,924 [main] INFO WorkRoomWebApplication - ************* Remote WebDriver Launched in Headless Mode *****************
2025-07-04 15:42:28,430 [main] INFO WorkRoomWebApplication - ************* Get The Application URL  *****************
2025-07-04 15:42:32,149 [main] INFO WorkRoomWebApplication - ************* Enter the Email *****************
2025-07-04 15:42:33,132 [main] INFO WorkRoomWebApplication - ************* Enter the Password *****************
2025-07-04 15:42:37,792 [main] INFO WorkRoomWebApplication - ************* Click on the Login Button *****************
2025-07-04 15:42:38,380 [main] INFO WorkRoomWebApplication - *** Moving to employee page ***
2025-07-04 15:49:27,329 [main] INFO WorkRoomWebApplication - ************* Remote WebDriver Launched in Headless Mode *****************
2025-08-04 10:25:09,806 [main] INFO WorkRoomWebApplication - ************* Remote WebDriver Launched in Headless Mode *****************
2025-08-04 14:27:55,998 [main] INFO WorkRoomWebApplication - ************* Launching CHROME Browser *****************
2025-08-04 14:27:58,339 [main] INFO WorkRoomWebApplication - ************* Browser Launched and Maximized *****************
2025-08-04 14:28:00,310 [main] INFO WorkRoomWebApplication - ************* Get The Application URL  *****************
2025-08-04 14:56:29,744 [main] INFO WorkRoomWebApplication - ************* Launching CHROME Browser *****************
2025-08-04 14:56:35,442 [main] INFO WorkRoomWebApplication - ************* Browser Launched and Maximized *****************
2025-08-04 14:56:41,330 [main] INFO WorkRoomWebApplication - ************* Get The Application URL  *****************
2025-08-04 14:56:46,508 [main] INFO WorkRoomWebApplication - *** Enter The Share Point Email Id ***
2025-08-04 14:56:47,866 [main] INFO WorkRoomWebApplication - *** click the next button ***
2025-08-04 15:14:42,459 [main] INFO WorkRoomWebApplication - ************* Launching CHROME Browser *****************
2025-08-04 15:14:44,690 [main] INFO WorkRoomWebApplication - ************* Browser Launched and Maximized *****************
2025-08-04 15:14:46,700 [main] INFO WorkRoomWebApplication - ************* Get The Application URL  *****************
2025-08-04 15:14:47,778 [main] INFO WorkRoomWebApplication - *** Enter The Share Point Email Id ***
2025-08-04 15:14:49,260 [main] INFO WorkRoomWebApplication - *** click the next button ***
2025-08-04 15:14:49,651 [main] INFO WorkRoomWebApplication - *** Enter The Password ***
2025-08-04 15:24:57,332 [main] INFO WorkRoomWebApplication - ************* Launching CHROME Browser *****************
2025-08-04 15:24:58,515 [main] INFO WorkRoomWebApplication - ************* Browser Launched and Maximized *****************
2025-08-04 15:24:59,414 [main] INFO WorkRoomWebApplication - ************* Get The Application URL  *****************
2025-08-04 15:25:03,050 [main] INFO WorkRoomWebApplication - *** Enter The Share Point Email Id ***
2025-08-04 15:25:04,039 [main] INFO WorkRoomWebApplication - *** click the next button ***
2025-08-04 15:25:04,146 [main] INFO WorkRoomWebApplication - *** Enter The Password ***
2025-08-04 16:15:30,984 [main] INFO WorkRoomWebApplication - ************* Launching CHROME Browser *****************
2025-08-04 16:15:34,808 [main] INFO WorkRoomWebApplication - ************* Browser Launched and Maximized *****************
2025-08-04 16:15:38,005 [main] INFO WorkRoomWebApplication - ************* Get The Application URL  *****************
2025-08-04 16:15:39,209 [main] INFO WorkRoomWebApplication - *** Enter The Share Point Email Id ***
2025-08-04 16:15:40,685 [main] INFO WorkRoomWebApplication - *** click the next button ***
2025-08-04 16:15:40,896 [main] INFO WorkRoomWebApplication - *** Enter The Password ***
2025-08-04 18:12:38,592 [main] INFO WorkRoomWebApplication - ************* Launching CHROME Browser *****************
2025-08-04 18:12:40,749 [main] INFO WorkRoomWebApplication - ************* Browser Launched and Maximized *****************
2025-08-04 18:12:42,482 [main] INFO WorkRoomWebApplication - ************* Get The Application URL  *****************
2025-08-04 18:12:59,579 [main] INFO WorkRoomWebApplication - *** Enter The Share Point Email Id ***
2025-08-04 18:13:01,034 [main] INFO WorkRoomWebApplication - *** click the next button ***
2025-08-04 18:13:01,377 [main] INFO WorkRoomWebApplication - *** Enter The Password ***
2025-08-05 09:34:47,530 [main] INFO WorkRoomWebApplication - ************* Launching CHROME Browser *****************
2025-08-05 09:34:49,404 [main] INFO WorkRoomWebApplication - ************* Browser Launched and Maximized *****************
2025-08-05 09:34:50,726 [main] INFO WorkRoomWebApplication - ************* Get The Application URL  *****************
2025-08-05 09:34:51,503 [main] INFO WorkRoomWebApplication - *** Enter The Share Point Email Id ***
2025-08-05 09:34:52,393 [main] INFO WorkRoomWebApplication - *** click the next button ***
2025-08-05 09:34:52,508 [main] INFO WorkRoomWebApplication - *** Enter The Password ***
2025-08-05 09:50:34,493 [main] INFO WorkRoomWebApplication - ************* Launching CHROME Browser *****************
2025-08-05 09:50:35,996 [main] INFO WorkRoomWebApplication - ************* Browser Launched and Maximized *****************
2025-08-05 09:50:37,417 [main] INFO WorkRoomWebApplication - ************* Get The Application URL  *****************
2025-08-05 09:50:38,235 [main] INFO WorkRoomWebApplication - *** Enter The Share Point Email Id ***
2025-08-05 09:50:39,128 [main] INFO WorkRoomWebApplication - *** click the next button ***
2025-08-05 09:50:39,233 [main] INFO WorkRoomWebApplication - *** Enter The Password ***
2025-08-05 10:33:30,917 [main] INFO WorkRoomWebApplication - ************* Launching CHROME Browser *****************
2025-08-05 10:33:32,122 [main] INFO WorkRoomWebApplication - ************* Browser Launched and Maximized *****************
2025-08-05 10:33:33,253 [main] INFO WorkRoomWebApplication - ************* Get The Application URL  *****************
2025-08-05 10:34:02,441 [main] INFO WorkRoomWebApplication - *** Enter The Share Point Email Id ***
2025-08-05 10:34:03,448 [main] INFO WorkRoomWebApplication - *** click the next button ***
2025-08-05 10:34:03,597 [main] INFO WorkRoomWebApplication - *** Enter The Password ***
2025-08-05 10:34:05,289 [main] INFO WorkRoomWebApplication - *** clicked on the sign in Button ***
2025-08-05 10:34:07,382 [main] INFO WorkRoomWebApplication - ************* Launching CHROME Browser *****************
2025-08-05 10:34:08,164 [main] INFO WorkRoomWebApplication - ************* Browser Launched and Maximized *****************
2025-08-05 10:34:08,388 [main] INFO WorkRoomWebApplication - ************* Get The Application URL  *****************
2025-08-05 10:34:14,751 [main] INFO WorkRoomWebApplication - *** Enter The Share Point Email Id ***
2025-08-05 10:34:16,026 [main] INFO WorkRoomWebApplication - *** click the next button ***
2025-08-05 10:34:16,144 [main] INFO WorkRoomWebApplication - *** Enter The Password ***
2025-08-05 10:34:17,377 [main] INFO WorkRoomWebApplication - *** clicked on the sign in Button ***
2025-08-05 10:34:18,554 [main] INFO WorkRoomWebApplication - *** clicked on the master side menu ***
2025-08-05 10:34:21,546 [main] INFO WorkRoomWebApplication - *** clicked on the customer sub menu ***
2025-08-05 10:34:22,494 [main] INFO WorkRoomWebApplication - *** clicked on the '+' icon ***
2025-08-05 10:42:27,594 [main] INFO WorkRoomWebApplication - ************* Launching CHROME Browser *****************
2025-08-05 10:42:29,059 [main] INFO WorkRoomWebApplication - ************* Browser Launched and Maximized *****************
2025-08-05 10:42:30,268 [main] INFO WorkRoomWebApplication - ************* Get The Application URL  *****************
2025-08-05 10:42:35,391 [main] INFO WorkRoomWebApplication - *** Enter The Share Point Email Id ***
2025-08-05 10:42:36,254 [main] INFO WorkRoomWebApplication - *** click the next button ***
2025-08-05 10:42:36,380 [main] INFO WorkRoomWebApplication - *** Enter The Password ***
2025-08-05 10:42:37,768 [main] INFO WorkRoomWebApplication - *** clicked on the sign in Button ***
2025-08-05 10:42:39,003 [main] INFO WorkRoomWebApplication - ************* Launching CHROME Browser *****************
2025-08-05 10:42:40,046 [main] INFO WorkRoomWebApplication - ************* Browser Launched and Maximized *****************
2025-08-05 10:42:40,364 [main] INFO WorkRoomWebApplication - ************* Get The Application URL  *****************
2025-08-05 10:42:41,201 [main] INFO WorkRoomWebApplication - *** Enter The Share Point Email Id ***
2025-08-05 10:42:42,028 [main] INFO WorkRoomWebApplication - *** click the next button ***
2025-08-05 10:42:42,140 [main] INFO WorkRoomWebApplication - *** Enter The Password ***
2025-08-05 10:42:43,378 [main] INFO WorkRoomWebApplication - *** clicked on the sign in Button ***
2025-08-05 10:42:44,739 [main] INFO WorkRoomWebApplication - *** clicked on the master side menu ***
2025-08-05 10:42:47,154 [main] INFO WorkRoomWebApplication - *** clicked on the customer sub menu ***
2025-08-05 10:42:49,550 [main] INFO WorkRoomWebApplication - *** clicked on the '+' icon ***
2025-08-05 10:42:50,000 [main] INFO WorkRoomWebApplication - *** Selected the Customer ***
2025-08-05 10:43:08,024 [main] INFO WorkRoomWebApplication - ************* Launching CHROME Browser *****************
2025-08-05 10:43:09,409 [main] INFO WorkRoomWebApplication - ************* Browser Launched and Maximized *****************
2025-08-05 10:43:10,640 [main] INFO WorkRoomWebApplication - ************* Get The Application URL  *****************
2025-08-05 10:43:42,053 [main] INFO WorkRoomWebApplication - *** Enter The Share Point Email Id ***
2025-08-05 10:43:42,938 [main] INFO WorkRoomWebApplication - *** click the next button ***
2025-08-05 10:43:43,049 [main] INFO WorkRoomWebApplication - *** Enter The Password ***
2025-08-05 10:43:45,109 [main] INFO WorkRoomWebApplication - *** clicked on the sign in Button ***
2025-08-05 10:43:46,318 [main] INFO WorkRoomWebApplication - ************* Launching CHROME Browser *****************
2025-08-05 10:43:47,095 [main] INFO WorkRoomWebApplication - ************* Browser Launched and Maximized *****************
2025-08-05 10:43:47,381 [main] INFO WorkRoomWebApplication - ************* Get The Application URL  *****************
2025-08-05 10:43:48,740 [main] INFO WorkRoomWebApplication - *** Enter The Share Point Email Id ***
2025-08-05 10:43:49,826 [main] INFO WorkRoomWebApplication - *** click the next button ***
2025-08-05 10:43:49,966 [main] INFO WorkRoomWebApplication - *** Enter The Password ***
2025-08-05 10:43:51,535 [main] INFO WorkRoomWebApplication - *** clicked on the sign in Button ***
2025-08-05 10:43:53,014 [main] INFO WorkRoomWebApplication - *** clicked on the master side menu ***
2025-08-05 10:43:55,477 [main] INFO WorkRoomWebApplication - *** clicked on the customer sub menu ***
2025-08-05 10:43:58,060 [main] INFO WorkRoomWebApplication - *** clicked on the '+' icon ***
2025-08-05 10:43:58,530 [main] INFO WorkRoomWebApplication - *** Selected the Customer ***
2025-08-05 11:14:01,490 [main] INFO WorkRoomWebApplication - ************* Launching CHROME Browser *****************
2025-08-05 11:14:02,689 [main] INFO WorkRoomWebApplication - ************* Browser Launched and Maximized *****************
2025-08-05 11:14:03,591 [main] INFO WorkRoomWebApplication - ************* Get The Application URL  *****************
2025-08-05 11:14:04,537 [main] INFO WorkRoomWebApplication - *** Enter The Share Point Email Id ***
2025-08-05 11:14:05,308 [main] INFO WorkRoomWebApplication - *** click the next button ***
2025-08-05 11:14:05,418 [main] INFO WorkRoomWebApplication - *** Enter The Password ***
2025-08-05 11:14:06,867 [main] INFO WorkRoomWebApplication - *** clicked on the sign in Button ***
2025-08-05 11:14:08,034 [main] INFO WorkRoomWebApplication - ************* Launching CHROME Browser *****************
2025-08-05 11:14:08,773 [main] INFO WorkRoomWebApplication - ************* Browser Launched and Maximized *****************
2025-08-05 11:14:09,098 [main] INFO WorkRoomWebApplication - ************* Get The Application URL  *****************
2025-08-05 11:14:09,929 [main] INFO WorkRoomWebApplication - *** Enter The Share Point Email Id ***
2025-08-05 11:14:10,903 [main] INFO WorkRoomWebApplication - *** click the next button ***
2025-08-05 11:14:11,073 [main] INFO WorkRoomWebApplication - *** Enter The Password ***
2025-08-05 11:14:12,310 [main] INFO WorkRoomWebApplication - *** clicked on the sign in Button ***
2025-08-05 11:14:13,424 [main] INFO WorkRoomWebApplication - *** clicked on the master side menu ***
2025-08-05 11:14:16,157 [main] INFO WorkRoomWebApplication - *** clicked on the customer sub menu ***
2025-08-05 11:14:18,110 [main] INFO WorkRoomWebApplication - *** clicked on the '+' icon ***
2025-08-05 11:14:18,593 [main] INFO WorkRoomWebApplication - *** Selected the Customer ***
2025-08-05 11:14:21,127 [main] INFO WorkRoomWebApplication - *** Filing up the Customer All the Required field ***
2025-08-05 11:37:01,444 [main] INFO WorkRoomWebApplication - ************* Launching CHROME Browser *****************
2025-08-05 11:37:02,501 [main] INFO WorkRoomWebApplication - ************* Browser Launched and Maximized *****************
2025-08-05 11:37:03,422 [main] INFO WorkRoomWebApplication - ************* Get The Application URL  *****************
2025-08-05 11:37:04,304 [main] INFO WorkRoomWebApplication - *** Enter The Share Point Email Id ***
2025-08-05 11:37:05,198 [main] INFO WorkRoomWebApplication - *** click the next button ***
2025-08-05 11:37:05,300 [main] INFO WorkRoomWebApplication - *** Enter The Password ***
2025-08-05 11:37:06,631 [main] INFO WorkRoomWebApplication - *** clicked on the sign in Button ***
2025-08-05 11:37:08,049 [main] INFO WorkRoomWebApplication - ************* Launching CHROME Browser *****************
2025-08-05 11:37:08,722 [main] INFO WorkRoomWebApplication - ************* Browser Launched and Maximized *****************
2025-08-05 11:37:08,954 [main] INFO WorkRoomWebApplication - ************* Get The Application URL  *****************
2025-08-05 11:37:09,839 [main] INFO WorkRoomWebApplication - *** Enter The Share Point Email Id ***
2025-08-05 11:37:10,773 [main] INFO WorkRoomWebApplication - *** click the next button ***
2025-08-05 11:37:10,924 [main] INFO WorkRoomWebApplication - *** Enter The Password ***
2025-08-05 11:37:12,201 [main] INFO WorkRoomWebApplication - *** clicked on the sign in Button ***
2025-08-05 11:37:13,411 [main] INFO WorkRoomWebApplication - *** clicked on the master side menu ***
2025-08-05 11:37:16,393 [main] INFO WorkRoomWebApplication - *** clicked on the customer sub menu ***
2025-08-05 11:37:18,139 [main] INFO WorkRoomWebApplication - *** clicked on the '+' icon ***
2025-08-05 11:37:18,613 [main] INFO WorkRoomWebApplication - *** Selected the Customer ***
2025-08-05 11:37:19,683 [main] INFO WorkRoomWebApplication - *** Filing up the Customer All the Required field ***
2025-08-05 11:37:22,292 [main] INFO WorkRoomWebApplication - *** clicked the submit button ***
2025-08-05 11:37:22,416 [main] INFO WorkRoomWebApplication - *** clicked the Success ok Button ***
2025-08-05 11:40:33,926 [main] INFO WorkRoomWebApplication - ************* Launching CHROME Browser *****************
2025-08-05 11:40:35,181 [main] INFO WorkRoomWebApplication - ************* Browser Launched and Maximized *****************
2025-08-05 11:40:36,452 [main] INFO WorkRoomWebApplication - ************* Get The Application URL  *****************
2025-08-05 11:40:37,519 [main] INFO WorkRoomWebApplication - *** Enter The Share Point Email Id ***
2025-08-05 11:40:38,474 [main] INFO WorkRoomWebApplication - *** click the next button ***
2025-08-05 11:40:38,594 [main] INFO WorkRoomWebApplication - *** Enter The Password ***
2025-08-05 11:40:40,302 [main] INFO WorkRoomWebApplication - *** clicked on the sign in Button ***
2025-08-05 11:40:42,085 [main] INFO WorkRoomWebApplication - ************* Launching CHROME Browser *****************
2025-08-05 11:40:42,991 [main] INFO WorkRoomWebApplication - ************* Browser Launched and Maximized *****************
2025-08-05 11:40:43,449 [main] INFO WorkRoomWebApplication - ************* Get The Application URL  *****************
2025-08-05 11:40:44,533 [main] INFO WorkRoomWebApplication - *** Enter The Share Point Email Id ***
2025-08-05 11:40:45,498 [main] INFO WorkRoomWebApplication - *** click the next button ***
2025-08-05 11:40:45,657 [main] INFO WorkRoomWebApplication - *** Enter The Password ***
2025-08-05 11:40:47,269 [main] INFO WorkRoomWebApplication - *** clicked on the sign in Button ***
2025-08-05 11:40:48,701 [main] INFO WorkRoomWebApplication - *** clicked on the master side menu ***
2025-08-05 11:40:51,699 [main] INFO WorkRoomWebApplication - *** clicked on the customer sub menu ***
2025-08-05 11:40:53,102 [main] INFO WorkRoomWebApplication - *** clicked on the '+' icon ***
2025-08-05 11:40:53,573 [main] INFO WorkRoomWebApplication - *** Selected the Customer ***
2025-08-05 11:40:54,572 [main] INFO WorkRoomWebApplication - *** Filing up the Customer All the Required field ***
2025-08-05 11:40:56,782 [main] INFO WorkRoomWebApplication - *** clicked the submit button ***
2025-08-05 11:40:56,885 [main] INFO WorkRoomWebApplication - *** clicked the Success ok Button ***
2025-08-05 11:48:01,042 [main] INFO WorkRoomWebApplication - ************* Launching CHROME Browser *****************
2025-08-05 11:48:02,434 [main] INFO WorkRoomWebApplication - ************* Browser Launched and Maximized *****************
2025-08-05 11:48:03,583 [main] INFO WorkRoomWebApplication - ************* Get The Application URL  *****************
2025-08-05 11:48:19,172 [main] INFO WorkRoomWebApplication - *** Enter The Share Point Email Id ***
2025-08-05 11:48:20,069 [main] INFO WorkRoomWebApplication - *** click the next button ***
2025-08-05 11:48:20,255 [main] INFO WorkRoomWebApplication - *** Enter The Password ***
2025-08-05 11:48:22,080 [main] INFO WorkRoomWebApplication - *** clicked on the sign in Button ***
2025-08-05 11:48:23,843 [main] INFO WorkRoomWebApplication - *** clicked on the master side menu ***
2025-08-05 11:48:28,052 [main] INFO WorkRoomWebApplication - *** clicked on the customer sub menu ***
2025-08-05 11:48:31,190 [main] INFO WorkRoomWebApplication - *** clicked on the '+' icon ***
2025-08-05 11:48:31,686 [main] INFO WorkRoomWebApplication - *** Selected the Customer ***
2025-08-05 11:48:32,897 [main] INFO WorkRoomWebApplication - *** Filing up the Customer All the Required field ***
2025-08-05 11:48:37,427 [main] INFO WorkRoomWebApplication - *** clicked the submit button ***
2025-08-05 11:48:37,596 [main] INFO WorkRoomWebApplication - *** clicked the Success ok Button ***
2025-08-05 11:53:37,823 [main] INFO WorkRoomWebApplication - ************* Launching CHROME Browser *****************
2025-08-05 11:53:39,797 [main] INFO WorkRoomWebApplication - ************* Browser Launched and Maximized *****************
2025-08-05 11:53:41,263 [main] INFO WorkRoomWebApplication - ************* Get The Application URL  *****************
2025-08-05 11:53:42,651 [main] INFO WorkRoomWebApplication - *** Enter The Share Point Email Id ***
2025-08-05 11:53:43,634 [main] INFO WorkRoomWebApplication - *** click the next button ***
2025-08-05 11:53:43,880 [main] INFO WorkRoomWebApplication - *** Enter The Password ***
2025-08-05 11:53:45,415 [main] INFO WorkRoomWebApplication - *** clicked on the sign in Button ***
2025-08-05 11:53:47,086 [main] INFO WorkRoomWebApplication - *** clicked on the master side menu ***
2025-08-05 11:53:50,427 [main] INFO WorkRoomWebApplication - *** clicked on the customer sub menu ***
2025-08-05 11:53:52,170 [main] INFO WorkRoomWebApplication - *** clicked on the '+' icon ***
2025-08-05 11:53:52,703 [main] INFO WorkRoomWebApplication - *** Selected the Customer ***
2025-08-05 11:53:54,260 [main] INFO WorkRoomWebApplication - *** Filing up the Customer All the Required field ***
2025-08-05 11:54:00,332 [main] INFO WorkRoomWebApplication - *** clicked the submit button ***
2025-08-05 11:54:00,628 [main] INFO WorkRoomWebApplication - *** clicked the Success ok Button ***
2025-08-05 11:57:18,882 [main] INFO WorkRoomWebApplication - ************* Remote WebDriver Launched in Headless Mode *****************
2025-08-05 11:57:21,333 [main] INFO WorkRoomWebApplication - ************* Remote WebDriver Launched in Headless Mode *****************
2025-08-05 11:57:23,015 [main] INFO WorkRoomWebApplication - ************* Get The Application URL  *****************
2025-08-05 11:57:24,615 [main] INFO WorkRoomWebApplication - *** Enter The Share Point Email Id ***
2025-08-05 11:57:25,566 [main] INFO WorkRoomWebApplication - *** click the next button ***
2025-08-05 11:57:25,940 [main] INFO WorkRoomWebApplication - *** Enter The Password ***
2025-08-05 11:57:26,978 [main] INFO WorkRoomWebApplication - *** clicked on the sign in Button ***
2025-08-05 11:57:29,166 [main] INFO WorkRoomWebApplication - *** clicked on the master side menu ***
2025-08-05 11:57:33,063 [main] INFO WorkRoomWebApplication - *** clicked on the customer sub menu ***
2025-08-05 11:57:35,338 [main] INFO WorkRoomWebApplication - *** clicked on the '+' icon ***
2025-08-05 11:57:35,911 [main] INFO WorkRoomWebApplication - *** Selected the Customer ***
2025-08-05 11:57:37,411 [main] INFO WorkRoomWebApplication - *** Filing up the Customer All the Required field ***
2025-08-05 11:57:44,190 [main] INFO WorkRoomWebApplication - *** clicked the submit button ***
2025-08-05 11:57:44,590 [main] INFO WorkRoomWebApplication - *** clicked the Success ok Button ***
2025-08-05 11:58:04,277 [main] INFO WorkRoomWebApplication - ************* Remote WebDriver Launched in Headless Mode *****************
2025-08-05 11:58:24,842 [main] INFO WorkRoomWebApplication - ************* Remote WebDriver Launched in Headless Mode *****************
2025-08-05 11:58:26,232 [main] INFO WorkRoomWebApplication - ************* Get The Application URL  *****************
2025-08-05 11:58:27,619 [main] INFO WorkRoomWebApplication - *** Enter The Share Point Email Id ***
2025-08-05 11:58:28,613 [main] INFO WorkRoomWebApplication - *** click the next button ***
2025-08-05 11:58:28,936 [main] INFO WorkRoomWebApplication - *** Enter The Password ***
2025-08-05 11:58:30,307 [main] INFO WorkRoomWebApplication - *** clicked on the sign in Button ***
2025-08-05 11:58:32,238 [main] INFO WorkRoomWebApplication - *** clicked on the master side menu ***
2025-08-05 11:58:36,220 [main] INFO WorkRoomWebApplication - *** clicked on the customer sub menu ***
2025-08-05 11:58:38,498 [main] INFO WorkRoomWebApplication - *** clicked on the '+' icon ***
2025-08-05 11:58:39,104 [main] INFO WorkRoomWebApplication - *** Selected the Customer ***
2025-08-05 11:58:40,477 [main] INFO WorkRoomWebApplication - *** Filing up the Customer All the Required field ***
2025-08-05 11:58:46,533 [main] INFO WorkRoomWebApplication - *** clicked the submit button ***
2025-08-05 11:58:46,912 [main] INFO WorkRoomWebApplication - *** clicked the Success ok Button ***
2025-08-05 12:03:07,028 [main] INFO WorkRoomWebApplication - ************* Launching CHROME Browser *****************
2025-08-05 12:03:09,040 [main] INFO WorkRoomWebApplication - ************* Browser Launched and Maximized *****************
2025-08-05 12:03:10,439 [main] INFO WorkRoomWebApplication - ************* Get The Application URL  *****************
2025-08-05 12:03:24,392 [main] INFO WorkRoomWebApplication - *** Enter The Share Point Email Id ***
2025-08-05 12:03:25,857 [main] INFO WorkRoomWebApplication - *** click the next button ***
2025-08-05 12:03:26,209 [main] INFO WorkRoomWebApplication - *** Enter The Password ***
2025-08-05 12:03:27,451 [main] INFO WorkRoomWebApplication - *** clicked on the sign in Button ***
2025-08-05 12:03:29,193 [main] INFO WorkRoomWebApplication - *** clicked on the master side menu ***
2025-08-05 12:03:32,684 [main] INFO WorkRoomWebApplication - *** clicked on the customer sub menu ***
2025-08-05 12:03:34,394 [main] INFO WorkRoomWebApplication - *** clicked on the '+' icon ***
2025-08-05 12:03:34,933 [main] INFO WorkRoomWebApplication - *** Selected the Customer ***
2025-08-05 12:03:36,715 [main] INFO WorkRoomWebApplication - *** Filing up the Customer All the Required field ***
2025-08-05 12:03:42,760 [main] INFO WorkRoomWebApplication - *** clicked the submit button ***
2025-08-05 12:03:43,033 [main] INFO WorkRoomWebApplication - *** clicked the Success ok Button ***
2025-08-05 12:04:23,082 [main] INFO WorkRoomWebApplication - ************* Remote WebDriver Launched *****************
2025-08-05 12:04:24,447 [main] INFO WorkRoomWebApplication - ************* Get The Application URL  *****************
2025-08-05 12:04:25,646 [main] INFO WorkRoomWebApplication - *** Enter The Share Point Email Id ***
2025-08-05 12:04:26,857 [main] INFO WorkRoomWebApplication - *** click the next button ***
2025-08-05 12:04:27,221 [main] INFO WorkRoomWebApplication - *** Enter The Password ***
2025-08-05 12:04:29,061 [main] INFO WorkRoomWebApplication - *** clicked on the sign in Button ***
2025-08-05 12:04:31,045 [main] INFO WorkRoomWebApplication - *** clicked on the master side menu ***
2025-08-05 12:04:35,321 [main] INFO WorkRoomWebApplication - *** clicked on the customer sub menu ***
2025-08-05 12:04:38,755 [main] INFO WorkRoomWebApplication - *** clicked on the '+' icon ***
2025-08-05 12:04:39,315 [main] INFO WorkRoomWebApplication - *** Selected the Customer ***
2025-08-05 12:04:41,218 [main] INFO WorkRoomWebApplication - *** Filing up the Customer All the Required field ***
2025-08-05 12:04:48,441 [main] INFO WorkRoomWebApplication - *** clicked the submit button ***
2025-08-05 12:04:48,893 [main] INFO WorkRoomWebApplication - *** clicked the Success ok Button ***
2025-08-05 12:04:50,091 [main] INFO WorkRoomWebApplication - ************* Quitting Browser *****************
2025-08-05 12:04:50,343 [main] INFO WorkRoomWebApplication - ************* Browser Closed Successfully *****************
2025-08-05 12:44:55,545 [main] INFO WorkRoomWebApplication - ************* Remote WebDriver Launched in Headless Mode *****************
2025-08-05 12:44:57,950 [main] INFO WorkRoomWebApplication - ************* Remote WebDriver Launched in Headless Mode *****************
2025-08-05 12:44:59,312 [main] INFO WorkRoomWebApplication - ************* Get The Application URL  *****************
2025-08-05 12:45:00,791 [main] INFO WorkRoomWebApplication - *** Enter The Share Point Email Id ***
2025-08-05 12:45:01,864 [main] INFO WorkRoomWebApplication - *** click the next button ***
2025-08-05 12:45:02,087 [main] INFO WorkRoomWebApplication - *** Enter The Password ***
2025-08-05 12:45:03,855 [main] INFO WorkRoomWebApplication - *** clicked on the sign in Button ***
2025-08-05 12:45:05,914 [main] INFO WorkRoomWebApplication - *** clicked on the master side menu ***
2025-08-05 12:45:11,127 [main] INFO WorkRoomWebApplication - *** clicked on the customer sub menu ***
2025-08-05 12:45:13,250 [main] INFO WorkRoomWebApplication - *** clicked on the '+' icon ***
2025-08-05 12:45:13,847 [main] INFO WorkRoomWebApplication - *** Selected the Customer ***
2025-08-05 12:45:15,877 [main] INFO WorkRoomWebApplication - *** Filing up the Customer All the Required field ***
2025-08-05 12:45:21,802 [main] INFO WorkRoomWebApplication - *** clicked the submit button ***
2025-08-05 12:45:22,177 [main] INFO WorkRoomWebApplication - *** clicked the Success ok Button ***
2025-08-05 12:46:54,339 [main] INFO WorkRoomWebApplication - ************* Remote WebDriver Launched *****************
2025-08-05 12:46:55,873 [main] INFO WorkRoomWebApplication - ************* Get The Application URL  *****************
2025-08-05 12:46:57,201 [main] INFO WorkRoomWebApplication - *** Enter The Share Point Email Id ***
2025-08-05 12:46:58,605 [main] INFO WorkRoomWebApplication - *** click the next button ***
2025-08-05 12:46:58,894 [main] INFO WorkRoomWebApplication - *** Enter The Password ***
2025-08-05 12:47:00,692 [main] INFO WorkRoomWebApplication - *** clicked on the sign in Button ***
2025-08-05 12:47:02,559 [main] INFO WorkRoomWebApplication - ************* Quitting Browser *****************
2025-08-05 12:47:02,650 [main] INFO WorkRoomWebApplication - ************* Browser Closed Successfully *****************
2025-08-05 12:47:04,491 [main] INFO WorkRoomWebApplication - ************* Remote WebDriver Launched *****************
2025-08-05 12:47:04,850 [main] INFO WorkRoomWebApplication - ************* Get The Application URL  *****************
2025-08-05 12:47:06,409 [main] INFO WorkRoomWebApplication - *** Enter The Share Point Email Id ***
2025-08-05 12:47:07,546 [main] INFO WorkRoomWebApplication - *** click the next button ***
2025-08-05 12:47:07,841 [main] INFO WorkRoomWebApplication - *** Enter The Password ***
2025-08-05 12:47:09,804 [main] INFO WorkRoomWebApplication - *** clicked on the sign in Button ***
2025-08-05 12:47:12,291 [main] INFO WorkRoomWebApplication - *** clicked on the master side menu ***
2025-08-05 12:47:16,553 [main] INFO WorkRoomWebApplication - *** clicked on the customer sub menu ***
2025-08-05 12:47:19,102 [main] INFO WorkRoomWebApplication - *** clicked on the '+' icon ***
2025-08-05 12:47:19,723 [main] INFO WorkRoomWebApplication - *** Selected the Customer ***
2025-08-05 12:47:21,359 [main] INFO WorkRoomWebApplication - *** Filing up the Customer All the Required field ***
2025-08-05 12:47:28,476 [main] INFO WorkRoomWebApplication - *** clicked the submit button ***
2025-08-05 12:47:28,719 [main] INFO WorkRoomWebApplication - *** clicked the Success ok Button ***
2025-08-05 12:47:30,316 [main] INFO WorkRoomWebApplication - ************* Quitting Browser *****************
2025-08-05 12:47:30,441 [main] INFO WorkRoomWebApplication - ************* Browser Closed Successfully *****************
2025-08-05 12:59:00,887 [main] INFO WorkRoomWebApplication - ************* Remote WebDriver Launched *****************
2025-08-05 12:59:02,245 [main] INFO WorkRoomWebApplication - ************* Get The Application URL  *****************
2025-08-05 12:59:03,389 [main] INFO WorkRoomWebApplication - *** Enter The Share Point Email Id ***
2025-08-05 12:59:04,566 [main] INFO WorkRoomWebApplication - *** click the next button ***
2025-08-05 12:59:04,741 [main] INFO WorkRoomWebApplication - *** Enter The Password ***
2025-08-05 12:59:06,567 [main] INFO WorkRoomWebApplication - *** clicked on the sign in Button ***
2025-08-05 12:59:09,115 [main] INFO WorkRoomWebApplication - ************* Quitting Browser *****************
2025-08-05 12:59:09,275 [main] INFO WorkRoomWebApplication - ************* Browser Closed Successfully *****************
2025-08-05 12:59:10,866 [main] INFO WorkRoomWebApplication - ************* Remote WebDriver Launched *****************
2025-08-05 12:59:11,184 [main] INFO WorkRoomWebApplication - ************* Get The Application URL  *****************
2025-08-05 12:59:12,459 [main] INFO WorkRoomWebApplication - *** Enter The Share Point Email Id ***
2025-08-05 12:59:14,142 [main] INFO WorkRoomWebApplication - *** click the next button ***
2025-08-05 12:59:14,453 [main] INFO WorkRoomWebApplication - *** Enter The Password ***
2025-08-05 12:59:15,972 [main] INFO WorkRoomWebApplication - *** clicked on the sign in Button ***
2025-08-05 12:59:17,742 [main] INFO WorkRoomWebApplication - *** clicked on the master side menu ***
2025-08-05 12:59:22,235 [main] INFO WorkRoomWebApplication - *** clicked on the customer sub menu ***
2025-08-05 12:59:24,829 [main] INFO WorkRoomWebApplication - *** clicked on the '+' icon ***
2025-08-05 12:59:25,425 [main] INFO WorkRoomWebApplication - *** Selected the Customer ***
2025-08-05 12:59:27,445 [main] INFO WorkRoomWebApplication - *** Filing up the Customer All the Required field ***
2025-08-05 12:59:34,078 [main] INFO WorkRoomWebApplication - *** clicked the submit button ***
2025-08-05 12:59:44,382 [main] INFO WorkRoomWebApplication - *** clicked the Success ok Button ***
2025-08-05 12:59:54,609 [main] INFO WorkRoomWebApplication - ************* Quitting Browser *****************
2025-08-05 12:59:54,809 [main] INFO WorkRoomWebApplication - ************* Browser Closed Successfully *****************
2025-08-05 13:01:03,688 [main] INFO WorkRoomWebApplication - ************* Remote WebDriver Launched *****************
2025-08-05 13:01:05,517 [main] INFO WorkRoomWebApplication - *** Enter The Share Point Email Id ***
2025-08-05 13:01:15,785 [main] INFO WorkRoomWebApplication - *** click the next button ***
2025-08-05 13:01:25,879 [main] INFO WorkRoomWebApplication - *** Enter The Password ***
2025-08-05 13:01:36,098 [main] INFO WorkRoomWebApplication - *** clicked on the sign in Button ***
2025-08-05 13:01:46,196 [main] INFO WorkRoomWebApplication - *** clicked on the master side menu ***
2025-08-05 13:01:56,333 [main] INFO WorkRoomWebApplication - *** clicked on the customer sub menu ***
2025-08-05 13:02:40,105 [main] INFO WorkRoomWebApplication - ************* Remote WebDriver Launched *****************
2025-08-05 13:02:41,921 [main] INFO WorkRoomWebApplication - *** Enter The Share Point Email Id ***
2025-08-05 13:02:52,252 [main] INFO WorkRoomWebApplication - *** click the next button ***
2025-08-05 13:03:02,320 [main] INFO WorkRoomWebApplication - *** Enter The Password ***
2025-08-05 13:03:12,449 [main] INFO WorkRoomWebApplication - *** clicked on the sign in Button ***
2025-08-05 13:03:22,560 [main] INFO WorkRoomWebApplication - *** clicked on the master side menu ***
2025-08-05 13:03:32,664 [main] INFO WorkRoomWebApplication - *** clicked on the customer sub menu ***
2025-08-05 13:03:42,762 [main] INFO WorkRoomWebApplication - *** clicked on the '+' icon ***
2025-08-05 13:03:52,846 [main] INFO WorkRoomWebApplication - *** Selected the Customer ***
2025-08-05 13:04:02,939 [main] INFO WorkRoomWebApplication - *** Filing up the Customer All the Required field ***
2025-08-05 13:04:13,006 [main] INFO WorkRoomWebApplication - *** clicked the submit button ***
2025-08-05 13:04:23,052 [main] INFO WorkRoomWebApplication - *** clicked the Success ok Button ***
2025-08-05 13:04:33,154 [main] INFO WorkRoomWebApplication - ************* Quitting Browser *****************
2025-08-05 13:04:33,355 [main] INFO WorkRoomWebApplication - ************* Browser Closed Successfully *****************
2025-08-05 13:08:22,439 [main] INFO WorkRoomWebApplication - ************* Remote WebDriver Launched *****************
2025-08-05 13:08:25,422 [main] INFO WorkRoomWebApplication - *** Enter The Share Point Email Id ***
2025-08-05 13:08:35,638 [main] INFO WorkRoomWebApplication - *** click the next button ***
2025-08-05 13:08:45,861 [main] INFO WorkRoomWebApplication - *** Enter The Password ***
2025-08-05 13:08:56,147 [main] INFO WorkRoomWebApplication - *** clicked on the sign in Button ***
2025-08-05 13:09:06,409 [main] INFO WorkRoomWebApplication - *** clicked on the master side menu ***
2025-08-05 13:09:16,605 [main] INFO WorkRoomWebApplication - *** clicked on the customer sub menu ***
2025-08-05 13:09:26,819 [main] INFO WorkRoomWebApplication - *** clicked on the '+' icon ***
2025-08-05 13:10:29,848 [main] INFO WorkRoomWebApplication - ************* Launching CHROME Browser *****************
2025-08-05 13:10:31,983 [main] INFO WorkRoomWebApplication - ************* Browser Launched and Maximized *****************
2025-08-05 13:10:33,896 [main] INFO WorkRoomWebApplication - *** Enter The Share Point Email Id ***
2025-08-05 13:10:44,034 [main] INFO WorkRoomWebApplication - *** click the next button ***
2025-08-05 13:10:54,546 [main] INFO WorkRoomWebApplication - *** Enter The Password ***
2025-08-05 13:11:31,364 [main] INFO WorkRoomWebApplication - ************* Launching CHROME Browser *****************
2025-08-05 13:11:33,537 [main] INFO WorkRoomWebApplication - ************* Browser Launched and Maximized *****************
2025-08-05 13:11:35,192 [main] INFO WorkRoomWebApplication - *** Enter The Share Point Email Id ***
2025-08-05 13:11:45,281 [main] INFO WorkRoomWebApplication - *** click the next button ***
2025-08-05 13:11:55,764 [main] INFO WorkRoomWebApplication - *** Enter The Password ***
2025-08-05 13:12:06,272 [main] INFO WorkRoomWebApplication - *** clicked on the sign in Button ***
2025-08-05 13:14:20,772 [main] INFO WorkRoomWebApplication - ************* Launching CHROME Browser *****************
2025-08-05 13:14:23,091 [main] INFO WorkRoomWebApplication - ************* Browser Launched and Maximized *****************
2025-08-05 13:14:24,802 [main] INFO WorkRoomWebApplication - *** Enter The Share Point Email Id ***
2025-08-05 13:14:35,163 [main] INFO WorkRoomWebApplication - *** click the next button ***
2025-08-05 13:14:45,418 [main] INFO WorkRoomWebApplication - *** Enter The Password ***
2025-08-05 13:14:55,812 [main] INFO WorkRoomWebApplication - *** clicked on the sign in Button ***
2025-08-05 13:15:06,084 [main] INFO WorkRoomWebApplication - *** clicked on the master side menu ***
2025-08-05 13:15:16,400 [main] INFO WorkRoomWebApplication - *** clicked on the customer sub menu ***
2025-08-05 13:15:26,710 [main] INFO WorkRoomWebApplication - *** clicked on the '+' icon ***
2025-08-05 13:15:37,036 [main] INFO WorkRoomWebApplication - *** Selected the Customer ***
2025-08-05 13:15:47,356 [main] INFO WorkRoomWebApplication - *** Filing up the Customer All the Required field ***
2025-08-05 13:15:57,694 [main] INFO WorkRoomWebApplication - *** clicked the submit button ***
2025-08-05 13:16:08,006 [main] INFO WorkRoomWebApplication - *** clicked the Success ok Button ***
2025-08-05 13:21:31,446 [main] INFO WorkRoomWebApplication - ************* Launching CHROME Browser *****************
2025-08-05 13:21:33,199 [main] INFO WorkRoomWebApplication - ************* Browser Launched and Maximized *****************
2025-08-05 13:21:34,680 [main] INFO WorkRoomWebApplication - *** Enter The Share Point Email Id ***
2025-08-05 13:21:39,143 [main] INFO WorkRoomWebApplication - *** click the next button ***
2025-08-05 13:21:39,203 [main] INFO WorkRoomWebApplication - *** Enter The Password ***
2025-08-05 13:21:39,235 [main] INFO WorkRoomWebApplication - *** clicked on the sign in Button ***
2025-08-05 13:21:39,264 [main] INFO WorkRoomWebApplication - *** clicked on the master side menu ***
2025-08-05 13:21:39,286 [main] INFO WorkRoomWebApplication - *** clicked on the customer sub menu ***
2025-08-05 13:21:39,305 [main] INFO WorkRoomWebApplication - *** clicked on the '+' icon ***
2025-08-05 13:21:39,328 [main] INFO WorkRoomWebApplication - *** Selected the Customer ***
2025-08-05 13:21:39,355 [main] INFO WorkRoomWebApplication - *** Filing up the Customer All the Required field ***
2025-08-05 13:21:39,384 [main] INFO WorkRoomWebApplication - *** clicked the submit button ***
2025-08-05 13:21:39,406 [main] INFO WorkRoomWebApplication - *** clicked the Success ok Button ***
2025-08-05 13:22:09,921 [main] INFO WorkRoomWebApplication - ************* Launching CHROME Browser *****************
2025-08-05 13:22:11,854 [main] INFO WorkRoomWebApplication - ************* Browser Launched and Maximized *****************
2025-08-05 13:22:13,357 [main] INFO WorkRoomWebApplication - *** Enter The Share Point Email Id ***
2025-08-05 13:22:21,114 [main] INFO WorkRoomWebApplication - *** click the next button ***
2025-08-05 13:22:21,155 [main] INFO WorkRoomWebApplication - *** Enter The Password ***
2025-08-05 13:22:21,182 [main] INFO WorkRoomWebApplication - *** clicked on the sign in Button ***
2025-08-05 13:22:21,209 [main] INFO WorkRoomWebApplication - *** clicked on the master side menu ***
2025-08-05 13:22:21,241 [main] INFO WorkRoomWebApplication - *** clicked on the customer sub menu ***
2025-08-05 13:22:21,271 [main] INFO WorkRoomWebApplication - *** clicked on the '+' icon ***
2025-08-05 13:22:21,296 [main] INFO WorkRoomWebApplication - *** Selected the Customer ***
2025-08-05 13:22:21,341 [main] INFO WorkRoomWebApplication - *** Filing up the Customer All the Required field ***
2025-08-05 13:22:21,392 [main] INFO WorkRoomWebApplication - *** clicked the submit button ***
2025-08-05 13:22:21,431 [main] INFO WorkRoomWebApplication - *** clicked the Success ok Button ***
2025-08-05 13:23:22,901 [main] INFO WorkRoomWebApplication - ************* Launching CHROME Browser *****************
2025-08-05 13:23:24,726 [main] INFO WorkRoomWebApplication - ************* Browser Launched and Maximized *****************
2025-08-05 13:23:26,162 [main] INFO WorkRoomWebApplication - ************* Get The Application URL  *****************
2025-08-05 13:23:50,986 [main] INFO WorkRoomWebApplication - *** Enter The Share Point Email Id ***
2025-08-05 13:23:52,026 [main] INFO WorkRoomWebApplication - *** click the next button ***
2025-08-05 13:23:52,216 [main] INFO WorkRoomWebApplication - *** Enter The Password ***
2025-08-05 13:23:53,797 [main] INFO WorkRoomWebApplication - *** clicked on the sign in Button ***
2025-08-05 13:23:55,594 [main] INFO WorkRoomWebApplication - *** clicked on the master side menu ***
2025-08-05 13:23:59,230 [main] INFO WorkRoomWebApplication - *** clicked on the customer sub menu ***
2025-08-05 13:24:00,854 [main] INFO WorkRoomWebApplication - *** clicked on the '+' icon ***
2025-08-05 13:24:01,336 [main] INFO WorkRoomWebApplication - *** Selected the Customer ***
2025-08-05 13:24:02,593 [main] INFO WorkRoomWebApplication - *** Filing up the Customer All the Required field ***
2025-08-05 13:24:07,348 [main] INFO WorkRoomWebApplication - *** clicked the submit button ***
2025-08-05 13:24:17,733 [main] INFO WorkRoomWebApplication - *** clicked the Success ok Button ***
2025-08-05 13:24:55,317 [main] INFO WorkRoomWebApplication - ************* Launching CHROME Browser *****************
2025-08-05 13:24:57,427 [main] INFO WorkRoomWebApplication - ************* Browser Launched and Maximized *****************
2025-08-05 13:24:58,788 [main] INFO WorkRoomWebApplication - ************* Get The Application URL  *****************
2025-08-05 13:25:10,914 [main] INFO WorkRoomWebApplication - *** Enter The Share Point Email Id ***
2025-08-05 13:25:12,194 [main] INFO WorkRoomWebApplication - *** click the next button ***
2025-08-05 13:25:12,397 [main] INFO WorkRoomWebApplication - *** Enter The Password ***
2025-08-05 13:25:13,800 [main] INFO WorkRoomWebApplication - *** clicked on the sign in Button ***
2025-08-05 13:25:15,294 [main] INFO WorkRoomWebApplication - *** clicked on the master side menu ***
2025-08-05 13:25:19,572 [main] INFO WorkRoomWebApplication - *** clicked on the customer sub menu ***
2025-08-05 13:25:21,650 [main] INFO WorkRoomWebApplication - *** clicked on the '+' icon ***
2025-08-05 13:25:22,117 [main] INFO WorkRoomWebApplication - *** Selected the Customer ***
2025-08-05 13:25:23,948 [main] INFO WorkRoomWebApplication - *** Filing up the Customer All the Required field ***
2025-08-05 13:25:28,719 [main] INFO WorkRoomWebApplication - *** clicked the submit button ***
2025-08-05 13:25:39,164 [main] INFO WorkRoomWebApplication - *** clicked the Success ok Button ***
2025-08-05 13:28:00,146 [main] INFO WorkRoomWebApplication - ************* Launching CHROME Browser *****************
2025-08-05 13:28:02,258 [main] INFO WorkRoomWebApplication - ************* Browser Launched and Maximized *****************
2025-08-05 13:28:03,663 [main] INFO WorkRoomWebApplication - ************* Get The Application URL  *****************
2025-08-05 13:28:05,877 [main] INFO WorkRoomWebApplication - *** Enter The Share Point Email Id ***
2025-08-05 13:28:07,277 [main] INFO WorkRoomWebApplication - *** click the next button ***
2025-08-05 13:28:07,556 [main] INFO WorkRoomWebApplication - *** Enter The Password ***
2025-08-05 13:28:09,190 [main] INFO WorkRoomWebApplication - *** clicked on the sign in Button ***
2025-08-05 13:28:11,319 [main] INFO WorkRoomWebApplication - *** clicked on the master side menu ***
2025-08-05 13:28:14,835 [main] INFO WorkRoomWebApplication - *** clicked on the customer sub menu ***
2025-08-05 13:28:16,254 [main] INFO WorkRoomWebApplication - *** clicked on the '+' icon ***
2025-08-05 13:28:16,737 [main] INFO WorkRoomWebApplication - *** Selected the Customer ***
2025-08-05 13:28:18,224 [main] INFO WorkRoomWebApplication - *** Filing up the Customer All the Required field ***
2025-08-05 13:28:23,636 [main] INFO WorkRoomWebApplication - *** clicked the submit button ***
2025-08-05 13:28:23,864 [main] INFO WorkRoomWebApplication - *** clicked the Success ok Button ***
2025-08-05 14:20:07,131 [main] INFO WorkRoomWebApplication - ************* Launching CHROME Browser *****************
2025-08-05 14:20:08,929 [main] INFO WorkRoomWebApplication - ************* Browser Launched and Maximized *****************
2025-08-05 14:20:10,339 [main] INFO WorkRoomWebApplication - ************* Get The Application URL  *****************
2025-08-05 14:20:12,057 [main] INFO WorkRoomWebApplication - *** Enter The Share Point Email Id ***
2025-08-05 14:20:13,309 [main] INFO WorkRoomWebApplication - *** click the next button ***
2025-08-05 14:20:13,547 [main] INFO WorkRoomWebApplication - *** Enter The Password ***
2025-08-05 14:20:14,949 [main] INFO WorkRoomWebApplication - *** clicked on the sign in Button ***
2025-08-05 14:20:16,825 [main] INFO WorkRoomWebApplication - *** clicked on the master side menu ***
2025-08-05 14:21:42,023 [main] INFO WorkRoomWebApplication - ************* Launching CHROME Browser *****************
2025-08-05 14:21:44,214 [main] INFO WorkRoomWebApplication - ************* Browser Launched and Maximized *****************
2025-08-05 14:21:45,972 [main] INFO WorkRoomWebApplication - ************* Get The Application URL  *****************
2025-08-05 14:21:47,045 [main] INFO WorkRoomWebApplication - *** Enter The Share Point Email Id ***
2025-08-05 14:21:48,399 [main] INFO WorkRoomWebApplication - *** click the next button ***
2025-08-05 14:21:48,775 [main] INFO WorkRoomWebApplication - *** Enter The Password ***
2025-08-05 14:21:50,288 [main] INFO WorkRoomWebApplication - *** clicked on the sign in Button ***
2025-08-05 14:21:51,746 [main] INFO WorkRoomWebApplication - *** clicked on the master side menu ***
2025-08-05 14:21:54,790 [main] INFO WorkRoomWebApplication - *** clicked on the customer sub menu ***
2025-08-05 14:21:56,290 [main] INFO WorkRoomWebApplication - *** clicked on the '+' icon ***
2025-08-05 14:21:56,785 [main] INFO WorkRoomWebApplication - *** Selected the Customer ***
2025-08-05 14:21:57,845 [main] INFO WorkRoomWebApplication - *** Filing up the Customer All the Required field ***
2025-08-05 14:22:03,117 [main] INFO WorkRoomWebApplication - *** clicked the submit button ***
2025-08-05 14:22:03,345 [main] INFO WorkRoomWebApplication - *** clicked the Success ok Button ***
2025-08-06 13:02:30,646 [main] INFO MaterialManagementSharePointApplication - ************* Remote WebDriver Launched in Headless Mode *****************
2025-08-06 13:02:32,630 [main] INFO MaterialManagementSharePointApplication - ************* Remote WebDriver Launched in Headless Mode *****************
2025-08-06 13:02:33,543 [main] INFO MaterialManagementSharePointApplication - ************* Get The Application URL  *****************
2025-08-06 13:02:34,537 [main] INFO MaterialManagementSharePointApplication - *** Enter The Share Point Email Id ***
2025-08-06 13:02:35,298 [main] INFO MaterialManagementSharePointApplication - *** click the next button ***
2025-08-06 13:02:35,401 [main] INFO MaterialManagementSharePointApplication - *** Enter The Password ***
2025-08-06 13:02:36,715 [main] INFO MaterialManagementSharePointApplication - *** clicked on the sign in Button ***
2025-08-06 13:02:38,432 [main] INFO MaterialManagementSharePointApplication - ************* Remote WebDriver Launched in Headless Mode *****************
2025-08-06 13:17:19,873 [main] INFO MaterialManagementSharePointApplication - ************* Remote WebDriver Launched in Headless Mode *****************
2025-08-06 13:17:21,008 [main] INFO MaterialManagementSharePointApplication - ************* Remote WebDriver Launched in Headless Mode *****************
2025-08-06 13:17:21,832 [main] INFO MaterialManagementSharePointApplication - ************* Get The Application URL  *****************
2025-08-06 13:17:23,822 [main] INFO MaterialManagementSharePointApplication - *** Enter The Share Point Email Id ***
2025-08-06 13:17:24,674 [main] INFO MaterialManagementSharePointApplication - *** click the next button ***
2025-08-06 13:17:24,816 [main] INFO MaterialManagementSharePointApplication - *** Enter The Password ***
2025-08-06 13:17:26,614 [main] INFO MaterialManagementSharePointApplication - *** clicked on the sign in Button ***
2025-08-06 13:17:28,605 [main] INFO MaterialManagementSharePointApplication - ************* Remote WebDriver Launched in Headless Mode *****************
2025-08-06 13:22:22,853 [main] INFO MaterialManagementSharePointApplication - ************* Get The Application URL  *****************
2025-08-06 13:22:26,022 [main] INFO MaterialManagementSharePointApplication - *** Enter The Share Point Email Id ***
2025-08-06 13:22:27,033 [main] INFO MaterialManagementSharePointApplication - *** click the next button ***
2025-08-06 13:22:27,152 [main] INFO MaterialManagementSharePointApplication - *** Enter The Password ***
2025-08-06 13:22:28,804 [main] INFO MaterialManagementSharePointApplication - *** clicked on the sign in Button ***
2025-08-06 13:23:43,453 [main] INFO MaterialManagementSharePointApplication - ************* Get The Application URL  *****************
2025-08-06 13:23:48,510 [main] INFO MaterialManagementSharePointApplication - *** Enter The Share Point Email Id ***
2025-08-06 13:23:49,416 [main] INFO MaterialManagementSharePointApplication - *** click the next button ***
2025-08-06 13:23:49,598 [main] INFO MaterialManagementSharePointApplication - *** Enter The Password ***
2025-08-06 13:23:51,013 [main] INFO MaterialManagementSharePointApplication - *** clicked on the sign in Button ***
2025-08-06 13:23:52,384 [main] INFO MaterialManagementSharePointApplication - *** clicked on the master side menu ***
2025-08-06 13:23:55,280 [main] INFO MaterialManagementSharePointApplication - *** clicked on the customer sub menu ***
2025-08-06 13:23:55,294 [main] INFO MaterialManagementSharePointApplication - *** clicked on the '+' icon ***
2025-08-06 13:23:55,305 [main] INFO MaterialManagementSharePointApplication - *** Selected the Customer ***
2025-08-06 13:23:55,329 [main] INFO MaterialManagementSharePointApplication - *** Filing up the Customer All the Required field ***
2025-08-06 13:23:55,347 [main] INFO MaterialManagementSharePointApplication - *** clicked the submit button ***
2025-08-06 13:23:55,368 [main] INFO MaterialManagementSharePointApplication - *** clicked the Success ok Button ***
2025-08-06 14:41:30,702 [main] INFO MaterialManagementSharePointApplication - ************* Get The Application URL  *****************
2025-08-06 14:41:31,891 [main] INFO MaterialManagementSharePointApplication - *** Enter The Share Point Email Id ***
2025-08-06 14:41:32,836 [main] INFO MaterialManagementSharePointApplication - *** click the next button ***
2025-08-06 14:41:32,963 [main] INFO MaterialManagementSharePointApplication - *** Enter The Password ***
2025-08-06 14:41:34,285 [main] INFO MaterialManagementSharePointApplication - *** clicked on the sign in Button ***
2025-08-06 14:41:35,908 [main] INFO MaterialManagementSharePointApplication - ************* Get The Application URL  *****************
2025-08-06 14:41:36,832 [main] INFO MaterialManagementSharePointApplication - *** Enter The Share Point Email Id ***
2025-08-06 14:41:37,565 [main] INFO MaterialManagementSharePointApplication - *** click the next button ***
2025-08-06 14:41:37,658 [main] INFO MaterialManagementSharePointApplication - *** Enter The Password ***
2025-08-06 14:41:39,679 [main] INFO MaterialManagementSharePointApplication - *** clicked on the sign in Button ***
2025-08-06 14:41:40,813 [main] INFO MaterialManagementSharePointApplication - *** clicked on the master side menu ***
2025-08-06 14:41:45,171 [main] INFO MaterialManagementSharePointApplication - *** clicked on the customer sub menu ***
2025-08-06 14:41:46,361 [main] INFO MaterialManagementSharePointApplication - *** clicked on the '+' icon ***
2025-08-06 14:41:46,786 [main] INFO MaterialManagementSharePointApplication - *** Selected the Customer ***
2025-08-06 14:41:47,779 [main] INFO MaterialManagementSharePointApplication - *** Filing up the Customer All the Required field ***
2025-08-06 14:41:50,204 [main] INFO MaterialManagementSharePointApplication - *** clicked the submit button ***
2025-08-06 14:41:50,326 [main] INFO MaterialManagementSharePointApplication - *** clicked the Success ok Button ***
2025-08-06 14:54:16,744 [main] INFO MaterialManagementSharePointApplication - ************* Get The Application URL  *****************
2025-08-06 14:54:18,290 [main] INFO MaterialManagementSharePointApplication - *** Enter The Share Point Email Id ***
2025-08-06 14:54:19,258 [main] INFO MaterialManagementSharePointApplication - *** click the next button ***
2025-08-06 14:54:19,469 [main] INFO MaterialManagementSharePointApplication - *** Enter The Password ***
2025-08-06 14:54:21,458 [main] INFO MaterialManagementSharePointApplication - *** clicked on the sign in Button ***
2025-08-06 14:54:24,114 [main] INFO MaterialManagementSharePointApplication - ************* Get The Application URL  *****************
2025-08-06 14:54:26,786 [main] INFO MaterialManagementSharePointApplication - *** Enter The Share Point Email Id ***
2025-08-06 14:54:27,536 [main] INFO MaterialManagementSharePointApplication - *** click the next button ***
2025-08-06 14:54:27,664 [main] INFO MaterialManagementSharePointApplication - *** Enter The Password ***
2025-08-06 14:54:29,129 [main] INFO MaterialManagementSharePointApplication - *** clicked on the sign in Button ***
2025-08-06 14:54:30,758 [main] INFO MaterialManagementSharePointApplication - *** clicked on the master side menu ***
2025-08-06 14:55:01,521 [main] INFO MaterialManagementSharePointApplication - *** clicked on the customer sub menu ***
2025-08-06 14:55:03,212 [main] INFO MaterialManagementSharePointApplication - *** clicked on the '+' icon ***
2025-08-06 14:55:03,722 [main] INFO MaterialManagementSharePointApplication - *** Selected the Customer ***
2025-08-06 14:55:04,966 [main] INFO MaterialManagementSharePointApplication - *** Filing up the Customer All the Required field ***
2025-08-06 14:55:07,111 [main] INFO MaterialManagementSharePointApplication - *** clicked the submit button ***
2025-08-06 14:55:07,219 [main] INFO MaterialManagementSharePointApplication - *** clicked the Success ok Button ***
2025-08-06 14:55:09,108 [main] INFO MaterialManagementSharePointApplication - ************* Get The Application URL  *****************
2025-08-06 14:55:10,440 [main] INFO MaterialManagementSharePointApplication - *** Enter The Share Point Email Id ***
2025-08-06 14:55:11,143 [main] INFO MaterialManagementSharePointApplication - *** click the next button ***
2025-08-06 14:55:11,238 [main] INFO MaterialManagementSharePointApplication - *** Enter The Password ***
2025-08-06 14:55:12,780 [main] INFO MaterialManagementSharePointApplication - *** clicked on the sign in Button ***
2025-08-06 14:55:14,076 [main] INFO MaterialManagementSharePointApplication - *** clicked on the master side menu ***
2025-08-06 14:55:17,858 [main] INFO MaterialManagementSharePointApplication - *** clicked on the customer sub menu ***
2025-08-06 14:55:19,286 [main] INFO MaterialManagementSharePointApplication - *** clicked on the '+' icon ***
2025-08-06 14:55:19,861 [main] INFO MaterialManagementSharePointApplication - *** Selected the Customer ***
2025-08-06 14:55:20,982 [main] INFO MaterialManagementSharePointApplication - *** Filing up the Customer All the Required field ***
2025-08-06 14:55:23,076 [main] INFO MaterialManagementSharePointApplication - *** clicked the submit button ***
2025-08-06 14:55:23,174 [main] INFO MaterialManagementSharePointApplication - *** clicked the Success ok Button ***
2025-08-06 15:00:50,709 [main] INFO WorkRoomWebApplication - ************* Launching CHROME Browser *****************
2025-08-06 15:00:51,959 [main] INFO WorkRoomWebApplication - ************* Browser Launched and Maximized *****************
2025-08-06 15:00:52,960 [main] INFO WorkRoomWebApplication - ************* Get The Application URL  *****************
2025-08-06 15:00:54,088 [main] INFO WorkRoomWebApplication - *** Enter The Share Point Email Id ***
2025-08-06 15:00:54,852 [main] INFO WorkRoomWebApplication - *** click the next button ***
2025-08-06 15:00:54,959 [main] INFO WorkRoomWebApplication - *** Enter The Password ***
2025-08-06 15:00:56,456 [main] INFO WorkRoomWebApplication - *** clicked on the sign in Button ***
2025-08-06 15:00:57,758 [main] INFO WorkRoomWebApplication - *** clicked on the master side menu ***
2025-08-06 15:01:02,780 [main] INFO WorkRoomWebApplication - *** clicked on the customer sub menu ***
2025-08-06 15:01:04,168 [main] INFO WorkRoomWebApplication - *** clicked on the '+' icon ***
2025-08-06 15:01:04,633 [main] INFO WorkRoomWebApplication - *** Selected the Customer ***
2025-08-06 15:01:05,654 [main] INFO WorkRoomWebApplication - *** clicked the Submit Button ***
2025-08-06 15:37:08,733 [main] INFO WorkRoomWebApplication - ************* Launching CHROME Browser *****************
2025-08-06 15:37:09,831 [main] INFO WorkRoomWebApplication - ************* Browser Launched and Maximized *****************
2025-08-06 15:37:10,890 [main] INFO WorkRoomWebApplication - ************* Get The Application URL  *****************
2025-08-06 15:37:12,556 [main] INFO WorkRoomWebApplication - *** Enter The Share Point Email Id ***
2025-08-06 15:37:13,863 [main] INFO WorkRoomWebApplication - *** click the next button ***
2025-08-06 15:37:13,988 [main] INFO WorkRoomWebApplication - *** Enter The Password ***
2025-08-06 15:37:15,835 [main] INFO WorkRoomWebApplication - *** clicked on the sign in Button ***
2025-08-06 15:37:17,250 [main] INFO WorkRoomWebApplication - *** clicked on the master side menu ***
2025-08-06 15:37:55,952 [main] INFO WorkRoomWebApplication - *** clicked on the customer sub menu ***
2025-08-06 15:37:57,351 [main] INFO WorkRoomWebApplication - *** clicked on the '+' icon ***
2025-08-06 15:37:57,846 [main] INFO WorkRoomWebApplication - *** Selected the Customer ***
2025-08-06 15:37:59,006 [main] INFO WorkRoomWebApplication - *** Clicking the Submit Button ***
2025-08-06 15:37:59,471 [main] INFO WorkRoomWebApplication - *** Checking For The Error Message ***
2025-08-06 15:41:03,067 [main] INFO WorkRoomWebApplication - ************* Launching CHROME Browser *****************
2025-08-06 15:41:04,152 [main] INFO WorkRoomWebApplication - ************* Browser Launched and Maximized *****************
2025-08-06 15:41:05,190 [main] INFO WorkRoomWebApplication - ************* Get The Application URL  *****************
2025-08-06 15:41:06,306 [main] INFO WorkRoomWebApplication - *** Enter The Share Point Email Id ***
2025-08-06 15:41:07,081 [main] INFO WorkRoomWebApplication - *** click the next button ***
2025-08-06 15:41:07,203 [main] INFO WorkRoomWebApplication - *** Enter The Password ***
2025-08-06 15:41:08,834 [main] INFO WorkRoomWebApplication - *** clicked on the sign in Button ***
2025-08-06 15:41:10,152 [main] INFO WorkRoomWebApplication - *** clicked on the master side menu ***
2025-08-06 15:41:14,143 [main] INFO WorkRoomWebApplication - *** clicked on the customer sub menu ***
2025-08-06 15:41:15,604 [main] INFO WorkRoomWebApplication - *** clicked on the '+' icon ***
2025-08-06 15:41:16,048 [main] INFO WorkRoomWebApplication - *** Selected the Customer ***
2025-08-06 15:41:17,077 [main] INFO WorkRoomWebApplication - *** Clicking the Submit Button ***
2025-08-06 15:41:17,658 [main] INFO WorkRoomWebApplication - *** Checking For The Error Message ***
2025-08-06 15:41:17,988 [main] INFO WorkRoomWebApplication - ************* Quitting Browser *****************
2025-08-06 15:41:18,123 [main] INFO WorkRoomWebApplication - ************* Browser Closed Successfully *****************
2025-08-06 15:45:54,870 [main] INFO MaterialManagementSharePointApplication - ************* Browser Launched Successfully *****************
2025-08-06 15:45:55,710 [main] INFO MaterialManagementSharePointApplication - ************* Get The Application URL  *****************
2025-08-06 15:45:57,539 [main] INFO MaterialManagementSharePointApplication - *** Enter The Share Point Email Id ***
2025-08-06 15:45:58,851 [main] INFO MaterialManagementSharePointApplication - *** click the next button ***
2025-08-06 15:45:59,086 [main] INFO MaterialManagementSharePointApplication - *** Enter The Password ***
2025-08-06 15:46:00,393 [main] INFO MaterialManagementSharePointApplication - *** clicked on the sign in Button ***
2025-08-06 15:46:03,286 [main] INFO MaterialManagementSharePointApplication - *** clicked on the master side menu ***
2025-08-06 15:48:52,946 [main] INFO MaterialManagementSharePointApplication - ************* Get The Application URL  *****************
2025-08-06 15:48:54,075 [main] INFO MaterialManagementSharePointApplication - *** Enter The Share Point Email Id ***
2025-08-06 15:48:55,042 [main] INFO MaterialManagementSharePointApplication - *** click the next button ***
2025-08-06 15:48:55,151 [main] INFO MaterialManagementSharePointApplication - *** Enter The Password ***
2025-08-06 15:48:56,487 [main] INFO MaterialManagementSharePointApplication - *** clicked on the sign in Button ***
2025-08-06 15:48:59,271 [main] INFO MaterialManagementSharePointApplication - ************* Get The Application URL  *****************
2025-08-06 15:49:00,046 [main] INFO MaterialManagementSharePointApplication - *** Enter The Share Point Email Id ***
2025-08-06 15:49:00,952 [main] INFO MaterialManagementSharePointApplication - *** click the next button ***
2025-08-06 15:49:01,049 [main] INFO MaterialManagementSharePointApplication - *** Enter The Password ***
2025-08-06 15:49:02,387 [main] INFO MaterialManagementSharePointApplication - *** clicked on the sign in Button ***
2025-08-06 15:49:04,030 [main] INFO MaterialManagementSharePointApplication - ************* Get The Application URL  *****************
2025-08-06 15:49:04,858 [main] INFO MaterialManagementSharePointApplication - *** Enter The Share Point Email Id ***
2025-08-06 15:49:05,777 [main] INFO MaterialManagementSharePointApplication - *** click the next button ***
2025-08-06 15:49:05,868 [main] INFO MaterialManagementSharePointApplication - *** Enter The Password ***
2025-08-06 15:49:07,092 [main] INFO MaterialManagementSharePointApplication - *** clicked on the sign in Button ***
2025-08-06 15:49:08,322 [main] INFO MaterialManagementSharePointApplication - *** clicked on the master side menu ***
2025-08-06 15:49:12,061 [main] INFO MaterialManagementSharePointApplication - *** clicked on the customer sub menu ***
2025-08-06 15:49:13,093 [main] INFO MaterialManagementSharePointApplication - *** clicked on the '+' icon ***
2025-08-06 15:49:13,605 [main] INFO MaterialManagementSharePointApplication - *** Selected the Customer ***
2025-08-06 15:49:14,540 [main] INFO MaterialManagementSharePointApplication - *** Filing up the Customer All the Required field ***
2025-08-06 15:49:16,506 [main] INFO MaterialManagementSharePointApplication - *** clicked the submit button ***
2025-08-06 15:49:16,610 [main] INFO MaterialManagementSharePointApplication - *** clicked the Success ok Button ***
2025-08-06 15:49:18,018 [main] INFO MaterialManagementSharePointApplication - ************* Get The Application URL  *****************
2025-08-06 15:49:18,980 [main] INFO MaterialManagementSharePointApplication - *** Enter The Share Point Email Id ***
2025-08-06 15:49:19,748 [main] INFO MaterialManagementSharePointApplication - *** click the next button ***
2025-08-06 15:49:19,856 [main] INFO MaterialManagementSharePointApplication - *** Enter The Password ***
2025-08-06 15:49:21,283 [main] INFO MaterialManagementSharePointApplication - *** clicked on the sign in Button ***
2025-08-06 15:49:22,771 [main] INFO MaterialManagementSharePointApplication - *** clicked on the master side menu ***
2025-08-06 15:49:25,628 [main] INFO MaterialManagementSharePointApplication - *** clicked on the customer sub menu ***
2025-08-06 15:49:27,736 [main] INFO MaterialManagementSharePointApplication - *** clicked on the '+' icon ***
2025-08-06 15:49:28,208 [main] INFO MaterialManagementSharePointApplication - *** Selected the Customer ***
2025-08-06 15:49:29,234 [main] INFO MaterialManagementSharePointApplication - *** Filing up the Customer All the Required field ***
2025-08-06 15:49:31,422 [main] INFO MaterialManagementSharePointApplication - *** clicked the submit button ***
2025-08-06 15:49:31,530 [main] INFO MaterialManagementSharePointApplication - *** clicked the Success ok Button ***
2025-08-06 15:49:33,075 [main] INFO MaterialManagementSharePointApplication - ************* Get The Application URL  *****************
2025-08-06 15:49:33,989 [main] INFO MaterialManagementSharePointApplication - *** Enter The Share Point Email Id ***
2025-08-06 15:49:34,924 [main] INFO MaterialManagementSharePointApplication - *** click the next button ***
2025-08-06 15:49:35,017 [main] INFO MaterialManagementSharePointApplication - *** Enter The Password ***
2025-08-06 15:49:36,279 [main] INFO MaterialManagementSharePointApplication - *** clicked on the sign in Button ***
2025-08-06 15:49:37,490 [main] INFO MaterialManagementSharePointApplication - *** clicked on the master side menu ***
2025-08-06 15:49:40,933 [main] INFO MaterialManagementSharePointApplication - *** clicked on the customer sub menu ***
2025-08-06 15:49:41,940 [main] INFO MaterialManagementSharePointApplication - *** clicked on the '+' icon ***
2025-08-06 15:49:42,442 [main] INFO MaterialManagementSharePointApplication - *** Selected the Customer ***
2025-08-06 15:49:43,638 [main] INFO MaterialManagementSharePointApplication - *** Clicking the Submit Button ***
2025-08-06 15:49:44,089 [main] INFO MaterialManagementSharePointApplication - *** Checking For The Error Message ***
2025-08-06 15:49:45,295 [main] INFO MaterialManagementSharePointApplication - ************* Get The Application URL  *****************
2025-08-06 15:49:46,779 [main] INFO MaterialManagementSharePointApplication - *** Enter The Share Point Email Id ***
2025-08-06 15:49:47,922 [main] INFO MaterialManagementSharePointApplication - *** click the next button ***
2025-08-06 15:49:48,033 [main] INFO MaterialManagementSharePointApplication - *** Enter The Password ***
2025-08-06 15:49:49,409 [main] INFO MaterialManagementSharePointApplication - *** clicked on the sign in Button ***
2025-08-06 15:49:50,902 [main] INFO MaterialManagementSharePointApplication - *** clicked on the master side menu ***
2025-08-06 15:49:55,281 [main] INFO MaterialManagementSharePointApplication - *** clicked on the customer sub menu ***
2025-08-06 15:49:56,388 [main] INFO MaterialManagementSharePointApplication - *** clicked on the '+' icon ***
2025-08-06 15:49:56,907 [main] INFO MaterialManagementSharePointApplication - *** Selected the Customer ***
2025-08-06 15:49:57,905 [main] INFO MaterialManagementSharePointApplication - *** Clicking the Submit Button ***
2025-08-06 15:49:58,449 [main] INFO MaterialManagementSharePointApplication - *** Checking For The Error Message ***
2025-08-07 10:12:02,330 [main] INFO MaterialManagementSharePointApplication - ************* Get The Application URL  *****************
2025-08-07 10:12:03,892 [main] INFO MaterialManagementSharePointApplication - *** Enter The Share Point Email Id ***
2025-08-07 10:12:04,811 [main] INFO MaterialManagementSharePointApplication - *** click the next button ***
2025-08-07 10:12:04,954 [main] INFO MaterialManagementSharePointApplication - *** Enter The Password ***
2025-08-07 10:12:06,400 [main] INFO MaterialManagementSharePointApplication - *** clicked on the sign in Button ***
2025-08-07 10:12:08,682 [main] INFO MaterialManagementSharePointApplication - ************* Get The Application URL  *****************
2025-08-07 10:12:09,836 [main] INFO MaterialManagementSharePointApplication - *** Enter The Share Point Email Id ***
2025-08-07 10:12:10,800 [main] INFO MaterialManagementSharePointApplication - *** click the next button ***
2025-08-07 10:12:10,945 [main] INFO MaterialManagementSharePointApplication - *** Enter The Password ***
2025-08-07 10:12:12,498 [main] INFO MaterialManagementSharePointApplication - *** clicked on the sign in Button ***
2025-08-07 10:12:14,215 [main] INFO MaterialManagementSharePointApplication - *** clicked on the master side menu ***
2025-08-07 10:12:18,414 [main] INFO MaterialManagementSharePointApplication - *** clicked on the customer sub menu ***
2025-08-07 10:12:20,076 [main] INFO MaterialManagementSharePointApplication - *** clicked on the '+' icon ***
2025-08-07 10:12:20,562 [main] INFO MaterialManagementSharePointApplication - *** Selected the Customer ***
2025-08-07 10:12:21,521 [main] INFO MaterialManagementSharePointApplication - *** Filing up the Customer All the Required field ***
2025-08-07 10:12:24,213 [main] INFO MaterialManagementSharePointApplication - *** clicked the submit button ***
2025-08-07 10:12:24,340 [main] INFO MaterialManagementSharePointApplication - *** clicked the Success ok Button ***
2025-08-07 10:12:25,777 [main] INFO MaterialManagementSharePointApplication - ************* Get The Application URL  *****************
2025-08-07 10:12:26,983 [main] INFO MaterialManagementSharePointApplication - *** Enter The Share Point Email Id ***
2025-08-07 10:12:27,760 [main] INFO MaterialManagementSharePointApplication - *** click the next button ***
2025-08-07 10:12:27,881 [main] INFO MaterialManagementSharePointApplication - *** Enter The Password ***
2025-08-07 10:12:29,517 [main] INFO MaterialManagementSharePointApplication - *** clicked on the sign in Button ***
2025-08-07 10:12:31,201 [main] INFO MaterialManagementSharePointApplication - *** clicked on the master side menu ***
2025-08-07 10:12:34,575 [main] INFO MaterialManagementSharePointApplication - *** clicked on the customer sub menu ***
2025-08-07 10:12:35,929 [main] INFO MaterialManagementSharePointApplication - *** clicked on the '+' icon ***
2025-08-07 10:12:36,392 [main] INFO MaterialManagementSharePointApplication - *** Selected the Customer ***
2025-08-07 10:12:37,568 [main] INFO MaterialManagementSharePointApplication - *** Clicking the Submit Button ***
2025-08-07 10:12:38,050 [main] INFO MaterialManagementSharePointApplication - *** Checking For The Error Message ***
2025-08-07 11:44:41,958 [main] INFO MaterialManagementSharePointApplication - ************* Get The Application URL  *****************
2025-08-07 11:44:49,580 [main] INFO MaterialManagementSharePointApplication - *** Enter The Share Point Email Id ***
2025-08-07 11:44:50,346 [main] INFO MaterialManagementSharePointApplication - *** click the next button ***
2025-08-07 11:44:50,455 [main] INFO MaterialManagementSharePointApplication - *** Enter The Password ***
2025-08-07 11:44:51,983 [main] INFO MaterialManagementSharePointApplication - *** clicked on the sign in Button ***
2025-08-07 11:44:53,237 [main] INFO MaterialManagementSharePointApplication - *** clicked on the master side menu ***
2025-08-07 11:44:57,589 [main] INFO MaterialManagementSharePointApplication - *** click the Materials side menu ***
2025-08-07 11:45:00,482 [main] INFO MaterialManagementSharePointApplication - *** Click on the Add '+' button ***
2025-08-07 11:45:01,031 [main] INFO MaterialManagementSharePointApplication - *** select the Materials dropdown ***
2025-08-07 11:45:02,488 [main] INFO MaterialManagementSharePointApplication - *** Fill all the required material details***
2025-08-07 11:45:03,262 [main] INFO MaterialManagementSharePointApplication - *** Fill all the required material details and Clicked The submit Button***
2025-08-07 11:45:04,482 [main] INFO MaterialManagementSharePointApplication - *** Checking and Clicked The Success Ok Button***
2025-08-07 11:46:01,684 [main] INFO WorkRoomWebApplication - ************* Launching CHROME Browser *****************
2025-08-07 11:46:03,019 [main] INFO WorkRoomWebApplication - ************* Browser Launched and Maximized *****************
2025-08-07 11:46:14,809 [main] INFO WorkRoomWebApplication - ************* Get The Application URL  *****************
2025-08-07 11:46:31,456 [main] INFO WorkRoomWebApplication - *** Enter The Share Point Email Id ***
2025-08-07 11:46:32,356 [main] INFO WorkRoomWebApplication - *** click the next button ***
2025-08-07 11:46:32,462 [main] INFO WorkRoomWebApplication - *** Enter The Password ***
2025-08-07 11:46:33,686 [main] INFO WorkRoomWebApplication - *** clicked on the sign in Button ***
2025-08-07 11:46:34,858 [main] INFO WorkRoomWebApplication - *** clicked on the master side menu ***
2025-08-07 11:46:53,646 [main] INFO WorkRoomWebApplication - *** click the Materials side menu ***
2025-08-07 11:46:55,722 [main] INFO WorkRoomWebApplication - *** Click on the Add '+' button ***
2025-08-07 11:46:56,211 [main] INFO WorkRoomWebApplication - *** select the Materials dropdown ***
2025-08-07 11:46:58,420 [main] INFO WorkRoomWebApplication - *** Fill all the required material details***
2025-08-07 11:46:59,268 [main] INFO WorkRoomWebApplication - *** Fill all the required material details and Clicked The submit Button***
2025-08-07 11:47:00,606 [main] INFO WorkRoomWebApplication - *** Checking and Clicked The Success Ok Button***
2025-08-07 11:47:00,759 [main] INFO WorkRoomWebApplication - ************* Quitting Browser *****************
2025-08-07 11:47:00,896 [main] INFO WorkRoomWebApplication - ************* Browser Closed Successfully *****************
2025-08-07 11:49:03,192 [main] INFO WorkRoomWebApplication - ************* Launching CHROME Browser *****************
2025-08-07 11:49:04,361 [main] INFO WorkRoomWebApplication - ************* Browser Launched and Maximized *****************
2025-08-07 11:49:05,309 [main] INFO WorkRoomWebApplication - ************* Get The Application URL  *****************
2025-08-07 11:49:23,480 [main] INFO WorkRoomWebApplication - *** Enter The Share Point Email Id ***
2025-08-07 11:49:24,255 [main] INFO WorkRoomWebApplication - *** click the next button ***
2025-08-07 11:49:24,389 [main] INFO WorkRoomWebApplication - *** Enter The Password ***
2025-08-07 11:49:25,242 [main] INFO WorkRoomWebApplication - *** clicked on the sign in Button ***
2025-08-07 11:49:26,556 [main] INFO WorkRoomWebApplication - *** clicked on the master side menu ***
2025-08-07 11:49:53,518 [main] INFO WorkRoomWebApplication - *** click the Materials side menu ***
2025-08-07 11:49:55,971 [main] INFO WorkRoomWebApplication - *** Click on the Add '+' button ***
2025-08-07 11:49:56,502 [main] INFO WorkRoomWebApplication - *** select the Materials dropdown ***
2025-08-07 11:49:57,890 [main] INFO WorkRoomWebApplication - *** Fill all the required material details***
2025-08-07 11:49:58,606 [main] INFO WorkRoomWebApplication - *** Fill all the required material details and Clicked The submit Button***
2025-08-07 11:49:58,755 [main] INFO WorkRoomWebApplication - Submit button clicked successfully.
2025-08-07 11:49:58,755 [main] INFO WorkRoomWebApplication - *** Checking and Clicked The Success Ok Button***
2025-08-07 11:49:59,447 [main] INFO WorkRoomWebApplication - ************* Quitting Browser *****************
2025-08-07 11:49:59,566 [main] INFO WorkRoomWebApplication - ************* Browser Closed Successfully *****************
2025-08-07 11:51:59,942 [main] INFO MaterialManagementSharePointApplication - ************* Get The Application URL  *****************
2025-08-07 11:52:00,982 [main] INFO MaterialManagementSharePointApplication - *** Enter The Share Point Email Id ***
2025-08-07 11:52:02,027 [main] INFO MaterialManagementSharePointApplication - *** click the next button ***
2025-08-07 11:52:02,155 [main] INFO MaterialManagementSharePointApplication - *** Enter The Password ***
2025-08-07 11:52:03,714 [main] INFO MaterialManagementSharePointApplication - *** clicked on the sign in Button ***
2025-08-07 11:52:05,446 [main] INFO MaterialManagementSharePointApplication - *** clicked on the master side menu ***
2025-08-07 11:52:10,927 [main] INFO MaterialManagementSharePointApplication - *** click the Materials side menu ***
2025-08-07 11:52:12,826 [main] INFO MaterialManagementSharePointApplication - *** Click on the Add '+' button ***
2025-08-07 11:52:13,325 [main] INFO MaterialManagementSharePointApplication - *** select the Materials dropdown ***
2025-08-07 11:52:14,545 [main] INFO MaterialManagementSharePointApplication - *** Fill all the required material details***
2025-08-07 11:52:15,305 [main] INFO MaterialManagementSharePointApplication - *** Fill all the required material details and Clicked The submit Button***
2025-08-07 11:52:15,454 [main] INFO MaterialManagementSharePointApplication - Submit button clicked successfully.
2025-08-07 11:52:15,455 [main] INFO MaterialManagementSharePointApplication - *** Checking and Clicked The Success Ok Button***
2025-08-07 11:52:56,958 [main] INFO MaterialManagementSharePointApplication - ************* Get The Application URL  *****************
2025-08-07 11:52:59,267 [main] INFO MaterialManagementSharePointApplication - *** Enter The Share Point Email Id ***
2025-08-07 11:53:00,066 [main] INFO MaterialManagementSharePointApplication - *** click the next button ***
2025-08-07 11:53:00,185 [main] INFO MaterialManagementSharePointApplication - *** Enter The Password ***
2025-08-07 11:53:01,648 [main] INFO MaterialManagementSharePointApplication - *** clicked on the sign in Button ***
2025-08-07 11:53:02,935 [main] INFO MaterialManagementSharePointApplication - *** clicked on the master side menu ***
2025-08-07 11:53:27,766 [main] INFO MaterialManagementSharePointApplication - *** click the Materials side menu ***
2025-08-07 11:53:30,622 [main] INFO MaterialManagementSharePointApplication - *** Click on the Add '+' button ***
2025-08-07 11:53:31,129 [main] INFO MaterialManagementSharePointApplication - *** select the Materials dropdown ***
2025-08-07 11:53:33,175 [main] INFO MaterialManagementSharePointApplication - *** Fill all the required material details***
2025-08-07 11:53:33,982 [main] INFO MaterialManagementSharePointApplication - *** Fill all the required material details and Clicked The submit Button***
2025-08-07 11:53:34,122 [main] INFO MaterialManagementSharePointApplication - Submit button clicked successfully.
2025-08-07 11:53:34,123 [main] INFO MaterialManagementSharePointApplication - *** Checking and Clicked The Success Ok Button***
2025-08-07 13:14:43,136 [main] INFO MaterialManagementSharePointApplication - ************* Get The Application URL  *****************
2025-08-07 13:15:07,560 [main] INFO MaterialManagementSharePointApplication - *** Enter The Share Point Email Id ***
2025-08-07 13:15:08,786 [main] INFO MaterialManagementSharePointApplication - *** click the next button ***
2025-08-07 13:15:08,982 [main] INFO MaterialManagementSharePointApplication - *** Enter The Password ***
2025-08-07 13:15:10,427 [main] INFO MaterialManagementSharePointApplication - *** clicked on the sign in Button ***
2025-08-07 13:15:37,959 [main] INFO MaterialManagementSharePointApplication - *** clicked on the master side menu ***
2025-08-07 13:15:38,414 [main] INFO MaterialManagementSharePointApplication - *** click the Materials side menu ***
2025-08-07 13:15:40,851 [main] INFO MaterialManagementSharePointApplication - *** Click on the Add '+' button ***
2025-08-07 13:15:41,332 [main] INFO MaterialManagementSharePointApplication - *** select the Materials dropdown ***
2025-08-07 13:15:43,055 [main] INFO MaterialManagementSharePointApplication - *** Fill all the required material details***
2025-08-07 13:15:43,930 [main] INFO MaterialManagementSharePointApplication - *** Fill all the required material details and Clicked The submit Button***
2025-08-07 13:15:44,107 [main] INFO MaterialManagementSharePointApplication - Submit button clicked successfully.
2025-08-07 13:15:44,107 [main] INFO MaterialManagementSharePointApplication - *** Checking and Clicked The Success Ok Button***
2025-08-07 14:24:07,200 [main] INFO MaterialManagementSharePointApplication - ************* Get The Application URL  *****************
2025-08-07 14:24:08,224 [main] INFO MaterialManagementSharePointApplication - *** Enter The Share Point Email Id ***
2025-08-07 14:24:08,953 [main] INFO MaterialManagementSharePointApplication - *** click the next button ***
2025-08-07 14:24:09,055 [main] INFO MaterialManagementSharePointApplication - *** Enter The Password ***
2025-08-07 14:24:10,427 [main] INFO MaterialManagementSharePointApplication - *** clicked on the sign in Button ***
2025-08-07 14:24:12,511 [main] INFO MaterialManagementSharePointApplication - *** clicked on the master side menu ***
2025-08-07 14:24:17,048 [main] INFO MaterialManagementSharePointApplication - *** click the Materials side menu ***
2025-08-07 14:24:18,839 [main] INFO MaterialManagementSharePointApplication - *** Click on the Add '+' button ***
2025-08-07 14:24:19,313 [main] INFO MaterialManagementSharePointApplication - *** select the Materials dropdown ***
2025-08-07 14:24:20,759 [main] INFO MaterialManagementSharePointApplication - *** Fill all the required material details***
2025-08-07 14:24:21,537 [main] INFO MaterialManagementSharePointApplication - *** Fill all the required material details and Clicked The submit Button***
2025-08-07 14:24:21,673 [main] INFO MaterialManagementSharePointApplication - Submit button clicked successfully.
2025-08-07 14:24:21,673 [main] INFO MaterialManagementSharePointApplication - *** Checking and Clicked The Success Ok Button***
2025-08-07 14:24:22,939 [main] INFO MaterialManagementSharePointApplication - ************* Get The Application URL  *****************
2025-08-07 14:24:24,146 [main] INFO MaterialManagementSharePointApplication - *** Enter The Share Point Email Id ***
2025-08-07 14:24:25,050 [main] INFO MaterialManagementSharePointApplication - *** click the next button ***
2025-08-07 14:24:25,158 [main] INFO MaterialManagementSharePointApplication - *** Enter The Password ***
2025-08-07 14:24:26,476 [main] INFO MaterialManagementSharePointApplication - *** clicked on the sign in Button ***
2025-08-07 14:24:27,929 [main] INFO MaterialManagementSharePointApplication - *** clicked on the master side menu ***
2025-08-07 14:24:32,317 [main] INFO MaterialManagementSharePointApplication - *** click the Materials side menu ***
2025-08-07 14:24:34,315 [main] INFO MaterialManagementSharePointApplication - *** click submit Button then check the Error Message details ***
2025-08-07 14:26:29,576 [main] INFO WorkRoomWebApplication - ************* Launching CHROME Browser *****************
2025-08-07 14:26:30,863 [main] INFO WorkRoomWebApplication - ************* Browser Launched and Maximized *****************
2025-08-07 14:26:32,114 [main] INFO WorkRoomWebApplication - ************* Get The Application URL  *****************
2025-08-07 14:26:33,700 [main] INFO WorkRoomWebApplication - *** Enter The Share Point Email Id ***
2025-08-07 14:26:34,526 [main] INFO WorkRoomWebApplication - *** click the next button ***
2025-08-07 14:26:34,669 [main] INFO WorkRoomWebApplication - *** Enter The Password ***
2025-08-07 14:26:36,089 [main] INFO WorkRoomWebApplication - *** clicked on the sign in Button ***
2025-08-07 14:26:37,264 [main] INFO WorkRoomWebApplication - *** clicked on the master side menu ***
2025-08-07 14:26:41,663 [main] INFO WorkRoomWebApplication - *** click the Materials side menu ***
2025-08-07 14:26:43,748 [main] INFO WorkRoomWebApplication - *** Click on the Add '+' button ***
2025-08-07 14:26:44,186 [main] INFO WorkRoomWebApplication - *** select the Materials dropdown ***
2025-08-07 14:26:45,287 [main] INFO WorkRoomWebApplication - *** Fill all the required material details***
2025-08-07 14:26:46,086 [main] INFO WorkRoomWebApplication - *** Fill all the required material details and Clicked The submit Button***
2025-08-07 14:26:46,304 [main] INFO WorkRoomWebApplication - Submit button clicked successfully.
2025-08-07 14:26:46,304 [main] INFO WorkRoomWebApplication - *** Checking and Clicked The Success Ok Button***
2025-08-07 14:26:47,124 [main] INFO WorkRoomWebApplication - ************* Quitting Browser *****************
2025-08-07 14:26:47,351 [main] INFO WorkRoomWebApplication - ************* Browser Closed Successfully *****************
2025-08-07 14:26:47,380 [main] INFO WorkRoomWebApplication - ************* Launching CHROME Browser *****************
2025-08-07 14:26:48,100 [main] INFO WorkRoomWebApplication - ************* Browser Launched and Maximized *****************
2025-08-07 14:26:48,307 [main] INFO WorkRoomWebApplication - ************* Get The Application URL  *****************
2025-08-07 14:26:49,377 [main] INFO WorkRoomWebApplication - *** Enter The Share Point Email Id ***
2025-08-07 14:26:50,230 [main] INFO WorkRoomWebApplication - *** click the next button ***
2025-08-07 14:26:50,344 [main] INFO WorkRoomWebApplication - *** Enter The Password ***
2025-08-07 14:26:51,815 [main] INFO WorkRoomWebApplication - *** clicked on the sign in Button ***
2025-08-07 14:26:52,857 [main] INFO WorkRoomWebApplication - *** clicked on the master side menu ***
2025-08-07 14:26:55,914 [main] INFO WorkRoomWebApplication - *** click the Materials side menu ***
2025-08-07 14:26:57,979 [main] INFO WorkRoomWebApplication - *** click submit Button then check the Error Message details ***
2025-08-07 14:27:08,615 [main] INFO WorkRoomWebApplication - ************* Quitting Browser *****************
2025-08-07 14:27:08,778 [main] INFO WorkRoomWebApplication - ************* Browser Closed Successfully *****************
2025-08-07 14:28:01,362 [main] INFO WorkRoomWebApplication - ************* Launching CHROME Browser *****************
2025-08-07 14:28:02,735 [main] INFO WorkRoomWebApplication - ************* Browser Launched and Maximized *****************
2025-08-07 14:28:03,940 [main] INFO WorkRoomWebApplication - ************* Get The Application URL  *****************
2025-08-07 14:28:24,968 [main] INFO WorkRoomWebApplication - *** Enter The Share Point Email Id ***
2025-08-07 14:28:25,802 [main] INFO WorkRoomWebApplication - *** click the next button ***
2025-08-07 14:28:25,945 [main] INFO WorkRoomWebApplication - *** Enter The Password ***
2025-08-07 14:28:27,582 [main] INFO WorkRoomWebApplication - *** clicked on the sign in Button ***
2025-08-07 14:28:29,170 [main] INFO WorkRoomWebApplication - *** clicked on the master side menu ***
2025-08-07 14:28:56,897 [main] INFO WorkRoomWebApplication - *** click the Materials side menu ***
2025-08-07 14:28:58,961 [main] INFO WorkRoomWebApplication - *** click submit Button then check the Error Message details ***
2025-08-07 14:29:53,633 [main] INFO WorkRoomWebApplication - ************* Launching CHROME Browser *****************
2025-08-07 14:29:55,012 [main] INFO WorkRoomWebApplication - ************* Browser Launched and Maximized *****************
2025-08-07 14:29:56,184 [main] INFO WorkRoomWebApplication - ************* Get The Application URL  *****************
2025-08-07 14:30:22,659 [main] INFO WorkRoomWebApplication - *** Enter The Share Point Email Id ***
2025-08-07 14:30:23,534 [main] INFO WorkRoomWebApplication - *** click the next button ***
2025-08-07 14:30:23,664 [main] INFO WorkRoomWebApplication - *** Enter The Password ***
2025-08-07 14:30:25,029 [main] INFO WorkRoomWebApplication - *** clicked on the sign in Button ***
2025-08-07 14:30:26,393 [main] INFO WorkRoomWebApplication - *** clicked on the master side menu ***
2025-08-07 14:30:30,140 [main] INFO WorkRoomWebApplication - *** click the Materials side menu ***
2025-08-07 14:30:32,979 [main] INFO WorkRoomWebApplication - *** Click on the Add '+' button ***
2025-08-07 14:30:33,443 [main] INFO WorkRoomWebApplication - *** select the Materials dropdown ***
2025-08-07 14:30:34,825 [main] INFO WorkRoomWebApplication - *** click submit Button then check the Error Message details ***
2025-08-07 14:34:47,086 [main] INFO WorkRoomWebApplication - ************* Launching CHROME Browser *****************
2025-08-07 14:34:48,444 [main] INFO WorkRoomWebApplication - ************* Browser Launched and Maximized *****************
2025-08-07 14:34:49,592 [main] INFO WorkRoomWebApplication - ************* Get The Application URL  *****************
2025-08-07 14:34:55,121 [main] INFO WorkRoomWebApplication - *** Enter The Share Point Email Id ***
2025-08-07 14:34:55,943 [main] INFO WorkRoomWebApplication - *** click the next button ***
2025-08-07 14:34:56,096 [main] INFO WorkRoomWebApplication - *** Enter The Password ***
2025-08-07 14:34:58,409 [main] INFO WorkRoomWebApplication - *** clicked on the sign in Button ***
2025-08-07 14:35:00,179 [main] INFO WorkRoomWebApplication - *** clicked on the master side menu ***
2025-08-07 14:35:05,317 [main] INFO WorkRoomWebApplication - *** click the Materials side menu ***
2025-08-07 14:35:07,781 [main] INFO WorkRoomWebApplication - *** Click on the Add '+' button ***
2025-08-07 14:35:08,268 [main] INFO WorkRoomWebApplication - *** select the Materials dropdown ***
2025-08-07 14:35:09,457 [main] INFO WorkRoomWebApplication - *** click submit Button ***
2025-08-07 14:35:09,985 [main] INFO WorkRoomWebApplication - Submit button clicked successfully.
2025-08-07 14:35:09,986 [main] INFO WorkRoomWebApplication - ***  check the Error Message details ***
2025-08-07 14:37:40,762 [main] INFO MaterialManagementSharePointApplication - ************* Get The Application URL  *****************
2025-08-07 14:37:46,533 [main] INFO MaterialManagementSharePointApplication - *** Enter The Share Point Email Id ***
2025-08-07 14:37:47,525 [main] INFO MaterialManagementSharePointApplication - *** click the next button ***
2025-08-07 14:37:47,648 [main] INFO MaterialManagementSharePointApplication - *** Enter The Password ***
2025-08-07 14:37:48,953 [main] INFO MaterialManagementSharePointApplication - *** clicked on the sign in Button ***
2025-08-07 14:37:50,717 [main] INFO MaterialManagementSharePointApplication - *** clicked on the master side menu ***
2025-08-07 14:37:54,063 [main] INFO MaterialManagementSharePointApplication - *** click the Materials side menu ***
2025-08-07 14:37:56,525 [main] INFO MaterialManagementSharePointApplication - *** Click on the Add '+' button ***
2025-08-07 14:37:56,995 [main] INFO MaterialManagementSharePointApplication - *** select the Materials dropdown ***
2025-08-07 14:37:58,074 [main] INFO MaterialManagementSharePointApplication - *** Fill all the required material details***
2025-08-07 14:37:58,840 [main] INFO MaterialManagementSharePointApplication - *** Fill all the required material details and Clicked The submit Button***
2025-08-07 14:37:58,990 [main] INFO MaterialManagementSharePointApplication - Submit button clicked successfully.
2025-08-07 14:37:58,991 [main] INFO MaterialManagementSharePointApplication - *** Checking and Clicked The Success Ok Button***
2025-08-07 14:38:00,258 [main] INFO MaterialManagementSharePointApplication - ************* Get The Application URL  *****************
2025-08-07 14:38:01,428 [main] INFO MaterialManagementSharePointApplication - *** Enter The Share Point Email Id ***
2025-08-07 14:38:02,214 [main] INFO MaterialManagementSharePointApplication - *** click the next button ***
2025-08-07 14:38:02,329 [main] INFO MaterialManagementSharePointApplication - *** Enter The Password ***
2025-08-07 14:38:03,968 [main] INFO MaterialManagementSharePointApplication - *** clicked on the sign in Button ***
2025-08-07 14:38:05,700 [main] INFO MaterialManagementSharePointApplication - *** clicked on the master side menu ***
2025-08-07 14:38:23,378 [main] INFO MaterialManagementSharePointApplication - *** click the Materials side menu ***
2025-08-07 14:38:25,261 [main] INFO MaterialManagementSharePointApplication - *** Click on the Add '+' button ***
2025-08-07 14:38:25,728 [main] INFO MaterialManagementSharePointApplication - *** select the Materials dropdown ***
2025-08-07 14:38:26,713 [main] INFO MaterialManagementSharePointApplication - *** click submit Button ***
2025-08-07 14:38:27,215 [main] INFO MaterialManagementSharePointApplication - Submit button clicked successfully.
2025-08-07 14:38:27,216 [main] INFO MaterialManagementSharePointApplication - ***  check the Error Message details ***
2025-08-07 16:22:58,782 [main] INFO MaterialManagementSharePointApplication - ************* Get The Application URL  *****************
2025-08-07 16:23:00,604 [main] INFO MaterialManagementSharePointApplication - *** Enter The Share Point Email Id ***
2025-08-07 16:23:01,429 [main] INFO MaterialManagementSharePointApplication - *** click the next button ***
2025-08-07 16:23:01,542 [main] INFO MaterialManagementSharePointApplication - *** Enter The Password ***
2025-08-07 16:23:02,852 [main] INFO MaterialManagementSharePointApplication - *** clicked on the sign in Button ***
2025-08-07 16:23:04,657 [main] INFO MaterialManagementSharePointApplication - ************* Get The Application URL  *****************
2025-08-07 16:23:05,712 [main] INFO MaterialManagementSharePointApplication - *** Enter The Share Point Email Id ***
2025-08-07 16:23:06,450 [main] INFO MaterialManagementSharePointApplication - *** click the next button ***
2025-08-07 16:23:06,555 [main] INFO MaterialManagementSharePointApplication - *** Enter The Password ***
2025-08-07 16:23:07,873 [main] INFO MaterialManagementSharePointApplication - *** clicked on the sign in Button ***
2025-08-07 16:23:09,385 [main] INFO MaterialManagementSharePointApplication - *** clicked on the master side menu ***
2025-08-07 16:23:12,963 [main] INFO MaterialManagementSharePointApplication - *** clicked on the customer sub menu ***
2025-08-07 16:23:14,308 [main] INFO MaterialManagementSharePointApplication - *** clicked on the '+' icon ***
2025-08-07 16:23:14,908 [main] INFO MaterialManagementSharePointApplication - *** Selected the Customer ***
2025-08-07 16:23:16,233 [main] INFO MaterialManagementSharePointApplication - *** Filing up the Customer All the Required field ***
2025-08-07 16:23:18,409 [main] INFO MaterialManagementSharePointApplication - *** clicked the submit button ***
2025-08-07 16:23:18,515 [main] INFO MaterialManagementSharePointApplication - *** clicked the Success ok Button ***
2025-08-07 16:23:20,294 [main] INFO MaterialManagementSharePointApplication - ************* Get The Application URL  *****************
2025-08-07 16:23:21,388 [main] INFO MaterialManagementSharePointApplication - *** Enter The Share Point Email Id ***
2025-08-07 16:23:22,149 [main] INFO MaterialManagementSharePointApplication - *** click the next button ***
2025-08-07 16:23:22,252 [main] INFO MaterialManagementSharePointApplication - *** Enter The Password ***
2025-08-07 16:23:23,547 [main] INFO MaterialManagementSharePointApplication - *** clicked on the sign in Button ***
2025-08-07 16:23:24,666 [main] INFO MaterialManagementSharePointApplication - *** clicked on the master side menu ***
2025-08-07 16:23:27,909 [main] INFO MaterialManagementSharePointApplication - *** clicked on the customer sub menu ***
2025-08-07 16:23:29,325 [main] INFO MaterialManagementSharePointApplication - *** clicked on the '+' icon ***
2025-08-07 16:23:29,893 [main] INFO MaterialManagementSharePointApplication - *** Selected the Customer ***
2025-08-07 16:23:30,994 [main] INFO MaterialManagementSharePointApplication - *** Clicking the Submit Button ***
2025-08-07 16:23:31,563 [main] INFO MaterialManagementSharePointApplication - *** Checking For The Error Message ***
2025-08-07 16:23:32,403 [main] INFO MaterialManagementSharePointApplication - ************* Get The Application URL  *****************
2025-08-07 16:23:33,207 [main] INFO MaterialManagementSharePointApplication - *** Enter The Share Point Email Id ***
2025-08-07 16:23:34,087 [main] INFO MaterialManagementSharePointApplication - *** click the next button ***
2025-08-07 16:23:34,192 [main] INFO MaterialManagementSharePointApplication - *** Enter The Password ***
2025-08-07 16:23:34,913 [main] INFO MaterialManagementSharePointApplication - *** clicked on the sign in Button ***
2025-08-07 16:23:36,116 [main] INFO MaterialManagementSharePointApplication - *** clicked on the master side menu ***
2025-08-07 16:23:38,970 [main] INFO MaterialManagementSharePointApplication - *** click the Materials side menu ***
2025-08-07 16:23:42,591 [main] INFO MaterialManagementSharePointApplication - *** Click on the Add '+' button ***
2025-08-07 16:23:43,087 [main] INFO MaterialManagementSharePointApplication - *** select the Materials dropdown ***
2025-08-07 16:23:44,082 [main] INFO MaterialManagementSharePointApplication - *** Fill all the required material details***
2025-08-07 16:23:44,933 [main] INFO MaterialManagementSharePointApplication - *** Fill all the required material details and Clicked The submit Button***
2025-08-07 16:23:45,056 [main] INFO MaterialManagementSharePointApplication - Submit button clicked successfully.
2025-08-07 16:23:45,057 [main] INFO MaterialManagementSharePointApplication - *** Checking and Clicked The Success Ok Button***
2025-08-07 16:23:46,277 [main] INFO MaterialManagementSharePointApplication - ************* Get The Application URL  *****************
2025-08-07 16:23:47,092 [main] INFO MaterialManagementSharePointApplication - *** Enter The Share Point Email Id ***
2025-08-07 16:23:47,966 [main] INFO MaterialManagementSharePointApplication - *** click the next button ***
2025-08-07 16:23:48,069 [main] INFO MaterialManagementSharePointApplication - *** Enter The Password ***
2025-08-07 16:23:49,404 [main] INFO MaterialManagementSharePointApplication - *** clicked on the sign in Button ***
2025-08-07 16:23:50,757 [main] INFO MaterialManagementSharePointApplication - *** clicked on the master side menu ***
2025-08-07 16:23:53,899 [main] INFO MaterialManagementSharePointApplication - *** click the Materials side menu ***
2025-08-07 16:23:57,740 [main] INFO MaterialManagementSharePointApplication - *** Click on the Add '+' button ***
2025-08-07 16:23:58,239 [main] INFO MaterialManagementSharePointApplication - *** select the Materials dropdown ***
2025-08-07 16:23:59,480 [main] INFO MaterialManagementSharePointApplication - *** click submit Button ***
2025-08-07 16:23:59,947 [main] INFO MaterialManagementSharePointApplication - Submit button clicked successfully.
2025-08-07 16:23:59,948 [main] INFO MaterialManagementSharePointApplication - ***  check the Error Message details ***
2025-08-07 17:23:22,049 [main] INFO MaterialManagementSharePointApplication - ************* Get The Application URL  *****************
2025-08-07 17:23:22,999 [main] INFO MaterialManagementSharePointApplication - *** Enter The Share Point Email Id ***
2025-08-07 17:23:23,916 [main] INFO MaterialManagementSharePointApplication - *** click the next button ***
2025-08-07 17:23:24,012 [main] INFO MaterialManagementSharePointApplication - *** Enter The Password ***
2025-08-07 17:23:25,486 [main] INFO MaterialManagementSharePointApplication - *** clicked on the sign in Button ***
2025-08-07 17:23:27,691 [main] INFO MaterialManagementSharePointApplication - ************* Get The Application URL  *****************
2025-08-07 17:23:28,702 [main] INFO MaterialManagementSharePointApplication - *** Enter The Share Point Email Id ***
2025-08-07 17:23:29,424 [main] INFO MaterialManagementSharePointApplication - *** click the next button ***
2025-08-07 17:23:29,521 [main] INFO MaterialManagementSharePointApplication - *** Enter The Password ***
2025-08-07 17:23:30,790 [main] INFO MaterialManagementSharePointApplication - *** clicked on the sign in Button ***
2025-08-07 17:23:32,208 [main] INFO MaterialManagementSharePointApplication - *** clicked on the master side menu ***
2025-08-07 17:23:35,708 [main] INFO MaterialManagementSharePointApplication - *** clicked on the customer sub menu ***
2025-08-07 17:23:36,877 [main] INFO MaterialManagementSharePointApplication - *** clicked on the '+' icon ***
2025-08-07 17:23:37,362 [main] INFO MaterialManagementSharePointApplication - *** Selected the Customer ***
2025-08-07 17:23:38,619 [main] INFO MaterialManagementSharePointApplication - *** Filing up the Customer All the Required field ***
2025-08-07 17:23:40,913 [main] INFO MaterialManagementSharePointApplication - *** clicked the submit button ***
2025-08-07 17:23:41,014 [main] INFO MaterialManagementSharePointApplication - *** clicked the Success ok Button ***
2025-08-07 17:23:42,280 [main] INFO MaterialManagementSharePointApplication - ************* Get The Application URL  *****************
2025-08-07 17:23:43,499 [main] INFO MaterialManagementSharePointApplication - *** Enter The Share Point Email Id ***
2025-08-07 17:23:44,221 [main] INFO MaterialManagementSharePointApplication - *** click the next button ***
2025-08-07 17:23:44,319 [main] INFO MaterialManagementSharePointApplication - *** Enter The Password ***
2025-08-07 17:23:45,558 [main] INFO MaterialManagementSharePointApplication - *** clicked on the sign in Button ***
2025-08-07 17:23:47,082 [main] INFO MaterialManagementSharePointApplication - *** clicked on the master side menu ***
2025-08-07 17:23:50,034 [main] INFO MaterialManagementSharePointApplication - *** clicked on the customer sub menu ***
2025-08-07 17:23:51,443 [main] INFO MaterialManagementSharePointApplication - *** clicked on the '+' icon ***
2025-08-07 17:23:51,946 [main] INFO MaterialManagementSharePointApplication - *** Selected the Customer ***
2025-08-07 17:23:52,844 [main] INFO MaterialManagementSharePointApplication - *** Clicking the Submit Button ***
2025-08-07 17:23:53,343 [main] INFO MaterialManagementSharePointApplication - *** Checking For The Error Message ***
2025-08-07 17:23:54,189 [main] INFO MaterialManagementSharePointApplication - ************* Get The Application URL  *****************
2025-08-07 17:23:55,155 [main] INFO MaterialManagementSharePointApplication - *** Enter The Share Point Email Id ***
2025-08-07 17:23:55,937 [main] INFO MaterialManagementSharePointApplication - *** click the next button ***
2025-08-07 17:23:56,031 [main] INFO MaterialManagementSharePointApplication - *** Enter The Password ***
2025-08-07 17:23:57,255 [main] INFO MaterialManagementSharePointApplication - *** clicked on the sign in Button ***
2025-08-07 17:23:58,429 [main] INFO MaterialManagementSharePointApplication - *** clicked on the master side menu ***
2025-08-07 17:24:01,945 [main] INFO MaterialManagementSharePointApplication - *** click the Materials side menu ***
2025-08-07 17:24:03,482 [main] INFO MaterialManagementSharePointApplication - *** Click on the Add '+' button ***
2025-08-07 17:24:04,035 [main] INFO MaterialManagementSharePointApplication - *** select the Materials dropdown ***
2025-08-07 17:24:05,101 [main] INFO MaterialManagementSharePointApplication - *** Fill all the required material details***
2025-08-07 17:24:05,949 [main] INFO MaterialManagementSharePointApplication - *** Fill all the required material details and Clicked The submit Button***
2025-08-07 17:24:06,075 [main] INFO MaterialManagementSharePointApplication - Submit button clicked successfully.
2025-08-07 17:24:06,075 [main] INFO MaterialManagementSharePointApplication - *** Checking and Clicked The Success Ok Button***
2025-08-07 17:24:07,329 [main] INFO MaterialManagementSharePointApplication - ************* Get The Application URL  *****************
2025-08-07 17:24:08,258 [main] INFO MaterialManagementSharePointApplication - *** Enter The Share Point Email Id ***
2025-08-07 17:24:09,167 [main] INFO MaterialManagementSharePointApplication - *** click the next button ***
2025-08-07 17:24:09,281 [main] INFO MaterialManagementSharePointApplication - *** Enter The Password ***
2025-08-07 17:24:10,514 [main] INFO MaterialManagementSharePointApplication - *** clicked on the sign in Button ***
2025-08-07 17:24:11,699 [main] INFO MaterialManagementSharePointApplication - *** clicked on the master side menu ***
2025-08-07 17:24:14,681 [main] INFO MaterialManagementSharePointApplication - *** click the Materials side menu ***
2025-08-07 17:24:16,609 [main] INFO MaterialManagementSharePointApplication - *** Click on the Add '+' button ***
2025-08-07 17:24:17,087 [main] INFO MaterialManagementSharePointApplication - *** select the Materials dropdown ***
2025-08-07 17:24:18,447 [main] INFO MaterialManagementSharePointApplication - *** click submit Button ***
2025-08-07 17:24:18,959 [main] INFO MaterialManagementSharePointApplication - Submit button clicked successfully.
2025-08-07 17:24:18,960 [main] INFO MaterialManagementSharePointApplication - ***  check the Error Message details ***
2025-08-08 15:16:52,647 [main] INFO WorkRoomWebApplication - ************* Launching CHROME Browser *****************
2025-08-08 15:18:36,003 [main] INFO WorkRoomWebApplication - ************* Launching CHROME Browser *****************
2025-08-08 15:19:00,335 [main] INFO WorkRoomWebApplication - ************* Launching CHROME Browser *****************
2025-08-08 15:19:35,133 [main] INFO WorkRoomWebApplication - ************* Launching CHROME Browser *****************
2025-08-08 15:24:18,722 [main] INFO MaterialManagementSharePointApplication - ************* Remote WebDriver Launched in Headless Mode *****************
2025-08-08 15:24:20,245 [main] INFO MaterialManagementSharePointApplication - ************* Remote WebDriver Launched in Headless Mode *****************
2025-08-08 15:24:20,958 [main] INFO MaterialManagementSharePointApplication - ************* Get The Application URL  *****************
2025-08-08 15:24:28,313 [main] INFO MaterialManagementSharePointApplication - *** Enter The Share Point Email Id ***
2025-08-08 15:24:29,211 [main] INFO MaterialManagementSharePointApplication - *** click the next button ***
2025-08-08 15:24:29,360 [main] INFO MaterialManagementSharePointApplication - *** Enter The Password ***
2025-08-08 15:24:30,886 [main] INFO MaterialManagementSharePointApplication - *** clicked on the sign in Button ***
2025-08-08 15:24:33,180 [main] INFO MaterialManagementSharePointApplication - *** clicked on the master side menu ***
2025-08-08 15:25:00,573 [main] INFO MaterialManagementSharePointApplication - *** click the Suppliers side menu ***
2025-08-08 15:25:03,669 [main] INFO MaterialManagementSharePointApplication - *** Click on the Add button  ***
2025-08-08 15:25:04,247 [main] INFO MaterialManagementSharePointApplication - ***  select the Suppliers dropdown ***
2025-08-08 15:25:06,296 [main] INFO MaterialManagementSharePointApplication - ***  Fill all the Suppliers required  details and submit the details ***
2025-08-08 15:25:09,375 [main] INFO MaterialManagementSharePointApplication - ***  Click The Submit Button ***
2025-08-08 15:25:09,578 [main] INFO MaterialManagementSharePointApplication - Submit button clicked successfully.
2025-08-08 15:25:09,579 [main] INFO MaterialManagementSharePointApplication - ***  Click The Success Button ***
2025-08-08 15:26:47,176 [main] INFO WorkRoomWebApplication - ************* Remote WebDriver Launched *****************
2025-08-08 15:26:47,931 [main] INFO WorkRoomWebApplication - ************* Get The Application URL  *****************
2025-08-08 15:27:05,468 [main] INFO WorkRoomWebApplication - *** Enter The Share Point Email Id ***
2025-08-08 15:27:07,039 [main] INFO WorkRoomWebApplication - *** click the next button ***
2025-08-08 15:27:07,189 [main] INFO WorkRoomWebApplication - *** Enter The Password ***
2025-08-08 15:27:08,705 [main] INFO WorkRoomWebApplication - *** clicked on the sign in Button ***
2025-08-08 15:27:10,584 [main] INFO WorkRoomWebApplication - *** clicked on the master side menu ***
2025-08-08 15:27:15,036 [main] INFO WorkRoomWebApplication - *** click the Suppliers side menu ***
2025-08-08 15:27:18,205 [main] INFO WorkRoomWebApplication - *** Click on the Add button  ***
2025-08-08 15:27:19,644 [main] INFO WorkRoomWebApplication - ***  select the Suppliers dropdown ***
2025-08-08 15:27:30,177 [main] INFO WorkRoomWebApplication - ***  Fill all the Suppliers required  details and submit the details ***
2025-08-08 15:27:40,349 [main] INFO WorkRoomWebApplication - ***  Click The Submit Button ***
2025-08-08 15:27:50,480 [main] ERROR WorkRoomWebApplication - Unexpected error occurred while clicking the submit button: Expected condition failed: waiting for visibility of element located by By.xpath: //button[@id='SaveBtn'] (tried for 10 second(s) with 500 milliseconds interval)
Build info: version: '4.29.0', revision: '5fc1ec94cb'
System info: os.name: 'Linux', os.arch: 'amd64', os.version: '6.14.0-27-generic', java.version: '17.0.15'
Driver info: org.openqa.selenium.remote.RemoteWebDriver
Capabilities {acceptInsecureCerts: false, browserName: chrome, browserVersion: 138.0.7204.183, chrome: {chromedriverVersion: 138.0.7204.183 (e90faf484dd..., userDataDir: /tmp/.org.chromium.Chromium...}, fedcm:accounts: true, goog:chromeOptions: {debuggerAddress: localhost:44617}, networkConnectionEnabled: false, pageLoadStrategy: normal, platformName: linux, proxy: Proxy(), se:bidiEnabled: false, se:cdp: ws://172.17.0.2:4444/sessio..., se:cdpVersion: 138.0.7204.183, se:containerName: 5de2073d35f8, se:deleteSessionOnUi: true, se:downloadsEnabled: true, se:noVncPort: 7900, se:vnc: ws://172.17.0.2:4444/sessio..., se:vncEnabled: true, se:vncLocalAddress: ws://172.17.0.2:7900, setWindowRect: true, strictFileInteractability: false, timeouts: {implicit: 0, pageLoad: 300000, script: 30000}, unhandledPromptBehavior: dismiss and notify, webauthn:extension:credBlob: true, webauthn:extension:largeBlob: true, webauthn:extension:minPinLength: true, webauthn:extension:prf: true, webauthn:virtualAuthenticators: true}
Session ID: 120feda5aa200aeb56d9fdbe11ae234c
org.openqa.selenium.TimeoutException: Expected condition failed: waiting for visibility of element located by By.xpath: //button[@id='SaveBtn'] (tried for 10 second(s) with 500 milliseconds interval)
Build info: version: '4.29.0', revision: '5fc1ec94cb'
System info: os.name: 'Linux', os.arch: 'amd64', os.version: '6.14.0-27-generic', java.version: '17.0.15'
Driver info: org.openqa.selenium.remote.RemoteWebDriver
Capabilities {acceptInsecureCerts: false, browserName: chrome, browserVersion: 138.0.7204.183, chrome: {chromedriverVersion: 138.0.7204.183 (e90faf484dd..., userDataDir: /tmp/.org.chromium.Chromium...}, fedcm:accounts: true, goog:chromeOptions: {debuggerAddress: localhost:44617}, networkConnectionEnabled: false, pageLoadStrategy: normal, platformName: linux, proxy: Proxy(), se:bidiEnabled: false, se:cdp: ws://172.17.0.2:4444/sessio..., se:cdpVersion: 138.0.7204.183, se:containerName: 5de2073d35f8, se:deleteSessionOnUi: true, se:downloadsEnabled: true, se:noVncPort: 7900, se:vnc: ws://172.17.0.2:4444/sessio..., se:vncEnabled: true, se:vncLocalAddress: ws://172.17.0.2:7900, setWindowRect: true, strictFileInteractability: false, timeouts: {implicit: 0, pageLoad: 300000, script: 30000}, unhandledPromptBehavior: dismiss and notify, webauthn:extension:credBlob: true, webauthn:extension:largeBlob: true, webauthn:extension:minPinLength: true, webauthn:extension:prf: true, webauthn:virtualAuthenticators: true}
Session ID: 120feda5aa200aeb56d9fdbe11ae234c
	at org.openqa.selenium.support.ui.WebDriverWait.timeoutException(WebDriverWait.java:84)
	at org.openqa.selenium.support.ui.FluentWait.until(FluentWait.java:228)
	at utilities.WaitHelper.WaitForElement1(WaitHelper.java:30)
	at pageobjects.MaterialManagementSupplierMasterDataPage.sharepointsuppliersSubmitBtn(MaterialManagementSupplierMasterDataPage.java:198)
	at stepDefinations.materialManagementSuppliersMasterDataSteps.fill_all_the_suppliers_required_details_and_submit_the_details(materialManagementSuppliersMasterDataSteps.java:35)
	at java.base/jdk.internal.reflect.NativeMethodAccessorImpl.invoke0(Native Method)
	at java.base/jdk.internal.reflect.NativeMethodAccessorImpl.invoke(NativeMethodAccessorImpl.java:77)
	at java.base/jdk.internal.reflect.DelegatingMethodAccessorImpl.invoke(DelegatingMethodAccessorImpl.java:43)
	at java.base/java.lang.reflect.Method.invoke(Method.java:569)
	at io.cucumber.java.Invoker.doInvoke(Invoker.java:66)
	at io.cucumber.java.Invoker.invoke(Invoker.java:24)
	at io.cucumber.java.AbstractGlueDefinition.invokeMethod(AbstractGlueDefinition.java:47)
	at io.cucumber.java.JavaStepDefinition.execute(JavaStepDefinition.java:29)
	at io.cucumber.core.runner.CoreStepDefinition.execute(CoreStepDefinition.java:66)
	at io.cucumber.core.runner.PickleStepDefinitionMatch.runStep(PickleStepDefinitionMatch.java:62)
	at io.cucumber.core.runner.ExecutionMode$1.execute(ExecutionMode.java:10)
	at io.cucumber.core.runner.TestStep.executeStep(TestStep.java:81)
	at io.cucumber.core.runner.TestStep.run(TestStep.java:53)
	at io.cucumber.core.runner.PickleStepTestStep.run(PickleStepTestStep.java:51)
	at io.cucumber.core.runner.TestCase.run(TestCase.java:84)
	at io.cucumber.core.runner.Runner.runPickle(Runner.java:75)
	at io.cucumber.junit.PickleRunners$NoStepDescriptions.lambda$run$0(PickleRunners.java:151)
	at io.cucumber.core.runtime.CucumberExecutionContext.lambda$runTestCase$5(CucumberExecutionContext.java:136)
	at io.cucumber.core.runtime.RethrowingThrowableCollector.executeAndThrow(RethrowingThrowableCollector.java:23)
	at io.cucumber.core.runtime.CucumberExecutionContext.runTestCase(CucumberExecutionContext.java:136)
	at io.cucumber.junit.PickleRunners$NoStepDescriptions.run(PickleRunners.java:148)
	at io.cucumber.junit.FeatureRunner.runChild(FeatureRunner.java:144)
	at io.cucumber.junit.FeatureRunner.runChild(FeatureRunner.java:28)
	at org.junit.runners.ParentRunner$4.run(ParentRunner.java:331)
	at org.junit.runners.ParentRunner$1.schedule(ParentRunner.java:79)
	at org.junit.runners.ParentRunner.runChildren(ParentRunner.java:329)
	at org.junit.runners.ParentRunner.access$100(ParentRunner.java:66)
	at org.junit.runners.ParentRunner$2.evaluate(ParentRunner.java:293)
	at org.junit.runners.ParentRunner$3.evaluate(ParentRunner.java:306)
	at org.junit.runners.ParentRunner.run(ParentRunner.java:413)
	at io.cucumber.junit.FeatureRunner.run(FeatureRunner.java:137)
	at io.cucumber.junit.Cucumber.runChild(Cucumber.java:199)
	at io.cucumber.junit.Cucumber.runChild(Cucumber.java:89)
	at org.junit.runners.ParentRunner$4.run(ParentRunner.java:331)
	at org.junit.runners.ParentRunner$1.schedule(ParentRunner.java:79)
	at org.junit.runners.ParentRunner.runChildren(ParentRunner.java:329)
	at org.junit.runners.ParentRunner.access$100(ParentRunner.java:66)
	at org.junit.runners.ParentRunner$2.evaluate(ParentRunner.java:293)
	at io.cucumber.core.runtime.CucumberExecutionContext.lambda$runFeatures$6(CucumberExecutionContext.java:147)
	at io.cucumber.core.runtime.CucumberExecutionContext.execute(CucumberExecutionContext.java:162)
	at io.cucumber.core.runtime.CucumberExecutionContext.runFeatures(CucumberExecutionContext.java:145)
	at io.cucumber.junit.Cucumber$StartAndFinishTestRun.evaluate(Cucumber.java:229)
	at org.junit.runners.ParentRunner$3.evaluate(ParentRunner.java:306)
	at org.junit.runners.ParentRunner.run(ParentRunner.java:413)
	at org.junit.runner.JUnitCore.run(JUnitCore.java:137)
	at com.intellij.junit4.JUnit4IdeaTestRunner.startRunnerWithArgs(JUnit4IdeaTestRunner.java:69)
	at com.intellij.rt.junit.IdeaTestRunner$Repeater$1.execute(IdeaTestRunner.java:38)
	at com.intellij.rt.execution.junit.TestsRepeater.repeat(TestsRepeater.java:11)
	at com.intellij.rt.junit.IdeaTestRunner$Repeater.startRunnerWithArgs(IdeaTestRunner.java:35)
	at com.intellij.rt.junit.JUnitStarter.prepareStreamsAndStart(JUnitStarter.java:231)
	at com.intellij.rt.junit.JUnitStarter.main(JUnitStarter.java:55)
2025-08-08 15:27:50,692 [main] INFO WorkRoomWebApplication - ************* Quitting Browser *****************
2025-08-08 15:27:50,850 [main] INFO WorkRoomWebApplication - ************* Browser Closed Successfully *****************
2025-08-08 15:29:11,047 [main] INFO WorkRoomWebApplication - ************* Remote WebDriver Launched *****************
2025-08-08 15:29:11,813 [main] INFO WorkRoomWebApplication - ************* Get The Application URL  *****************
2025-08-08 15:29:38,190 [main] INFO WorkRoomWebApplication - *** Enter The Share Point Email Id ***
2025-08-08 15:29:39,888 [main] INFO WorkRoomWebApplication - *** click the next button ***
2025-08-08 15:29:40,031 [main] INFO WorkRoomWebApplication - *** Enter The Password ***
2025-08-08 15:29:41,446 [main] INFO WorkRoomWebApplication - *** clicked on the sign in Button ***
2025-08-08 15:29:43,122 [main] INFO WorkRoomWebApplication - *** clicked on the master side menu ***
2025-08-08 15:29:47,878 [main] INFO WorkRoomWebApplication - *** click the Suppliers side menu ***
2025-08-08 15:29:50,915 [main] INFO WorkRoomWebApplication - *** Click on the Add button  ***
2025-08-08 15:29:51,426 [main] INFO WorkRoomWebApplication - ***  select the Suppliers dropdown ***
2025-08-08 15:29:53,003 [main] INFO WorkRoomWebApplication - ***  Fill all the Suppliers required  details and submit the details ***
2025-08-08 15:29:57,085 [main] INFO WorkRoomWebApplication - ***  Click The Submit Button ***
2025-08-08 15:29:57,279 [main] INFO WorkRoomWebApplication - Submit button clicked successfully.
2025-08-08 15:29:57,280 [main] INFO WorkRoomWebApplication - ***  Click The Success Button ***
2025-08-08 15:29:58,195 [main] INFO WorkRoomWebApplication - ************* Quitting Browser *****************
2025-08-08 15:29:58,325 [main] INFO WorkRoomWebApplication - ************* Browser Closed Successfully *****************
2025-08-08 15:45:59,320 [main] INFO WorkRoomWebApplication - ************* Remote WebDriver Launched *****************
2025-08-08 15:46:00,090 [main] INFO WorkRoomWebApplication - ************* Get The Application URL  *****************
2025-08-08 15:46:13,020 [main] INFO WorkRoomWebApplication - *** Enter The Share Point Email Id ***
2025-08-08 15:46:14,814 [main] INFO WorkRoomWebApplication - *** click the next button ***
2025-08-08 15:46:14,989 [main] INFO WorkRoomWebApplication - *** Enter The Password ***
2025-08-08 15:46:16,695 [main] INFO WorkRoomWebApplication - *** clicked on the sign in Button ***
2025-08-08 15:46:19,042 [main] INFO WorkRoomWebApplication - *** clicked on the master side menu ***
2025-08-08 15:46:51,610 [main] INFO WorkRoomWebApplication - *** click the Suppliers side menu ***
2025-08-08 15:46:54,477 [main] INFO WorkRoomWebApplication - *** Click on the Add button  ***
2025-08-08 15:46:55,124 [main] INFO WorkRoomWebApplication - ***  select the Suppliers dropdown ***
2025-08-08 15:47:02,664 [main] INFO WorkRoomWebApplication - ***  click Supplier submit Button then check the Error Message details ***
2025-08-08 15:47:03,171 [main] INFO WorkRoomWebApplication - Submit button clicked successfully.
2025-08-08 15:47:03,172 [main] INFO WorkRoomWebApplication - ***  check the Error Message details ***
2025-08-08 15:47:03,982 [main] INFO WorkRoomWebApplication - ************* Quitting Browser *****************
2025-08-08 15:47:04,105 [main] INFO WorkRoomWebApplication - ************* Browser Closed Successfully *****************
2025-08-08 15:52:25,698 [main] INFO MaterialManagementSharePointApplication - ************* Get The Application URL  *****************
2025-08-08 15:52:39,314 [main] INFO MaterialManagementSharePointApplication - *** Enter The Share Point Email Id ***
2025-08-08 15:52:40,179 [main] INFO MaterialManagementSharePointApplication - *** click the next button ***
2025-08-08 15:52:40,303 [main] INFO MaterialManagementSharePointApplication - *** Enter The Password ***
2025-08-08 15:52:41,711 [main] INFO MaterialManagementSharePointApplication - *** clicked on the sign in Button ***
2025-08-08 15:52:44,136 [main] INFO MaterialManagementSharePointApplication - ************* Get The Application URL  *****************
2025-08-08 15:53:05,717 [main] INFO MaterialManagementSharePointApplication - *** Enter The Share Point Email Id ***
2025-08-08 15:53:06,482 [main] INFO MaterialManagementSharePointApplication - *** click the next button ***
2025-08-08 15:53:06,588 [main] INFO MaterialManagementSharePointApplication - *** Enter The Password ***
2025-08-08 15:53:07,951 [main] INFO MaterialManagementSharePointApplication - *** clicked on the sign in Button ***
2025-08-08 15:53:09,689 [main] INFO MaterialManagementSharePointApplication - *** clicked on the master side menu ***
2025-08-08 15:53:20,540 [main] INFO MaterialManagementSharePointApplication - *** clicked on the customer sub menu ***
2025-08-08 15:53:22,271 [main] INFO MaterialManagementSharePointApplication - *** clicked on the '+' icon ***
2025-08-08 15:53:22,806 [main] INFO MaterialManagementSharePointApplication - *** Selected the Customer ***
2025-08-08 15:53:24,244 [main] INFO MaterialManagementSharePointApplication - *** Filing up the Customer All the Required field ***
2025-08-08 15:53:26,943 [main] INFO MaterialManagementSharePointApplication - *** clicked the submit button ***
2025-08-08 15:53:27,063 [main] INFO MaterialManagementSharePointApplication - *** clicked the Success ok Button ***
2025-08-08 15:53:28,303 [main] INFO MaterialManagementSharePointApplication - ************* Get The Application URL  *****************
2025-08-08 15:53:58,982 [main] INFO MaterialManagementSharePointApplication - *** Enter The Share Point Email Id ***
2025-08-08 15:53:59,741 [main] INFO MaterialManagementSharePointApplication - *** click the next button ***
2025-08-08 15:53:59,850 [main] INFO MaterialManagementSharePointApplication - *** Enter The Password ***
2025-08-08 15:54:02,053 [main] INFO MaterialManagementSharePointApplication - *** clicked on the sign in Button ***
2025-08-08 15:54:03,600 [main] INFO MaterialManagementSharePointApplication - *** clicked on the master side menu ***
2025-08-08 15:54:27,453 [main] INFO MaterialManagementSharePointApplication - *** clicked on the customer sub menu ***
2025-08-08 15:54:30,115 [main] INFO MaterialManagementSharePointApplication - *** clicked on the '+' icon ***
2025-08-08 15:54:30,591 [main] INFO MaterialManagementSharePointApplication - *** Selected the Customer ***
2025-08-08 15:54:33,893 [main] INFO MaterialManagementSharePointApplication - *** Clicking the Submit Button ***
2025-08-08 15:54:34,393 [main] INFO MaterialManagementSharePointApplication - *** Checking For The Error Message ***
2025-08-08 15:54:35,374 [main] INFO MaterialManagementSharePointApplication - ************* Get The Application URL  *****************
2025-08-08 15:54:36,903 [main] INFO MaterialManagementSharePointApplication - *** Enter The Share Point Email Id ***
2025-08-08 15:54:37,638 [main] INFO MaterialManagementSharePointApplication - *** click the next button ***
2025-08-08 15:54:37,740 [main] INFO MaterialManagementSharePointApplication - *** Enter The Password ***
2025-08-08 15:54:39,222 [main] INFO MaterialManagementSharePointApplication - *** clicked on the sign in Button ***
2025-08-08 15:54:40,469 [main] INFO MaterialManagementSharePointApplication - *** clicked on the master side menu ***
2025-08-08 15:55:14,617 [main] INFO MaterialManagementSharePointApplication - *** click the Suppliers side menu ***
2025-08-08 15:55:17,305 [main] INFO MaterialManagementSharePointApplication - *** Click on the Add button  ***
2025-08-08 15:55:17,767 [main] INFO MaterialManagementSharePointApplication - ***  select the Suppliers dropdown ***
2025-08-08 15:55:20,044 [main] INFO MaterialManagementSharePointApplication - ***  Fill all the Suppliers required  details and submit the details ***
2025-08-08 15:55:22,581 [main] INFO MaterialManagementSharePointApplication - ***  Click The Submit Button ***
2025-08-08 15:55:22,731 [main] INFO MaterialManagementSharePointApplication - Submit button clicked successfully.
2025-08-08 15:55:22,731 [main] INFO MaterialManagementSharePointApplication - ***  Click The Success Button ***
2025-08-08 15:55:23,905 [main] INFO MaterialManagementSharePointApplication - ************* Get The Application URL  *****************
2025-08-08 15:55:45,148 [main] INFO MaterialManagementSharePointApplication - *** Enter The Share Point Email Id ***
2025-08-08 15:55:46,937 [main] INFO MaterialManagementSharePointApplication - *** click the next button ***
2025-08-08 15:55:47,042 [main] INFO MaterialManagementSharePointApplication - *** Enter The Password ***
2025-08-08 15:55:48,640 [main] INFO MaterialManagementSharePointApplication - *** clicked on the sign in Button ***
2025-08-08 15:55:50,251 [main] INFO MaterialManagementSharePointApplication - *** clicked on the master side menu ***
2025-08-08 15:55:59,308 [main] INFO MaterialManagementSharePointApplication - *** click the Suppliers side menu ***
2025-08-08 15:56:01,697 [main] INFO MaterialManagementSharePointApplication - *** Click on the Add button  ***
2025-08-08 15:56:02,211 [main] INFO MaterialManagementSharePointApplication - ***  select the Suppliers dropdown ***
2025-08-08 15:56:03,776 [main] INFO MaterialManagementSharePointApplication - ***  click Supplier submit Button then check the Error Message details ***
2025-08-08 15:56:04,367 [main] INFO MaterialManagementSharePointApplication - Submit button clicked successfully.
2025-08-08 15:56:04,368 [main] INFO MaterialManagementSharePointApplication - ***  check the Error Message details ***
2025-08-08 15:56:05,530 [main] INFO MaterialManagementSharePointApplication - ************* Get The Application URL  *****************
2025-08-08 15:56:28,005 [main] INFO MaterialManagementSharePointApplication - *** Enter The Share Point Email Id ***
2025-08-08 15:56:28,945 [main] INFO MaterialManagementSharePointApplication - *** click the next button ***
2025-08-08 15:56:29,062 [main] INFO MaterialManagementSharePointApplication - *** Enter The Password ***
2025-08-08 15:56:30,651 [main] INFO MaterialManagementSharePointApplication - *** clicked on the sign in Button ***
2025-08-08 15:56:32,502 [main] INFO MaterialManagementSharePointApplication - *** clicked on the master side menu ***
2025-08-08 15:56:38,397 [main] INFO MaterialManagementSharePointApplication - *** click the Materials side menu ***
2025-08-08 15:56:41,047 [main] INFO MaterialManagementSharePointApplication - *** Click on the Add '+' button ***
2025-08-08 15:56:41,507 [main] INFO MaterialManagementSharePointApplication - *** select the Materials dropdown ***
2025-08-08 15:56:43,385 [main] INFO MaterialManagementSharePointApplication - *** Fill all the required material details***
2025-08-08 15:56:44,149 [main] INFO MaterialManagementSharePointApplication - *** Fill all the required material details and Clicked The submit Button***
2025-08-08 15:56:44,288 [main] INFO MaterialManagementSharePointApplication - Submit button clicked successfully.
2025-08-08 15:56:44,288 [main] INFO MaterialManagementSharePointApplication - *** Checking and Clicked The Success Ok Button***
2025-08-08 15:56:45,898 [main] INFO MaterialManagementSharePointApplication - ************* Get The Application URL  *****************
2025-08-08 15:57:07,985 [main] INFO MaterialManagementSharePointApplication - *** Enter The Share Point Email Id ***
2025-08-08 15:57:08,927 [main] INFO MaterialManagementSharePointApplication - *** click the next button ***
2025-08-08 15:57:09,038 [main] INFO MaterialManagementSharePointApplication - *** Enter The Password ***
2025-08-08 15:57:10,620 [main] INFO MaterialManagementSharePointApplication - *** clicked on the sign in Button ***
2025-08-08 15:57:12,345 [main] INFO MaterialManagementSharePointApplication - *** clicked on the master side menu ***
2025-08-08 15:57:52,335 [main] INFO MaterialManagementSharePointApplication - *** click the Materials side menu ***
2025-08-08 15:57:56,169 [main] INFO MaterialManagementSharePointApplication - *** Click on the Add '+' button ***
2025-08-08 15:57:56,665 [main] INFO MaterialManagementSharePointApplication - *** select the Materials dropdown ***
2025-08-08 15:57:58,452 [main] INFO MaterialManagementSharePointApplication - *** click submit Button ***
2025-08-08 15:57:59,007 [main] INFO MaterialManagementSharePointApplication - Submit button clicked successfully.
2025-08-08 15:57:59,007 [main] INFO MaterialManagementSharePointApplication - ***  check the Error Message details ***
2025-08-08 17:38:12,192 [main] INFO WorkRoomWebApplication - ************* Remote WebDriver Launched *****************
2025-08-08 17:38:12,971 [main] INFO WorkRoomWebApplication - ************* Get The Application URL  *****************
2025-08-08 17:38:14,166 [main] INFO WorkRoomWebApplication - *** Enter The Share Point Email Id ***
2025-08-08 17:38:15,076 [main] INFO WorkRoomWebApplication - *** click the next button ***
2025-08-08 17:38:15,248 [main] INFO WorkRoomWebApplication - *** Enter The Password ***
2025-08-08 17:38:17,320 [main] INFO WorkRoomWebApplication - *** clicked on the sign in Button ***
2025-08-08 17:38:19,204 [main] INFO WorkRoomWebApplication - *** clicked on the master side menu ***
2025-08-08 17:38:24,464 [main] INFO WorkRoomWebApplication - *** click the subContractor side menu ***
2025-08-08 17:38:27,193 [main] INFO WorkRoomWebApplication - *** Click on the SubContractor Add button  ***
2025-08-08 17:38:28,450 [main] INFO WorkRoomWebApplication - ***  select the subContractor dropdown ***
2025-08-08 17:38:38,599 [main] INFO WorkRoomWebApplication - ***  Fill all the SubContractor required  details  ***
2025-08-08 17:40:15,469 [main] INFO WorkRoomWebApplication - ************* Remote WebDriver Launched *****************
2025-08-08 17:40:16,232 [main] INFO WorkRoomWebApplication - ************* Get The Application URL  *****************
2025-08-08 17:40:17,334 [main] INFO WorkRoomWebApplication - *** Enter The Share Point Email Id ***
2025-08-08 17:40:18,438 [main] INFO WorkRoomWebApplication - *** click the next button ***
2025-08-08 17:40:18,615 [main] INFO WorkRoomWebApplication - *** Enter The Password ***
2025-08-08 17:40:20,062 [main] INFO WorkRoomWebApplication - *** clicked on the sign in Button ***
2025-08-08 17:40:21,700 [main] INFO WorkRoomWebApplication - *** clicked on the master side menu ***
2025-08-08 17:40:29,446 [main] INFO WorkRoomWebApplication - *** click the subContractor side menu ***
2025-08-08 17:40:31,708 [main] INFO WorkRoomWebApplication - *** Click on the SubContractor Add button  ***
2025-08-08 17:40:32,165 [main] INFO WorkRoomWebApplication - ***  select the subContractor dropdown ***
2025-08-08 17:40:33,926 [main] INFO WorkRoomWebApplication - ***  Fill all the SubContractor required  details  ***
2025-08-08 17:40:37,748 [main] INFO WorkRoomWebApplication - ***  Click The Submit Button ***
2025-08-08 17:40:37,988 [main] INFO WorkRoomWebApplication - Submit button clicked successfully.
2025-08-08 17:40:37,988 [main] INFO WorkRoomWebApplication - ***  Click The Success Button ***
2025-08-08 17:40:38,998 [main] INFO WorkRoomWebApplication - ************* Quitting Browser *****************
2025-08-08 17:40:39,125 [main] INFO WorkRoomWebApplication - ************* Browser Closed Successfully *****************
2025-08-08 18:25:08,876 [main] INFO WorkRoomWebApplication - ************* Remote WebDriver Launched *****************
2025-08-08 18:25:10,271 [main] INFO WorkRoomWebApplication - ************* Get The Application URL  *****************
2025-08-08 18:25:12,832 [main] INFO WorkRoomWebApplication - *** Enter The Share Point Email Id ***
2025-08-08 18:25:14,563 [main] INFO WorkRoomWebApplication - *** click the next button ***
2025-08-08 18:25:14,973 [main] INFO WorkRoomWebApplication - *** Enter The Password ***
2025-08-08 18:25:17,026 [main] INFO WorkRoomWebApplication - *** clicked on the sign in Button ***
2025-08-08 18:25:19,785 [main] INFO WorkRoomWebApplication - *** clicked on the master side menu ***
2025-08-08 18:25:25,421 [main] INFO WorkRoomWebApplication - *** click the subContractor side menu ***
2025-08-08 18:25:28,785 [main] INFO WorkRoomWebApplication - *** Click on the SubContractor Add button  ***
2025-08-08 18:25:29,321 [main] INFO WorkRoomWebApplication - ***  select the subContractor dropdown ***
2025-08-08 18:25:31,340 [main] INFO WorkRoomWebApplication - ***  click Sucontractor submit Button  ***
2025-08-08 18:25:31,857 [main] INFO WorkRoomWebApplication - Submit button clicked successfully.
2025-08-08 18:25:31,858 [main] INFO WorkRoomWebApplication - ***   check the Error Message details ***
2025-08-08 18:25:33,407 [main] INFO WorkRoomWebApplication - ************* Quitting Browser *****************
2025-08-08 18:25:33,636 [main] INFO WorkRoomWebApplication - ************* Browser Closed Successfully *****************
2025-08-11 10:10:54,264 [main] INFO MaterialManagementSharePointApplication - ************* Get The Application URL  *****************
2025-08-11 10:10:56,495 [main] INFO MaterialManagementSharePointApplication - *** Enter The Share Point Email Id ***
2025-08-11 10:10:57,304 [main] INFO MaterialManagementSharePointApplication - *** click the next button ***
2025-08-11 10:10:57,404 [main] INFO MaterialManagementSharePointApplication - *** Enter The Password ***
2025-08-11 10:10:58,733 [main] INFO MaterialManagementSharePointApplication - *** clicked on the sign in Button ***
2025-08-11 10:40:38,647 [main] INFO MaterialManagementSharePointApplication - ************* Get The Application URL  *****************
2025-08-11 10:40:40,496 [main] INFO MaterialManagementSharePointApplication - *** Enter The Share Point Email Id ***
2025-08-11 10:40:41,464 [main] INFO MaterialManagementSharePointApplication - *** click the next button ***
2025-08-11 10:40:41,619 [main] INFO MaterialManagementSharePointApplication - *** Enter The Password ***
2025-08-11 10:40:43,766 [main] INFO MaterialManagementSharePointApplication - *** clicked on the sign in Button ***
2025-08-11 10:40:45,102 [main] INFO MaterialManagementSharePointApplication - *** clicked on the master side menu ***
2025-08-11 10:40:49,305 [main] INFO MaterialManagementSharePointApplication - *** clicked on the customer sub menu ***
2025-08-11 10:40:50,828 [main] INFO MaterialManagementSharePointApplication - *** Selecting The Customer Location Option ***
2025-08-11 10:41:00,987 [main] INFO MaterialManagementSharePointApplication - *** Selecting The Customer Option  ***
2025-08-11 10:42:20,050 [main] INFO WorkRoomWebApplication - ************* Remote WebDriver Launched *****************
2025-08-11 10:42:21,647 [main] INFO WorkRoomWebApplication - ************* Get The Application URL  *****************
2025-08-11 10:42:23,543 [main] INFO WorkRoomWebApplication - *** Enter The Share Point Email Id ***
2025-08-11 10:42:25,266 [main] INFO WorkRoomWebApplication - *** click the next button ***
2025-08-11 10:42:25,438 [main] INFO WorkRoomWebApplication - *** Enter The Password ***
2025-08-11 10:42:26,827 [main] INFO WorkRoomWebApplication - *** clicked on the sign in Button ***
2025-08-11 10:42:33,339 [main] INFO WorkRoomWebApplication - *** clicked on the master side menu ***
2025-08-11 10:42:34,070 [main] INFO WorkRoomWebApplication - *** clicked on the customer sub menu ***
2025-08-11 10:42:37,002 [main] INFO WorkRoomWebApplication - *** Selecting The Customer Location Option ***
2025-08-11 10:42:47,407 [main] INFO WorkRoomWebApplication - *** Selecting The Customer Option  ***
2025-08-11 10:44:39,071 [main] INFO WorkRoomWebApplication - ************* Remote WebDriver Launched *****************
2025-08-11 10:44:40,401 [main] INFO WorkRoomWebApplication - ************* Get The Application URL  *****************
2025-08-11 10:44:42,705 [main] INFO WorkRoomWebApplication - *** Enter The Share Point Email Id ***
2025-08-11 10:44:44,376 [main] INFO WorkRoomWebApplication - *** click the next button ***
2025-08-11 10:44:44,524 [main] INFO WorkRoomWebApplication - *** Enter The Password ***
2025-08-11 10:44:45,871 [main] INFO WorkRoomWebApplication - *** clicked on the sign in Button ***
2025-08-11 10:44:47,708 [main] INFO WorkRoomWebApplication - *** clicked on the master side menu ***
2025-08-11 10:44:54,452 [main] INFO WorkRoomWebApplication - *** clicked on the customer sub menu ***
2025-08-11 10:44:57,431 [main] INFO WorkRoomWebApplication - *** Click On The Add Button '+' Icon ***
2025-08-11 10:44:57,961 [main] INFO WorkRoomWebApplication - *** Selecting The Customer Location Option ***
2025-08-11 10:44:59,542 [main] INFO WorkRoomWebApplication - *** Selecting The Customer Option  ***
2025-08-11 10:45:00,387 [main] INFO WorkRoomWebApplication - ************* Quitting Browser *****************
2025-08-11 10:45:00,498 [main] INFO WorkRoomWebApplication - ************* Browser Closed Successfully *****************
2025-08-11 10:46:27,614 [main] INFO WorkRoomWebApplication - ************* Remote WebDriver Launched *****************
2025-08-11 10:46:28,551 [main] INFO WorkRoomWebApplication - ************* Get The Application URL  *****************
2025-08-11 10:46:30,327 [main] INFO WorkRoomWebApplication - *** Enter The Share Point Email Id ***
2025-08-11 10:46:31,726 [main] INFO WorkRoomWebApplication - *** click the next button ***
2025-08-11 10:46:31,943 [main] INFO WorkRoomWebApplication - *** Enter The Password ***
2025-08-11 10:46:33,364 [main] INFO WorkRoomWebApplication - *** clicked on the sign in Button ***
2025-08-11 10:46:35,140 [main] INFO WorkRoomWebApplication - *** clicked on the master side menu ***
2025-08-11 10:46:40,322 [main] INFO WorkRoomWebApplication - *** clicked on the customer sub menu ***
2025-08-11 10:46:42,804 [main] INFO WorkRoomWebApplication - *** Click On The Add Button '+' Icon ***
2025-08-11 10:46:44,273 [main] INFO WorkRoomWebApplication - *** Selecting The Customer Location Option ***
2025-08-11 10:46:54,365 [main] INFO WorkRoomWebApplication - *** Selecting The Customer Option  ***
2025-08-11 10:47:04,772 [main] INFO WorkRoomWebApplication - ************* Quitting Browser *****************
2025-08-11 10:47:04,875 [main] INFO WorkRoomWebApplication - ************* Browser Closed Successfully *****************
2025-08-11 10:48:48,473 [main] INFO WorkRoomWebApplication - ************* Remote WebDriver Launched *****************
2025-08-11 10:48:49,237 [main] INFO WorkRoomWebApplication - ************* Get The Application URL  *****************
2025-08-11 10:48:51,054 [main] INFO WorkRoomWebApplication - *** Enter The Share Point Email Id ***
2025-08-11 10:48:52,332 [main] INFO WorkRoomWebApplication - *** click the next button ***
2025-08-11 10:48:52,625 [main] INFO WorkRoomWebApplication - *** Enter The Password ***
2025-08-11 10:48:54,191 [main] INFO WorkRoomWebApplication - *** clicked on the sign in Button ***
2025-08-11 10:48:56,320 [main] INFO WorkRoomWebApplication - *** clicked on the master side menu ***
2025-08-11 10:49:00,381 [main] INFO WorkRoomWebApplication - *** clicked on the customer sub menu ***
2025-08-11 10:49:03,121 [main] INFO WorkRoomWebApplication - *** Click On The Add Button '+' Icon ***
2025-08-11 10:49:03,662 [main] INFO WorkRoomWebApplication - *** Selecting The Customer Location Option ***
2025-08-11 10:49:05,719 [main] INFO WorkRoomWebApplication - *** Selecting The Customer Option  ***
2025-08-11 10:49:16,690 [main] INFO WorkRoomWebApplication - ************* Quitting Browser *****************
2025-08-11 10:49:16,817 [main] INFO WorkRoomWebApplication - ************* Browser Closed Successfully *****************
2025-08-11 10:53:34,729 [main] INFO WorkRoomWebApplication - ************* Remote WebDriver Launched *****************
2025-08-11 10:53:35,814 [main] INFO WorkRoomWebApplication - ************* Get The Application URL  *****************
2025-08-11 10:53:37,758 [main] INFO WorkRoomWebApplication - *** Enter The Share Point Email Id ***
2025-08-11 10:53:39,376 [main] INFO WorkRoomWebApplication - *** click the next button ***
2025-08-11 10:53:39,624 [main] INFO WorkRoomWebApplication - *** Enter The Password ***
2025-08-11 10:53:41,066 [main] INFO WorkRoomWebApplication - *** clicked on the sign in Button ***
2025-08-11 10:53:43,092 [main] INFO WorkRoomWebApplication - *** clicked on the master side menu ***
2025-08-11 10:53:48,325 [main] INFO WorkRoomWebApplication - *** clicked on the customer sub menu ***
2025-08-11 10:53:50,502 [main] INFO WorkRoomWebApplication - *** Click On The Add Button '+' Icon ***
2025-08-11 10:53:51,015 [main] INFO WorkRoomWebApplication - *** Selecting The Customer Location Option ***
2025-08-11 10:53:53,297 [main] INFO WorkRoomWebApplication - *** Selecting The Customer Option  ***
2025-08-11 10:53:55,226 [main] INFO WorkRoomWebApplication - ************* Quitting Browser *****************
2025-08-11 10:53:55,375 [main] INFO WorkRoomWebApplication - ************* Browser Closed Successfully *****************
2025-08-11 11:05:21,707 [main] INFO WorkRoomWebApplication - ************* Remote WebDriver Launched *****************
2025-08-11 11:05:23,011 [main] INFO WorkRoomWebApplication - ************* Get The Application URL  *****************
2025-08-11 11:05:25,285 [main] INFO WorkRoomWebApplication - *** Enter The Share Point Email Id ***
2025-08-11 11:05:26,776 [main] INFO WorkRoomWebApplication - *** click the next button ***
2025-08-11 11:05:27,106 [main] INFO WorkRoomWebApplication - *** Enter The Password ***
2025-08-11 11:05:28,699 [main] INFO WorkRoomWebApplication - *** clicked on the sign in Button ***
2025-08-11 11:05:31,553 [main] INFO WorkRoomWebApplication - *** clicked on the master side menu ***
2025-08-11 11:05:37,788 [main] INFO WorkRoomWebApplication - *** clicked on the customer sub menu ***
2025-08-11 11:05:40,570 [main] INFO WorkRoomWebApplication - *** Click On The Add Button '+' Icon ***
2025-08-11 11:05:41,131 [main] INFO WorkRoomWebApplication - *** Selecting The Customer Location Option ***
2025-08-11 11:05:43,578 [main] INFO WorkRoomWebApplication - *** Selecting The Customer Option  ***
2025-08-11 11:05:45,026 [main] INFO WorkRoomWebApplication - ************* Quitting Browser *****************
2025-08-11 11:05:45,151 [main] INFO WorkRoomWebApplication - ************* Browser Closed Successfully *****************
2025-08-11 11:07:38,561 [main] INFO WorkRoomWebApplication - ************* Remote WebDriver Launched *****************
2025-08-11 11:07:39,971 [main] INFO WorkRoomWebApplication - ************* Get The Application URL  *****************
2025-08-11 11:07:42,714 [main] INFO WorkRoomWebApplication - *** Enter The Share Point Email Id ***
2025-08-11 11:07:44,220 [main] INFO WorkRoomWebApplication - *** click the next button ***
2025-08-11 11:07:44,538 [main] INFO WorkRoomWebApplication - *** Enter The Password ***
2025-08-11 11:07:46,258 [main] INFO WorkRoomWebApplication - *** clicked on the sign in Button ***
2025-08-11 11:07:48,985 [main] INFO WorkRoomWebApplication - *** clicked on the master side menu ***
2025-08-11 11:07:54,904 [main] INFO WorkRoomWebApplication - *** clicked on the customer sub menu ***
2025-08-11 11:07:58,632 [main] INFO WorkRoomWebApplication - *** Click On The Add Button '+' Icon ***
2025-08-11 11:07:59,142 [main] INFO WorkRoomWebApplication - *** Selecting The Customer Location Option ***
2025-08-11 11:08:01,545 [main] INFO WorkRoomWebApplication - *** Selecting The Customer Option  ***
2025-08-11 11:08:02,681 [main] INFO WorkRoomWebApplication - ************* Quitting Browser *****************
2025-08-11 11:08:02,818 [main] INFO WorkRoomWebApplication - ************* Browser Closed Successfully *****************
2025-08-11 11:09:31,187 [main] INFO WorkRoomWebApplication - ************* Remote WebDriver Launched *****************
2025-08-11 11:09:32,765 [main] INFO WorkRoomWebApplication - ************* Get The Application URL  *****************
2025-08-11 11:09:34,981 [main] INFO WorkRoomWebApplication - *** Enter The Share Point Email Id ***
2025-08-11 11:09:36,378 [main] INFO WorkRoomWebApplication - *** click the next button ***
2025-08-11 11:09:36,672 [main] INFO WorkRoomWebApplication - *** Enter The Password ***
2025-08-11 11:09:38,378 [main] INFO WorkRoomWebApplication - *** clicked on the sign in Button ***
2025-08-11 11:09:40,863 [main] INFO WorkRoomWebApplication - *** clicked on the master side menu ***
2025-08-11 11:09:45,995 [main] INFO WorkRoomWebApplication - *** clicked on the customer sub menu ***
2025-08-11 11:09:50,763 [main] INFO WorkRoomWebApplication - *** Click On The Add Button '+' Icon ***
2025-08-11 11:09:51,452 [main] INFO WorkRoomWebApplication - *** Selecting The Customer Location Option ***
2025-08-11 11:09:54,787 [main] INFO WorkRoomWebApplication - *** Selecting The Customer Option  ***
2025-08-11 11:09:56,330 [main] INFO WorkRoomWebApplication - ************* Quitting Browser *****************
2025-08-11 11:09:56,567 [main] INFO WorkRoomWebApplication - ************* Browser Closed Successfully *****************
2025-08-11 11:15:40,122 [main] INFO WorkRoomWebApplication - ************* Remote WebDriver Launched *****************
2025-08-11 11:15:41,550 [main] INFO WorkRoomWebApplication - ************* Get The Application URL  *****************
2025-08-11 11:15:43,555 [main] INFO WorkRoomWebApplication - *** Enter The Share Point Email Id ***
2025-08-11 11:15:45,334 [main] INFO WorkRoomWebApplication - *** click the next button ***
2025-08-11 11:15:45,540 [main] INFO WorkRoomWebApplication - *** Enter The Password ***
2025-08-11 11:15:47,216 [main] INFO WorkRoomWebApplication - *** clicked on the sign in Button ***
2025-08-11 11:15:49,478 [main] INFO WorkRoomWebApplication - *** clicked on the master side menu ***
2025-08-11 11:15:54,479 [main] INFO WorkRoomWebApplication - *** clicked on the customer sub menu ***
2025-08-11 11:15:58,892 [main] INFO WorkRoomWebApplication - *** Click On The Add Button '+' Icon ***
2025-08-11 11:15:59,443 [main] INFO WorkRoomWebApplication - *** Selecting The Customer Location Option ***
2025-08-11 11:16:01,478 [main] INFO WorkRoomWebApplication - *** Selecting The Customer Option  ***
2025-08-11 11:16:03,051 [main] INFO WorkRoomWebApplication - ************* Quitting Browser *****************
2025-08-11 11:16:03,258 [main] INFO WorkRoomWebApplication - ************* Browser Closed Successfully *****************
2025-08-11 11:17:35,018 [main] INFO WorkRoomWebApplication - ************* Remote WebDriver Launched *****************
2025-08-11 11:17:37,019 [main] INFO WorkRoomWebApplication - ************* Get The Application URL  *****************
2025-08-11 11:17:39,181 [main] INFO WorkRoomWebApplication - *** Enter The Share Point Email Id ***
2025-08-11 11:17:40,536 [main] INFO WorkRoomWebApplication - *** click the next button ***
2025-08-11 11:17:40,839 [main] INFO WorkRoomWebApplication - *** Enter The Password ***
2025-08-11 11:17:42,748 [main] INFO WorkRoomWebApplication - *** clicked on the sign in Button ***
2025-08-11 11:17:44,908 [main] INFO WorkRoomWebApplication - *** clicked on the master side menu ***
2025-08-11 11:17:50,340 [main] INFO WorkRoomWebApplication - *** clicked on the customer sub menu ***
2025-08-11 11:17:53,942 [main] INFO WorkRoomWebApplication - *** Click On The Add Button '+' Icon ***
2025-08-11 11:17:55,217 [main] INFO WorkRoomWebApplication - *** Selecting The Customer Location Option ***
2025-08-11 11:18:06,050 [main] INFO WorkRoomWebApplication - ************* Quitting Browser *****************
2025-08-11 11:18:06,200 [main] INFO WorkRoomWebApplication - ************* Browser Closed Successfully *****************
2025-08-11 11:19:33,958 [main] INFO WorkRoomWebApplication - ************* Remote WebDriver Launched *****************
2025-08-11 11:19:35,657 [main] INFO WorkRoomWebApplication - ************* Get The Application URL  *****************
2025-08-11 11:19:37,778 [main] INFO WorkRoomWebApplication - *** Enter The Share Point Email Id ***
2025-08-11 11:19:39,513 [main] INFO WorkRoomWebApplication - *** click the next button ***
2025-08-11 11:19:39,767 [main] INFO WorkRoomWebApplication - *** Enter The Password ***
2025-08-11 11:19:41,427 [main] INFO WorkRoomWebApplication - *** clicked on the sign in Button ***
2025-08-11 11:19:43,627 [main] INFO WorkRoomWebApplication - *** clicked on the master side menu ***
2025-08-11 11:19:49,998 [main] INFO WorkRoomWebApplication - *** clicked on the customer sub menu ***
2025-08-11 11:19:54,346 [main] INFO WorkRoomWebApplication - *** Click On The Add Button '+' Icon ***
2025-08-11 11:19:55,679 [main] INFO WorkRoomWebApplication - *** Selecting The Customer Location Option ***
2025-08-11 11:20:07,512 [main] INFO WorkRoomWebApplication - ************* Quitting Browser *****************
2025-08-11 11:20:07,674 [main] INFO WorkRoomWebApplication - ************* Browser Closed Successfully *****************
2025-08-11 11:20:39,958 [main] INFO WorkRoomWebApplication - ************* Remote WebDriver Launched *****************
2025-08-11 11:20:41,416 [main] INFO WorkRoomWebApplication - ************* Get The Application URL  *****************
2025-08-11 11:20:43,546 [main] INFO WorkRoomWebApplication - *** Enter The Share Point Email Id ***
2025-08-11 11:20:45,397 [main] INFO WorkRoomWebApplication - *** click the next button ***
2025-08-11 11:20:45,645 [main] INFO WorkRoomWebApplication - *** Enter The Password ***
2025-08-11 11:20:48,205 [main] INFO WorkRoomWebApplication - *** clicked on the sign in Button ***
2025-08-11 11:20:50,763 [main] INFO WorkRoomWebApplication - *** clicked on the master side menu ***
2025-08-11 11:20:56,208 [main] INFO WorkRoomWebApplication - *** clicked on the customer sub menu ***
2025-08-11 11:21:00,138 [main] INFO WorkRoomWebApplication - *** Click On The Add Button '+' Icon ***
2025-08-11 11:21:00,871 [main] INFO WorkRoomWebApplication - *** Selecting The Customer Location Option ***
2025-08-11 11:21:03,633 [main] INFO WorkRoomWebApplication - *** Selecting The Customer Option  ***
2025-08-11 11:26:19,696 [main] INFO WorkRoomWebApplication - ************* Remote WebDriver Launched *****************
2025-08-11 11:26:21,320 [main] INFO WorkRoomWebApplication - ************* Get The Application URL  *****************
2025-08-11 11:26:23,525 [main] INFO WorkRoomWebApplication - *** Enter The Share Point Email Id ***
2025-08-11 11:26:25,276 [main] INFO WorkRoomWebApplication - *** click the next button ***
2025-08-11 11:26:25,560 [main] INFO WorkRoomWebApplication - *** Enter The Password ***
2025-08-11 11:26:27,382 [main] INFO WorkRoomWebApplication - *** clicked on the sign in Button ***
2025-08-11 11:26:29,968 [main] INFO WorkRoomWebApplication - *** clicked on the master side menu ***
2025-08-11 11:26:35,058 [main] INFO WorkRoomWebApplication - *** clicked on the customer sub menu ***
2025-08-11 11:26:39,222 [main] INFO WorkRoomWebApplication - *** Click On The Add Button '+' Icon ***
2025-08-11 11:26:39,910 [main] INFO WorkRoomWebApplication - *** Selecting The Customer Location Option ***
2025-08-11 11:26:42,856 [main] INFO WorkRoomWebApplication - *** Selecting The Customer Option  ***
2025-08-11 11:32:22,959 [main] INFO WorkRoomWebApplication - ************* Remote WebDriver Launched *****************
2025-08-11 11:32:24,399 [main] INFO WorkRoomWebApplication - ************* Get The Application URL  *****************
2025-08-11 11:32:26,850 [main] INFO WorkRoomWebApplication - *** Enter The Share Point Email Id ***
2025-08-11 11:32:28,346 [main] INFO WorkRoomWebApplication - *** click the next button ***
2025-08-11 11:32:28,615 [main] INFO WorkRoomWebApplication - *** Enter The Password ***
2025-08-11 11:32:30,341 [main] INFO WorkRoomWebApplication - *** clicked on the sign in Button ***
2025-08-11 11:32:33,974 [main] INFO WorkRoomWebApplication - *** clicked on the master side menu ***
2025-08-11 11:32:39,508 [main] INFO WorkRoomWebApplication - *** clicked on the customer sub menu ***
2025-08-11 11:32:42,507 [main] INFO WorkRoomWebApplication - *** Click On The Add Button '+' Icon ***
2025-08-11 11:32:43,788 [main] INFO WorkRoomWebApplication - *** Selecting The Customer Location Option ***
2025-08-11 11:41:59,245 [main] INFO WorkRoomWebApplication - ************* Remote WebDriver Launched *****************
2025-08-11 11:42:01,083 [main] INFO WorkRoomWebApplication - ************* Get The Application URL  *****************
2025-08-11 11:42:03,252 [main] INFO WorkRoomWebApplication - *** Enter The Share Point Email Id ***
2025-08-11 11:42:04,536 [main] INFO WorkRoomWebApplication - *** click the next button ***
2025-08-11 11:42:04,863 [main] INFO WorkRoomWebApplication - *** Enter The Password ***
2025-08-11 11:42:06,506 [main] INFO WorkRoomWebApplication - *** clicked on the sign in Button ***
2025-08-11 11:42:13,303 [main] INFO WorkRoomWebApplication - *** clicked on the master side menu ***
2025-08-11 11:42:13,789 [main] INFO WorkRoomWebApplication - *** clicked on the customer sub menu ***
2025-08-11 11:42:16,746 [main] INFO WorkRoomWebApplication - *** Click On The Add Button '+' Icon ***
2025-08-11 11:42:17,273 [main] INFO WorkRoomWebApplication - *** Selecting The Customer Location Option ***
2025-08-11 11:42:19,880 [main] INFO WorkRoomWebApplication - *** Selecting The Customer Option  ***
2025-08-11 11:44:34,337 [main] INFO WorkRoomWebApplication - ************* Remote WebDriver Launched *****************
2025-08-11 11:44:36,134 [main] INFO WorkRoomWebApplication - ************* Get The Application URL  *****************
2025-08-11 11:44:38,078 [main] INFO WorkRoomWebApplication - *** Enter The Share Point Email Id ***
2025-08-11 11:44:39,456 [main] INFO WorkRoomWebApplication - *** click the next button ***
2025-08-11 11:44:39,751 [main] INFO WorkRoomWebApplication - *** Enter The Password ***
2025-08-11 11:44:41,540 [main] INFO WorkRoomWebApplication - *** clicked on the sign in Button ***
2025-08-11 11:44:43,518 [main] INFO WorkRoomWebApplication - *** clicked on the master side menu ***
2025-08-11 11:44:48,339 [main] INFO WorkRoomWebApplication - *** clicked on the customer sub menu ***
2025-08-11 11:44:51,980 [main] INFO WorkRoomWebApplication - *** Click On The Add Button '+' Icon ***
2025-08-11 11:44:52,568 [main] INFO WorkRoomWebApplication - *** Selecting The Customer Location Option ***
2025-08-11 11:44:54,862 [main] INFO WorkRoomWebApplication - *** Selecting The Customer Option  ***
2025-08-11 11:52:14,681 [main] INFO WorkRoomWebApplication - ************* Remote WebDriver Launched *****************
2025-08-11 11:52:16,373 [main] INFO WorkRoomWebApplication - ************* Get The Application URL  *****************
2025-08-11 11:52:18,481 [main] INFO WorkRoomWebApplication - *** Enter The Share Point Email Id ***
2025-08-11 11:52:20,334 [main] INFO WorkRoomWebApplication - *** click the next button ***
2025-08-11 11:52:20,793 [main] INFO WorkRoomWebApplication - *** Enter The Password ***
2025-08-11 11:52:22,393 [main] INFO WorkRoomWebApplication - *** clicked on the sign in Button ***
2025-08-11 11:52:24,582 [main] INFO WorkRoomWebApplication - *** clicked on the master side menu ***
2025-08-11 11:52:30,387 [main] INFO WorkRoomWebApplication - *** clicked on the customer sub menu ***
2025-08-11 11:52:32,957 [main] INFO WorkRoomWebApplication - *** Click On The Add Button '+' Icon ***
2025-08-11 11:52:33,550 [main] INFO WorkRoomWebApplication - *** Selecting The Customer Location Option ***
2025-08-11 11:52:35,941 [main] INFO WorkRoomWebApplication - *** Selecting The Customer Option  ***
2025-08-11 12:01:49,930 [main] INFO WorkRoomWebApplication - ************* Remote WebDriver Launched *****************
2025-08-11 12:01:51,686 [main] INFO WorkRoomWebApplication - ************* Get The Application URL  *****************
2025-08-11 12:01:54,063 [main] INFO WorkRoomWebApplication - *** Enter The Share Point Email Id ***
2025-08-11 12:01:55,748 [main] INFO WorkRoomWebApplication - *** click the next button ***
2025-08-11 12:01:56,013 [main] INFO WorkRoomWebApplication - *** Enter The Password ***
2025-08-11 12:01:57,844 [main] INFO WorkRoomWebApplication - *** clicked on the sign in Button ***
2025-08-11 12:02:01,474 [main] INFO WorkRoomWebApplication - *** clicked on the master side menu ***
2025-08-11 12:02:05,923 [main] INFO WorkRoomWebApplication - *** clicked on the customer sub menu ***
2025-08-11 12:02:09,520 [main] INFO WorkRoomWebApplication - *** Click On The Add Button '+' Icon ***
2025-08-11 12:02:10,043 [main] INFO WorkRoomWebApplication - *** Selecting The Customer Location Option ***
2025-08-11 12:02:12,099 [main] INFO WorkRoomWebApplication - *** Selecting The Customer Option  ***
2025-08-11 12:02:14,288 [main] INFO WorkRoomWebApplication - *** Select The SiteLocation if available ***
2025-08-11 12:21:01,990 [main] INFO WorkRoomWebApplication - ************* Remote WebDriver Launched *****************
2025-08-11 12:21:02,907 [main] INFO WorkRoomWebApplication - ************* Get The Application URL  *****************
2025-08-11 12:21:05,416 [main] INFO WorkRoomWebApplication - *** Enter The Share Point Email Id ***
2025-08-11 12:21:06,440 [main] INFO WorkRoomWebApplication - *** click the next button ***
2025-08-11 12:21:06,776 [main] INFO WorkRoomWebApplication - *** Enter The Password ***
2025-08-11 12:21:08,309 [main] INFO WorkRoomWebApplication - *** clicked on the sign in Button ***
2025-08-11 12:21:10,387 [main] INFO WorkRoomWebApplication - *** clicked on the master side menu ***
2025-08-11 12:21:15,307 [main] INFO WorkRoomWebApplication - *** clicked on the customer sub menu ***
2025-08-11 12:21:18,444 [main] INFO WorkRoomWebApplication - *** clicked on the '+' icon ***
2025-08-11 12:21:18,984 [main] INFO WorkRoomWebApplication - *** Selected the Customer ***
2025-08-11 12:21:20,326 [main] INFO WorkRoomWebApplication - *** Clicking the Submit Button ***
2025-08-11 12:21:20,869 [main] INFO WorkRoomWebApplication - *** Checking For The Error Message ***
2025-08-11 12:22:09,757 [main] INFO WorkRoomWebApplication - ************* Remote WebDriver Launched *****************
2025-08-11 12:22:10,565 [main] INFO WorkRoomWebApplication - ************* Get The Application URL  *****************
2025-08-11 12:22:12,444 [main] INFO WorkRoomWebApplication - *** Enter The Share Point Email Id ***
2025-08-11 12:22:13,832 [main] INFO WorkRoomWebApplication - *** click the next button ***
2025-08-11 12:22:14,141 [main] INFO WorkRoomWebApplication - *** Enter The Password ***
2025-08-11 12:22:15,602 [main] INFO WorkRoomWebApplication - *** clicked on the sign in Button ***
2025-08-11 12:22:17,316 [main] INFO WorkRoomWebApplication - *** clicked on the master side menu ***
2025-08-11 12:22:22,305 [main] INFO WorkRoomWebApplication - *** clicked on the customer sub menu ***
2025-08-11 12:22:24,924 [main] INFO WorkRoomWebApplication - *** Click On The Add Button '+' Icon ***
2025-08-11 12:22:26,433 [main] INFO WorkRoomWebApplication - *** Selecting The Customer Location Option ***
2025-08-11 12:23:17,086 [main] INFO WorkRoomWebApplication - ************* Remote WebDriver Launched *****************
2025-08-11 12:23:18,209 [main] INFO WorkRoomWebApplication - ************* Get The Application URL  *****************
2025-08-11 12:23:20,410 [main] INFO WorkRoomWebApplication - *** Enter The Share Point Email Id ***
2025-08-11 12:23:22,004 [main] INFO WorkRoomWebApplication - *** click the next button ***
2025-08-11 12:23:22,135 [main] INFO WorkRoomWebApplication - *** Enter The Password ***
2025-08-11 12:23:23,466 [main] INFO WorkRoomWebApplication - *** clicked on the sign in Button ***
2025-08-11 12:23:25,401 [main] INFO WorkRoomWebApplication - *** clicked on the master side menu ***
2025-08-11 12:23:29,938 [main] INFO WorkRoomWebApplication - *** clicked on the customer sub menu ***
2025-08-11 12:23:31,694 [main] INFO WorkRoomWebApplication - *** Click On The Add Button '+' Icon ***
2025-08-11 12:23:32,196 [main] INFO WorkRoomWebApplication - *** Selecting The Customer Location Option ***
2025-08-11 12:23:33,514 [main] INFO WorkRoomWebApplication - *** Selecting The Customer Option  ***
2025-08-11 12:23:35,847 [main] INFO WorkRoomWebApplication - *** Select The SiteLocation if available ***
2025-08-11 12:23:37,227 [main] INFO WorkRoomWebApplication - *** Add The Loction  ***
2025-08-11 12:23:37,820 [main] INFO WorkRoomWebApplication - ***  Click The Submit Button ***
2025-08-11 12:38:35,541 [main] INFO WorkRoomWebApplication - ************* Remote WebDriver Launched *****************
2025-08-11 12:38:36,485 [main] INFO WorkRoomWebApplication - ************* Get The Application URL  *****************
2025-08-11 12:38:38,344 [main] INFO WorkRoomWebApplication - *** Enter The Share Point Email Id ***
2025-08-11 12:38:39,752 [main] INFO WorkRoomWebApplication - *** click the next button ***
2025-08-11 12:38:39,981 [main] INFO WorkRoomWebApplication - *** Enter The Password ***
2025-08-11 12:38:41,423 [main] INFO WorkRoomWebApplication - *** clicked on the sign in Button ***
2025-08-11 12:38:43,132 [main] INFO WorkRoomWebApplication - *** clicked on the master side menu ***
2025-08-11 12:38:48,434 [main] INFO WorkRoomWebApplication - *** clicked on the customer sub menu ***
2025-08-11 12:38:50,831 [main] INFO WorkRoomWebApplication - *** Click On The Add Button '+' Icon ***
2025-08-11 12:38:51,387 [main] INFO WorkRoomWebApplication - *** Selecting The Customer Location Option ***
2025-08-11 12:38:53,064 [main] INFO WorkRoomWebApplication - *** Selecting The Customer Option  ***
2025-08-11 12:38:55,454 [main] INFO WorkRoomWebApplication - *** Select The SiteLocation if available ***
2025-08-11 12:38:57,363 [main] INFO WorkRoomWebApplication - *** Add The Loction  ***
2025-08-11 12:38:58,041 [main] INFO WorkRoomWebApplication - ***  Click The Submit Button ***
2025-08-11 12:38:58,239 [main] INFO WorkRoomWebApplication - *** Success Message For The Location Validation Done ***
2025-08-11 12:40:27,126 [main] INFO WorkRoomWebApplication - ************* Remote WebDriver Launched *****************
2025-08-11 12:40:28,268 [main] INFO WorkRoomWebApplication - ************* Get The Application URL  *****************
2025-08-11 12:40:30,104 [main] INFO WorkRoomWebApplication - *** Enter The Share Point Email Id ***
2025-08-11 12:40:31,534 [main] INFO WorkRoomWebApplication - *** click the next button ***
2025-08-11 12:40:31,795 [main] INFO WorkRoomWebApplication - *** Enter The Password ***
2025-08-11 12:40:33,236 [main] INFO WorkRoomWebApplication - *** clicked on the sign in Button ***
2025-08-11 12:40:34,995 [main] INFO WorkRoomWebApplication - *** clicked on the master side menu ***
2025-08-11 12:40:39,569 [main] INFO WorkRoomWebApplication - *** clicked on the customer sub menu ***
2025-08-11 12:40:43,014 [main] INFO WorkRoomWebApplication - *** Click On The Add Button '+' Icon ***
2025-08-11 12:40:43,411 [main] INFO WorkRoomWebApplication - *** Selecting The Customer Location Option ***
2025-08-11 12:40:45,049 [main] INFO WorkRoomWebApplication - *** Selecting The Customer Option  ***
2025-08-11 12:40:47,392 [main] INFO WorkRoomWebApplication - *** Select The SiteLocation if available ***
2025-08-11 12:40:49,329 [main] INFO WorkRoomWebApplication - *** Add The Loction  ***
2025-08-11 12:40:49,984 [main] INFO WorkRoomWebApplication - ***  Click The Submit Button ***
2025-08-11 12:40:50,160 [main] INFO WorkRoomWebApplication - *** Success Message For The Location Validation Done ***
2025-08-11 12:45:09,027 [main] INFO WorkRoomWebApplication - ************* Remote WebDriver Launched *****************
2025-08-11 12:45:10,054 [main] INFO WorkRoomWebApplication - ************* Get The Application URL  *****************
2025-08-11 12:45:11,978 [main] INFO WorkRoomWebApplication - *** Enter The Share Point Email Id ***
2025-08-11 12:45:13,398 [main] INFO WorkRoomWebApplication - *** click the next button ***
2025-08-11 12:45:13,587 [main] INFO WorkRoomWebApplication - *** Enter The Password ***
2025-08-11 12:45:15,089 [main] INFO WorkRoomWebApplication - *** clicked on the sign in Button ***
2025-08-11 12:45:17,428 [main] INFO WorkRoomWebApplication - *** clicked on the master side menu ***
2025-08-11 12:45:21,413 [main] INFO WorkRoomWebApplication - *** clicked on the customer sub menu ***
2025-08-11 12:45:24,317 [main] INFO WorkRoomWebApplication - *** Click On The Add Button '+' Icon ***
2025-08-11 12:45:24,841 [main] INFO WorkRoomWebApplication - *** Selecting The Customer Location Option ***
2025-08-11 12:45:26,689 [main] INFO WorkRoomWebApplication - *** Selecting The Customer Option  ***
2025-08-11 12:45:28,844 [main] INFO WorkRoomWebApplication - *** Select The SiteLocation if available ***
2025-08-11 12:45:30,090 [main] INFO WorkRoomWebApplication - *** Add The Loction  ***
2025-08-11 12:45:31,481 [main] INFO WorkRoomWebApplication - ***  Click The Submit Button ***
2025-08-11 12:45:32,778 [main] INFO WorkRoomWebApplication - *** Success Message For The Location Validation Done ***
2025-08-11 12:46:21,564 [main] INFO WorkRoomWebApplication - ************* Remote WebDriver Launched *****************
2025-08-11 12:46:22,555 [main] INFO WorkRoomWebApplication - ************* Get The Application URL  *****************
2025-08-11 12:46:24,520 [main] INFO WorkRoomWebApplication - *** Enter The Share Point Email Id ***
2025-08-11 12:46:26,220 [main] INFO WorkRoomWebApplication - *** click the next button ***
2025-08-11 12:46:26,385 [main] INFO WorkRoomWebApplication - *** Enter The Password ***
2025-08-11 12:46:27,759 [main] INFO WorkRoomWebApplication - *** clicked on the sign in Button ***
2025-08-11 12:46:29,909 [main] INFO WorkRoomWebApplication - *** clicked on the master side menu ***
2025-08-11 12:46:33,929 [main] INFO WorkRoomWebApplication - *** clicked on the customer sub menu ***
2025-08-11 12:46:36,240 [main] INFO WorkRoomWebApplication - *** Click On The Add Button '+' Icon ***
2025-08-11 12:46:36,760 [main] INFO WorkRoomWebApplication - *** Selecting The Customer Location Option ***
2025-08-11 12:46:39,447 [main] INFO WorkRoomWebApplication - *** Selecting The Customer Option  ***
2025-08-11 12:46:41,503 [main] INFO WorkRoomWebApplication - *** Select The SiteLocation if available ***
2025-08-11 12:46:43,381 [main] INFO WorkRoomWebApplication - *** Add The Loction  ***
2025-08-11 12:46:44,072 [main] INFO WorkRoomWebApplication - ***  Click The Submit Button ***
2025-08-11 12:46:44,260 [main] INFO WorkRoomWebApplication - *** Success Message For The Location Validation Done ***
2025-08-11 12:50:08,421 [main] INFO WorkRoomWebApplication - ************* Remote WebDriver Launched *****************
2025-08-11 12:50:09,201 [main] INFO WorkRoomWebApplication - ************* Get The Application URL  *****************
2025-08-11 12:50:11,116 [main] INFO WorkRoomWebApplication - *** Enter The Share Point Email Id ***
2025-08-11 12:50:12,181 [main] INFO WorkRoomWebApplication - *** click the next button ***
2025-08-11 12:50:12,553 [main] INFO WorkRoomWebApplication - *** Enter The Password ***
2025-08-11 12:50:14,018 [main] INFO WorkRoomWebApplication - *** clicked on the sign in Button ***
2025-08-11 12:50:16,118 [main] INFO WorkRoomWebApplication - *** clicked on the master side menu ***
2025-08-11 12:50:20,390 [main] INFO WorkRoomWebApplication - *** clicked on the customer sub menu ***
2025-08-11 12:50:23,000 [main] INFO WorkRoomWebApplication - *** Click On The Add Button '+' Icon ***
2025-08-11 12:50:24,638 [main] INFO WorkRoomWebApplication - *** Selecting The Customer Location Option ***
2025-08-11 13:08:46,904 [main] INFO WorkRoomWebApplication - ************* Remote WebDriver Launched *****************
2025-08-11 13:08:47,765 [main] INFO WorkRoomWebApplication - ************* Get The Application URL  *****************
2025-08-11 13:08:49,743 [main] INFO WorkRoomWebApplication - *** Enter The Share Point Email Id ***
2025-08-11 13:08:51,411 [main] INFO WorkRoomWebApplication - *** click the next button ***
2025-08-11 13:08:51,645 [main] INFO WorkRoomWebApplication - *** Enter The Password ***
2025-08-11 13:08:53,316 [main] INFO WorkRoomWebApplication - *** clicked on the sign in Button ***
2025-08-11 13:08:55,608 [main] INFO WorkRoomWebApplication - *** clicked on the master side menu ***
2025-08-11 13:08:59,716 [main] INFO WorkRoomWebApplication - *** clicked on the customer sub menu ***
2025-08-11 13:09:02,120 [main] INFO WorkRoomWebApplication - *** Click On The Add Button '+' Icon ***
2025-08-11 13:09:02,668 [main] INFO WorkRoomWebApplication - *** Selecting The Customer Location Option ***
2025-08-11 13:09:04,458 [main] INFO WorkRoomWebApplication - *** Selecting The Customer Option  ***
2025-08-11 13:09:06,477 [main] INFO WorkRoomWebApplication - *** Select The SiteLocation if available ***
2025-08-11 13:09:07,951 [main] INFO WorkRoomWebApplication - *** Add The Loction  ***
2025-08-11 13:09:08,494 [main] INFO WorkRoomWebApplication - ***  Click The Submit Button ***
2025-08-11 13:09:08,685 [main] INFO WorkRoomWebApplication - *** Success Message For The Location Validation Done ***
2025-08-11 13:15:33,035 [main] INFO WorkRoomWebApplication - ************* Remote WebDriver Launched *****************
2025-08-11 13:15:33,868 [main] INFO WorkRoomWebApplication - ************* Get The Application URL  *****************
2025-08-11 13:15:35,818 [main] INFO WorkRoomWebApplication - *** Enter The Share Point Email Id ***
2025-08-11 13:15:36,893 [main] INFO WorkRoomWebApplication - *** click the next button ***
2025-08-11 13:15:37,173 [main] INFO WorkRoomWebApplication - *** Enter The Password ***
2025-08-11 13:15:39,144 [main] INFO WorkRoomWebApplication - *** clicked on the sign in Button ***
2025-08-11 13:15:40,729 [main] INFO WorkRoomWebApplication - *** clicked on the master side menu ***
2025-08-11 13:15:46,701 [main] INFO WorkRoomWebApplication - *** clicked on the customer sub menu ***
2025-08-11 13:15:48,999 [main] INFO WorkRoomWebApplication - *** Click On The Add Button '+' Icon ***
2025-08-11 13:15:49,504 [main] INFO WorkRoomWebApplication - *** Selecting The Customer Location Option ***
2025-08-11 13:15:51,390 [main] INFO WorkRoomWebApplication - *** Selecting The Customer Option  ***
2025-08-11 13:15:53,393 [main] INFO WorkRoomWebApplication - *** Select The SiteLocation if available ***
2025-08-11 13:15:54,873 [main] INFO WorkRoomWebApplication - *** Add The Loction  ***
2025-08-11 13:15:55,495 [main] INFO WorkRoomWebApplication - ***  Click The Submit Button ***
2025-08-11 13:15:55,687 [main] INFO WorkRoomWebApplication - *** Success Message For The Location Validation Done ***
2025-08-11 13:18:17,343 [main] INFO WorkRoomWebApplication - ************* Remote WebDriver Launched *****************
2025-08-11 13:18:18,410 [main] INFO WorkRoomWebApplication - ************* Get The Application URL  *****************
2025-08-11 13:18:20,745 [main] INFO WorkRoomWebApplication - *** Enter The Share Point Email Id ***
2025-08-11 13:18:22,036 [main] INFO WorkRoomWebApplication - *** click the next button ***
2025-08-11 13:18:22,370 [main] INFO WorkRoomWebApplication - *** Enter The Password ***
2025-08-11 13:18:23,911 [main] INFO WorkRoomWebApplication - *** clicked on the sign in Button ***
2025-08-11 13:18:26,241 [main] INFO WorkRoomWebApplication - *** clicked on the master side menu ***
2025-08-11 13:18:30,278 [main] INFO WorkRoomWebApplication - *** clicked on the customer sub menu ***
2025-08-11 13:18:33,397 [main] INFO WorkRoomWebApplication - *** Click On The Add Button '+' Icon ***
2025-08-11 13:18:33,877 [main] INFO WorkRoomWebApplication - *** Selecting The Customer Location Option ***
2025-08-11 13:18:35,742 [main] INFO WorkRoomWebApplication - *** Selecting The Customer Option  ***
2025-08-11 13:18:37,633 [main] INFO WorkRoomWebApplication - *** Select The SiteLocation if available ***
2025-08-11 13:18:39,067 [main] INFO WorkRoomWebApplication - *** Add The Loction  ***
2025-08-11 13:18:39,704 [main] INFO WorkRoomWebApplication - ***  Click The Submit Button ***
2025-08-11 13:18:39,879 [main] INFO WorkRoomWebApplication - *** Success Message For The Location Validation Done ***
2025-08-11 13:20:47,857 [main] INFO WorkRoomWebApplication - ************* Remote WebDriver Launched *****************
2025-08-11 13:20:49,106 [main] INFO WorkRoomWebApplication - ************* Get The Application URL  *****************
2025-08-11 13:20:50,947 [main] INFO WorkRoomWebApplication - *** Enter The Share Point Email Id ***
2025-08-11 13:20:52,350 [main] INFO WorkRoomWebApplication - *** click the next button ***
2025-08-11 13:20:52,617 [main] INFO WorkRoomWebApplication - *** Enter The Password ***
2025-08-11 13:20:54,141 [main] INFO WorkRoomWebApplication - *** clicked on the sign in Button ***
2025-08-11 13:20:55,898 [main] INFO WorkRoomWebApplication - *** clicked on the master side menu ***
2025-08-11 13:21:01,890 [main] INFO WorkRoomWebApplication - *** clicked on the customer sub menu ***
2025-08-11 13:21:04,256 [main] INFO WorkRoomWebApplication - *** Click On The Add Button '+' Icon ***
2025-08-11 13:21:04,785 [main] INFO WorkRoomWebApplication - *** Selecting The Customer Location Option ***
2025-08-11 13:21:06,194 [main] INFO WorkRoomWebApplication - *** Selecting The Customer Option  ***
2025-08-11 13:21:08,172 [main] INFO WorkRoomWebApplication - *** Select The SiteLocation if available ***
2025-08-11 13:21:09,961 [main] INFO WorkRoomWebApplication - *** Add The Loction  ***
2025-08-11 13:21:10,724 [main] INFO WorkRoomWebApplication - ***  Click The Submit Button ***
2025-08-11 13:21:10,919 [main] INFO WorkRoomWebApplication - *** Success Message For The Location Validation Done ***
2025-08-11 13:22:44,892 [main] INFO WorkRoomWebApplication - ************* Remote WebDriver Launched *****************
2025-08-11 13:22:45,728 [main] INFO WorkRoomWebApplication - ************* Get The Application URL  *****************
2025-08-11 13:22:49,174 [main] INFO WorkRoomWebApplication - *** Enter The Share Point Email Id ***
2025-08-11 13:22:50,252 [main] INFO WorkRoomWebApplication - *** click the next button ***
2025-08-11 13:22:50,607 [main] INFO WorkRoomWebApplication - *** Enter The Password ***
2025-08-11 13:22:51,956 [main] INFO WorkRoomWebApplication - *** clicked on the sign in Button ***
2025-08-11 13:22:53,932 [main] INFO WorkRoomWebApplication - *** clicked on the master side menu ***
2025-08-11 13:22:58,338 [main] INFO WorkRoomWebApplication - *** clicked on the customer sub menu ***
2025-08-11 13:23:02,726 [main] INFO WorkRoomWebApplication - *** Click On The Add Button '+' Icon ***
2025-08-11 13:23:04,027 [main] INFO WorkRoomWebApplication - *** Selecting The Customer Location Option ***
2025-08-11 13:23:39,779 [main] INFO WorkRoomWebApplication - ************* Remote WebDriver Launched *****************
2025-08-11 13:23:40,858 [main] INFO WorkRoomWebApplication - ************* Get The Application URL  *****************
2025-08-11 13:23:42,773 [main] INFO WorkRoomWebApplication - *** Enter The Share Point Email Id ***
2025-08-11 13:23:43,994 [main] INFO WorkRoomWebApplication - *** click the next button ***
2025-08-11 13:23:44,221 [main] INFO WorkRoomWebApplication - *** Enter The Password ***
2025-08-11 13:23:45,792 [main] INFO WorkRoomWebApplication - *** clicked on the sign in Button ***
2025-08-11 13:23:47,477 [main] INFO WorkRoomWebApplication - *** clicked on the master side menu ***
2025-08-11 13:23:53,539 [main] INFO WorkRoomWebApplication - *** clicked on the customer sub menu ***
2025-08-11 13:23:55,751 [main] INFO WorkRoomWebApplication - *** Click On The Add Button '+' Icon ***
2025-08-11 13:23:56,266 [main] INFO WorkRoomWebApplication - *** Selecting The Customer Location Option ***
2025-08-11 13:23:57,641 [main] INFO WorkRoomWebApplication - *** Selecting The Customer Option  ***
2025-08-11 13:23:59,795 [main] INFO WorkRoomWebApplication - *** Select The SiteLocation if available ***
2025-08-11 13:24:01,301 [main] INFO WorkRoomWebApplication - *** Add The Loction  ***
2025-08-11 13:24:01,835 [main] INFO WorkRoomWebApplication - ***  Click The Submit Button ***
2025-08-11 13:24:02,011 [main] INFO WorkRoomWebApplication - *** Success Message For The Location Validation Done ***
2025-08-11 13:25:03,642 [main] INFO WorkRoomWebApplication - ************* Remote WebDriver Launched *****************
2025-08-11 13:25:04,745 [main] INFO WorkRoomWebApplication - ************* Get The Application URL  *****************
2025-08-11 13:25:06,733 [main] INFO WorkRoomWebApplication - *** Enter The Share Point Email Id ***
2025-08-11 13:25:07,912 [main] INFO WorkRoomWebApplication - *** click the next button ***
2025-08-11 13:25:08,194 [main] INFO WorkRoomWebApplication - *** Enter The Password ***
2025-08-11 13:25:09,924 [main] INFO WorkRoomWebApplication - *** clicked on the sign in Button ***
2025-08-11 13:25:16,315 [main] INFO WorkRoomWebApplication - *** clicked on the master side menu ***
2025-08-11 13:25:16,823 [main] INFO WorkRoomWebApplication - *** clicked on the customer sub menu ***
2025-08-11 13:25:18,981 [main] INFO WorkRoomWebApplication - *** Click On The Add Button '+' Icon ***
2025-08-11 13:25:19,520 [main] INFO WorkRoomWebApplication - *** Selecting The Customer Location Option ***
2025-08-11 13:25:21,269 [main] INFO WorkRoomWebApplication - *** Selecting The Customer Option  ***
2025-08-11 13:25:23,297 [main] INFO WorkRoomWebApplication - *** Select The SiteLocation if available ***
2025-08-11 13:25:25,152 [main] INFO WorkRoomWebApplication - *** Add The Loction  ***
2025-08-11 13:25:25,743 [main] INFO WorkRoomWebApplication - ***  Click The Submit Button ***
2025-08-11 13:25:25,932 [main] INFO WorkRoomWebApplication - *** Success Message For The Location Validation Done ***
2025-08-11 13:27:34,747 [main] INFO WorkRoomWebApplication - ************* Remote WebDriver Launched *****************
2025-08-11 13:27:36,007 [main] INFO WorkRoomWebApplication - ************* Get The Application URL  *****************
2025-08-11 13:27:37,644 [main] INFO WorkRoomWebApplication - *** Enter The Share Point Email Id ***
2025-08-11 13:27:38,957 [main] INFO WorkRoomWebApplication - *** click the next button ***
2025-08-11 13:27:39,140 [main] INFO WorkRoomWebApplication - *** Enter The Password ***
2025-08-11 13:27:40,670 [main] INFO WorkRoomWebApplication - *** clicked on the sign in Button ***
2025-08-11 13:27:42,694 [main] INFO WorkRoomWebApplication - *** clicked on the master side menu ***
2025-08-11 13:27:47,837 [main] INFO WorkRoomWebApplication - *** clicked on the customer sub menu ***
2025-08-11 13:27:49,807 [main] INFO WorkRoomWebApplication - *** Click On The Add Button '+' Icon ***
2025-08-11 13:27:50,339 [main] INFO WorkRoomWebApplication - *** Selecting The Customer Location Option ***
2025-08-11 13:27:51,963 [main] INFO WorkRoomWebApplication - *** Selecting The Customer Option  ***
2025-08-11 13:27:54,155 [main] INFO WorkRoomWebApplication - *** Select The SiteLocation if available ***
2025-08-11 13:27:55,813 [main] INFO WorkRoomWebApplication - *** Add The Loction  ***
2025-08-11 13:27:56,380 [main] INFO WorkRoomWebApplication - ***  Click The Submit Button ***
2025-08-11 13:27:56,527 [main] INFO WorkRoomWebApplication - *** Success Message For The Location Validation Done ***
2025-08-11 17:29:25,712 [main] INFO WorkRoomWebApplication - ************* Remote WebDriver Launched *****************
2025-08-11 17:29:27,255 [main] INFO WorkRoomWebApplication - ************* Get The Application URL  *****************
2025-08-11 17:29:29,420 [main] INFO WorkRoomWebApplication - *** Enter The Share Point Email Id ***
2025-08-11 17:29:31,150 [main] INFO WorkRoomWebApplication - *** click the next button ***
2025-08-11 17:29:31,541 [main] INFO WorkRoomWebApplication - *** Enter The Password ***
2025-08-11 17:29:33,296 [main] INFO WorkRoomWebApplication - *** clicked on the sign in Button ***
2025-08-11 17:29:35,058 [main] INFO WorkRoomWebApplication - *** clicked on the master side menu ***
2025-08-11 17:29:40,747 [main] INFO WorkRoomWebApplication - *** clicked on the customer sub menu ***
2025-08-11 17:29:43,278 [main] INFO WorkRoomWebApplication - *** Click On The Add Button '+' Icon ***
2025-08-11 17:29:43,798 [main] INFO WorkRoomWebApplication - *** Selecting The Customer Location Option ***
2025-08-11 17:29:45,754 [main] INFO WorkRoomWebApplication - *** Selecting The Customer Option  ***
2025-08-11 17:29:48,070 [main] INFO WorkRoomWebApplication - *** Select The SiteLocation if available ***
2025-08-11 17:29:50,082 [main] INFO WorkRoomWebApplication - *** Add The Loction  ***
2025-08-11 17:29:51,233 [main] INFO WorkRoomWebApplication - ***  Click The Submit Button ***
2025-08-11 17:29:51,595 [main] INFO WorkRoomWebApplication - *** Success Message For The Location Validation Done ***
2025-08-11 17:46:14,989 [main] INFO WorkRoomWebApplication - ************* Launching CHROME Browser *****************
2025-08-11 17:46:16,911 [main] INFO WorkRoomWebApplication - ************* Browser Launched and Maximized *****************
2025-08-11 17:46:18,220 [main] INFO WorkRoomWebApplication - ************* Get The Application URL  *****************
2025-08-11 17:46:21,618 [main] INFO WorkRoomWebApplication - *** Enter The Share Point Email Id ***
2025-08-11 17:46:22,864 [main] INFO WorkRoomWebApplication - *** click the next button ***
2025-08-11 17:46:23,109 [main] INFO WorkRoomWebApplication - *** Enter The Password ***
2025-08-11 17:46:24,718 [main] INFO WorkRoomWebApplication - *** clicked on the sign in Button ***
2025-08-11 17:46:26,351 [main] INFO WorkRoomWebApplication - *** clicked on the master side menu ***
2025-08-11 17:46:32,704 [main] INFO WorkRoomWebApplication - *** clicked on the customer sub menu ***
2025-08-11 17:46:35,255 [main] INFO WorkRoomWebApplication - *** Click On The Add Button '+' Icon ***
2025-08-11 17:46:35,774 [main] INFO WorkRoomWebApplication - *** Selecting The Customer Location Option ***
2025-08-11 17:46:38,452 [main] INFO WorkRoomWebApplication - *** Selecting The Customer Option  ***
2025-08-11 17:46:40,608 [main] INFO WorkRoomWebApplication - *** Select The SiteLocation if available ***
2025-08-11 17:46:42,471 [main] INFO WorkRoomWebApplication - *** Add The Loction  ***
2025-08-11 17:46:43,568 [main] INFO WorkRoomWebApplication - ***  Click The Submit Button ***
2025-08-11 17:46:43,982 [main] INFO WorkRoomWebApplication - *** Success Message For The Location Validation Done ***
2025-08-11 19:46:49,524 [main] INFO WorkRoomWebApplication - ************* Launching CHROME Browser *****************
2025-08-11 19:46:51,191 [main] INFO WorkRoomWebApplication - ************* Browser Launched and Maximized *****************
2025-08-11 19:46:52,707 [main] INFO WorkRoomWebApplication - ************* Get The Application URL  *****************
2025-08-11 19:46:55,100 [main] INFO WorkRoomWebApplication - *** Enter The Share Point Email Id ***
2025-08-11 19:46:56,395 [main] INFO WorkRoomWebApplication - *** click the next button ***
2025-08-11 19:46:56,577 [main] INFO WorkRoomWebApplication - *** Enter The Password ***
2025-08-11 19:46:58,160 [main] INFO WorkRoomWebApplication - *** clicked on the sign in Button ***
2025-08-11 19:47:00,098 [main] INFO WorkRoomWebApplication - *** clicked on the master side menu ***
2025-08-11 19:47:05,066 [main] INFO WorkRoomWebApplication - *** clicked on the customer sub menu ***
2025-08-11 20:12:11,157 [main] INFO WorkRoomWebApplication - ************* Launching CHROME Browser *****************
2025-08-11 20:12:13,151 [main] INFO WorkRoomWebApplication - ************* Browser Launched and Maximized *****************
2025-08-11 20:12:14,933 [main] INFO WorkRoomWebApplication - ************* Get The Application URL  *****************
2025-08-11 20:12:17,158 [main] INFO WorkRoomWebApplication - *** Enter The Share Point Email Id ***
2025-08-11 20:12:18,445 [main] INFO WorkRoomWebApplication - *** click the next button ***
2025-08-11 20:12:18,644 [main] INFO WorkRoomWebApplication - *** Enter The Password ***
2025-08-11 20:12:20,425 [main] INFO WorkRoomWebApplication - *** clicked on the sign in Button ***
2025-08-11 20:12:22,774 [main] INFO WorkRoomWebApplication - *** clicked on the master side menu ***
2025-08-11 20:12:28,417 [main] INFO WorkRoomWebApplication - *** clicked on the customer sub menu ***
2025-08-11 20:12:30,670 [main] INFO WorkRoomWebApplication - *** Get The List of Data of Customers  ***
2025-08-13 15:34:37,492 [main] INFO MaterialManagementSharePointApplication - ************* Get The Application URL  *****************
2025-08-13 15:34:39,116 [main] INFO MaterialManagementSharePointApplication - *** Enter The Share Point Email Id ***
2025-08-13 15:34:40,247 [main] INFO MaterialManagementSharePointApplication - *** click the next button ***
2025-08-13 15:34:40,524 [main] INFO MaterialManagementSharePointApplication - *** Enter The Password ***
2025-08-13 15:34:42,198 [main] INFO MaterialManagementSharePointApplication - *** clicked on the sign in Button ***
2025-08-13 15:34:44,856 [main] INFO MaterialManagementSharePointApplication - ************* Get The Application URL  *****************
2025-08-13 15:34:46,206 [main] INFO MaterialManagementSharePointApplication - *** Enter The Share Point Email Id ***
2025-08-13 15:34:47,193 [main] INFO MaterialManagementSharePointApplication - *** click the next button ***
2025-08-13 15:34:47,362 [main] INFO MaterialManagementSharePointApplication - *** Enter The Password ***
2025-08-13 15:34:48,935 [main] INFO MaterialManagementSharePointApplication - *** clicked on the sign in Button ***
2025-08-13 15:34:50,382 [main] INFO MaterialManagementSharePointApplication - *** clicked on the master side menu ***
2025-08-13 15:35:17,858 [main] INFO MaterialManagementSharePointApplication - *** clicked on the customer sub menu ***
2025-08-13 15:35:27,987 [main] INFO MaterialManagementSharePointApplication - *** clicked on the '+' icon ***
2025-08-13 15:35:47,995 [main] INFO MaterialManagementSharePointApplication - *** Selected the Customer ***
2025-08-13 15:35:58,447 [main] INFO MaterialManagementSharePointApplication - *** Filing up the Customer All the Required field ***
2025-08-13 15:36:08,952 [main] INFO MaterialManagementSharePointApplication - *** clicked the submit button ***
2025-08-13 15:36:18,982 [main] INFO MaterialManagementSharePointApplication - *** clicked the Success ok Button ***
2025-08-13 15:36:30,158 [main] INFO MaterialManagementSharePointApplication - ************* Get The Application URL  *****************
2025-08-13 15:36:31,450 [main] INFO MaterialManagementSharePointApplication - *** Enter The Share Point Email Id ***
2025-08-13 15:36:32,912 [main] INFO MaterialManagementSharePointApplication - *** click the next button ***
2025-08-13 15:36:33,227 [main] INFO MaterialManagementSharePointApplication - *** Enter The Password ***
2025-08-13 15:36:34,898 [main] INFO MaterialManagementSharePointApplication - *** clicked on the sign in Button ***
2025-08-13 15:36:36,477 [main] INFO MaterialManagementSharePointApplication - *** clicked on the master side menu ***
2025-08-13 15:36:46,812 [main] INFO MaterialManagementSharePointApplication - *** clicked on the customer sub menu ***
2025-08-13 15:36:56,896 [main] INFO MaterialManagementSharePointApplication - *** clicked on the '+' icon ***
2025-08-13 15:37:17,289 [main] INFO MaterialManagementSharePointApplication - *** Selected the Customer ***
2025-08-13 15:37:27,720 [main] INFO MaterialManagementSharePointApplication - *** Clicking the Submit Button ***
2025-08-13 15:37:38,243 [main] INFO MaterialManagementSharePointApplication - *** Checking For The Error Message ***
2025-08-13 15:37:49,208 [main] INFO MaterialManagementSharePointApplication - ************* Get The Application URL  *****************
2025-08-13 15:37:50,254 [main] INFO MaterialManagementSharePointApplication - *** Enter The Share Point Email Id ***
2025-08-13 15:37:51,526 [main] INFO MaterialManagementSharePointApplication - *** click the next button ***
2025-08-13 15:37:51,729 [main] INFO MaterialManagementSharePointApplication - *** Enter The Password ***
2025-08-13 15:37:52,684 [main] INFO MaterialManagementSharePointApplication - *** clicked on the sign in Button ***
2025-08-13 15:37:54,167 [main] INFO MaterialManagementSharePointApplication - *** clicked on the master side menu ***
2025-08-13 15:38:04,366 [main] INFO MaterialManagementSharePointApplication - *** clicked on the customer sub menu ***
2025-08-13 15:38:14,414 [main] INFO MaterialManagementSharePointApplication - *** Click On The Add Button '+' Icon ***
2025-08-13 15:38:34,832 [main] INFO MaterialManagementSharePointApplication - *** Selecting The Customer Location Option ***
2025-08-13 15:42:16,183 [main] INFO WorkRoomWebApplication - ************* Launching CHROME Browser *****************
2025-08-13 15:42:18,287 [main] INFO WorkRoomWebApplication - ************* Browser Launched and Maximized *****************
2025-08-13 15:42:19,718 [main] INFO WorkRoomWebApplication - ************* Get The Application URL  *****************
2025-08-13 15:42:21,148 [main] INFO WorkRoomWebApplication - *** Enter The Share Point Email Id ***
2025-08-13 15:42:22,261 [main] INFO WorkRoomWebApplication - *** click the next button ***
2025-08-13 15:42:22,430 [main] INFO WorkRoomWebApplication - *** Enter The Password ***
2025-08-13 15:42:23,964 [main] INFO WorkRoomWebApplication - *** clicked on the sign in Button ***
2025-08-13 15:42:25,583 [main] INFO WorkRoomWebApplication - ************* Launching CHROME Browser *****************
2025-08-13 15:42:26,799 [main] INFO WorkRoomWebApplication - ************* Browser Launched and Maximized *****************
2025-08-13 15:42:27,175 [main] INFO WorkRoomWebApplication - ************* Get The Application URL  *****************
2025-08-13 15:42:28,275 [main] INFO WorkRoomWebApplication - *** Enter The Share Point Email Id ***
2025-08-13 15:42:29,701 [main] INFO WorkRoomWebApplication - *** click the next button ***
2025-08-13 15:42:30,101 [main] INFO WorkRoomWebApplication - *** Enter The Password ***
2025-08-13 15:42:31,434 [main] INFO WorkRoomWebApplication - *** clicked on the sign in Button ***
2025-08-13 15:42:32,990 [main] INFO WorkRoomWebApplication - *** clicked on the master side menu ***
2025-08-13 15:42:36,671 [main] INFO WorkRoomWebApplication - *** clicked on the customer sub menu ***
2025-08-13 15:42:38,348 [main] INFO WorkRoomWebApplication - *** clicked on the '+' icon ***
2025-08-13 15:42:38,840 [main] INFO WorkRoomWebApplication - *** Selected the Customer ***
2025-08-13 15:42:40,111 [main] INFO WorkRoomWebApplication - *** Filing up the Customer All the Required field ***
2025-08-13 15:42:45,270 [main] INFO WorkRoomWebApplication - *** clicked the submit button ***
2025-08-13 15:42:45,508 [main] INFO WorkRoomWebApplication - *** clicked the Success ok Button ***
2025-08-13 15:42:46,472 [main] INFO WorkRoomWebApplication - ************* Launching CHROME Browser *****************
2025-08-13 15:42:47,720 [main] INFO WorkRoomWebApplication - ************* Browser Launched and Maximized *****************
2025-08-13 15:42:47,993 [main] INFO WorkRoomWebApplication - ************* Get The Application URL  *****************
2025-08-13 15:42:49,295 [main] INFO WorkRoomWebApplication - *** Enter The Share Point Email Id ***
2025-08-13 15:42:50,426 [main] INFO WorkRoomWebApplication - *** click the next button ***
2025-08-13 15:42:50,612 [main] INFO WorkRoomWebApplication - *** Enter The Password ***
2025-08-13 15:42:52,066 [main] INFO WorkRoomWebApplication - *** clicked on the sign in Button ***
2025-08-13 15:42:53,535 [main] INFO WorkRoomWebApplication - *** clicked on the master side menu ***
2025-08-13 15:42:57,296 [main] INFO WorkRoomWebApplication - *** clicked on the customer sub menu ***
2025-08-13 15:42:59,277 [main] INFO WorkRoomWebApplication - *** clicked on the '+' icon ***
2025-08-13 15:42:59,843 [main] INFO WorkRoomWebApplication - *** Selected the Customer ***
2025-08-13 15:43:01,312 [main] INFO WorkRoomWebApplication - *** Clicking the Submit Button ***
2025-08-13 15:43:01,846 [main] INFO WorkRoomWebApplication - *** Checking For The Error Message ***
2025-08-13 15:43:02,882 [main] INFO WorkRoomWebApplication - ************* Launching CHROME Browser *****************
2025-08-13 15:43:04,316 [main] INFO WorkRoomWebApplication - ************* Browser Launched and Maximized *****************
2025-08-13 15:43:04,662 [main] INFO WorkRoomWebApplication - ************* Get The Application URL  *****************
2025-08-13 15:43:05,883 [main] INFO WorkRoomWebApplication - *** Enter The Share Point Email Id ***
2025-08-13 15:43:06,968 [main] INFO WorkRoomWebApplication - *** click the next button ***
2025-08-13 15:43:07,124 [main] INFO WorkRoomWebApplication - *** Enter The Password ***
2025-08-13 15:43:08,442 [main] INFO WorkRoomWebApplication - *** clicked on the sign in Button ***
2025-08-13 15:43:09,781 [main] INFO WorkRoomWebApplication - *** clicked on the master side menu ***
2025-08-13 15:43:14,477 [main] INFO WorkRoomWebApplication - *** clicked on the customer sub menu ***
2025-08-13 15:43:16,153 [main] INFO WorkRoomWebApplication - *** Click On The Add Button '+' Icon ***
2025-08-13 15:43:16,756 [main] INFO WorkRoomWebApplication - *** Selecting The Customer Location Option ***
2025-08-13 15:43:18,384 [main] INFO WorkRoomWebApplication - *** Selecting The Customer Option  ***
2025-08-13 15:43:20,338 [main] INFO WorkRoomWebApplication - *** Select The SiteLocation if available ***
2025-08-13 15:43:21,725 [main] INFO WorkRoomWebApplication - *** Add The Loction  ***
2025-08-13 15:43:22,188 [main] INFO WorkRoomWebApplication - ***  Click The Submit Button ***
2025-08-13 15:43:22,378 [main] INFO WorkRoomWebApplication - *** Success Message For The Location Validation Done ***
2025-08-13 16:33:44,229 [main] INFO WorkRoomWebApplication - ************* Launching CHROME Browser *****************
2025-08-13 16:33:45,367 [main] INFO WorkRoomWebApplication - ************* Browser Launched and Maximized *****************
2025-08-13 16:33:46,360 [main] INFO WorkRoomWebApplication - ************* Get The Application URL  *****************
2025-08-13 16:33:57,592 [main] INFO WorkRoomWebApplication - *** Enter The Share Point Email Id ***
2025-08-13 16:33:58,898 [main] INFO WorkRoomWebApplication - *** click the next button ***
2025-08-13 16:33:58,994 [main] INFO WorkRoomWebApplication - *** Enter The Password ***
2025-08-13 16:34:00,227 [main] INFO WorkRoomWebApplication - *** clicked on the sign in Button ***
2025-08-13 16:34:02,479 [main] INFO WorkRoomWebApplication - ************* Quitting Browser *****************
2025-08-13 16:34:02,615 [main] INFO WorkRoomWebApplication - ************* Browser Closed Successfully *****************
2025-08-13 16:34:02,686 [main] INFO WorkRoomWebApplication - ************* Launching CHROME Browser *****************
2025-08-13 16:34:03,545 [main] INFO WorkRoomWebApplication - ************* Browser Launched and Maximized *****************
2025-08-13 16:34:03,818 [main] INFO WorkRoomWebApplication - ************* Get The Application URL  *****************
2025-08-13 16:34:04,662 [main] INFO WorkRoomWebApplication - *** Enter The Share Point Email Id ***
2025-08-13 16:34:05,649 [main] INFO WorkRoomWebApplication - *** click the next button ***
2025-08-13 16:34:05,780 [main] INFO WorkRoomWebApplication - *** Enter The Password ***
2025-08-13 16:34:07,158 [main] INFO WorkRoomWebApplication - *** clicked on the sign in Button ***
2025-08-13 16:34:08,321 [main] INFO WorkRoomWebApplication - *** clicked on the master side menu ***
2025-08-13 16:34:11,115 [main] INFO WorkRoomWebApplication - *** clicked on the customer sub menu ***
2025-08-13 16:34:12,515 [main] INFO WorkRoomWebApplication - *** clicked on the '+' icon ***
2025-08-13 16:34:12,960 [main] INFO WorkRoomWebApplication - *** Selected the Customer ***
2025-08-13 16:34:13,960 [main] INFO WorkRoomWebApplication - *** Filing up the Customer All the Required field ***
2025-08-13 16:34:16,283 [main] INFO WorkRoomWebApplication - *** clicked the submit button ***
2025-08-13 16:34:16,389 [main] INFO WorkRoomWebApplication - *** clicked the Success ok Button ***
2025-08-13 16:34:17,061 [main] INFO WorkRoomWebApplication - ************* Quitting Browser *****************
2025-08-13 16:34:17,176 [main] INFO WorkRoomWebApplication - ************* Browser Closed Successfully *****************
2025-08-13 16:34:17,209 [main] INFO WorkRoomWebApplication - ************* Launching CHROME Browser *****************
2025-08-13 16:34:18,253 [main] INFO WorkRoomWebApplication - ************* Browser Launched and Maximized *****************
2025-08-13 16:34:18,551 [main] INFO WorkRoomWebApplication - ************* Get The Application URL  *****************
2025-08-13 16:34:19,973 [main] INFO WorkRoomWebApplication - *** Enter The Share Point Email Id ***
2025-08-13 16:34:20,938 [main] INFO WorkRoomWebApplication - *** click the next button ***
2025-08-13 16:34:21,071 [main] INFO WorkRoomWebApplication - *** Enter The Password ***
2025-08-13 16:34:22,346 [main] INFO WorkRoomWebApplication - *** clicked on the sign in Button ***
2025-08-13 16:34:23,473 [main] INFO WorkRoomWebApplication - *** clicked on the master side menu ***
2025-08-13 16:34:26,463 [main] INFO WorkRoomWebApplication - *** clicked on the customer sub menu ***
2025-08-13 16:34:27,661 [main] INFO WorkRoomWebApplication - *** clicked on the '+' icon ***
2025-08-13 16:34:28,109 [main] INFO WorkRoomWebApplication - *** Selected the Customer ***
2025-08-13 16:34:29,100 [main] INFO WorkRoomWebApplication - *** Clicking the Submit Button ***
2025-08-13 16:34:29,538 [main] INFO WorkRoomWebApplication - *** Checking For The Error Message ***
2025-08-13 16:34:29,850 [main] INFO WorkRoomWebApplication - ************* Quitting Browser *****************
2025-08-13 16:34:29,962 [main] INFO WorkRoomWebApplication - ************* Browser Closed Successfully *****************
2025-08-13 16:34:29,986 [main] INFO WorkRoomWebApplication - ************* Launching CHROME Browser *****************
2025-08-13 16:34:30,918 [main] INFO WorkRoomWebApplication - ************* Browser Launched and Maximized *****************
2025-08-13 16:34:31,131 [main] INFO WorkRoomWebApplication - ************* Get The Application URL  *****************
2025-08-13 16:34:31,984 [main] INFO WorkRoomWebApplication - *** Enter The Share Point Email Id ***
2025-08-13 16:34:33,060 [main] INFO WorkRoomWebApplication - *** click the next button ***
2025-08-13 16:34:33,219 [main] INFO WorkRoomWebApplication - *** Enter The Password ***
2025-08-13 16:34:34,350 [main] INFO WorkRoomWebApplication - *** clicked on the sign in Button ***
2025-08-13 16:34:35,813 [main] INFO WorkRoomWebApplication - *** clicked on the master side menu ***
2025-08-13 16:34:38,616 [main] INFO WorkRoomWebApplication - *** clicked on the customer sub menu ***
2025-08-13 16:34:39,723 [main] INFO WorkRoomWebApplication - *** Click On The Add Button '+' Icon ***
2025-08-13 16:34:40,164 [main] INFO WorkRoomWebApplication - *** Selecting The Customer Location Option ***
2025-08-13 16:34:41,158 [main] INFO WorkRoomWebApplication - *** Selecting The Customer Option  ***
2025-08-13 16:34:43,030 [main] INFO WorkRoomWebApplication - *** Select The SiteLocation if available ***
2025-08-13 16:34:44,353 [main] INFO WorkRoomWebApplication - *** Add The Loction  ***
2025-08-13 16:34:44,637 [main] INFO WorkRoomWebApplication - ***  Click The Submit Button ***
2025-08-13 16:34:44,735 [main] INFO WorkRoomWebApplication - *** Success Message For The Location Validation Done ***
2025-08-13 16:34:45,431 [main] INFO WorkRoomWebApplication - ************* Quitting Browser *****************
2025-08-13 16:34:45,543 [main] INFO WorkRoomWebApplication - ************* Browser Closed Successfully *****************
2025-08-13 16:34:45,568 [main] INFO WorkRoomWebApplication - ************* Launching CHROME Browser *****************
2025-08-13 16:34:46,639 [main] INFO WorkRoomWebApplication - ************* Browser Launched and Maximized *****************
2025-08-13 16:34:46,898 [main] INFO WorkRoomWebApplication - ************* Get The Application URL  *****************
2025-08-13 16:34:47,968 [main] INFO WorkRoomWebApplication - *** Enter The Share Point Email Id ***
2025-08-13 16:34:49,231 [main] INFO WorkRoomWebApplication - *** click the next button ***
2025-08-13 16:34:49,379 [main] INFO WorkRoomWebApplication - *** Enter The Password ***
2025-08-13 16:34:50,656 [main] INFO WorkRoomWebApplication - *** clicked on the sign in Button ***
2025-08-13 16:34:52,022 [main] INFO WorkRoomWebApplication - *** clicked on the master side menu ***
2025-08-13 16:34:54,886 [main] INFO WorkRoomWebApplication - *** click the Suppliers side menu ***
2025-08-13 16:34:56,910 [main] INFO WorkRoomWebApplication - *** Click on the Add button  ***
2025-08-13 16:34:57,349 [main] INFO WorkRoomWebApplication - ***  select the Suppliers dropdown ***
2025-08-13 16:34:58,396 [main] INFO WorkRoomWebApplication - ***  Fill all the Suppliers required  details and submit the details ***
2025-08-13 16:35:00,676 [main] INFO WorkRoomWebApplication - ***  Click The Submit Button ***
2025-08-13 16:35:00,804 [main] INFO WorkRoomWebApplication - Submit button clicked successfully.
2025-08-13 16:35:00,805 [main] INFO WorkRoomWebApplication - ***  Click The Success Button ***
2025-08-13 16:35:01,480 [main] INFO WorkRoomWebApplication - ************* Quitting Browser *****************
2025-08-13 16:35:01,758 [main] INFO WorkRoomWebApplication - ************* Browser Closed Successfully *****************
2025-08-13 16:35:01,797 [main] INFO WorkRoomWebApplication - ************* Launching CHROME Browser *****************
2025-08-13 16:35:03,122 [main] INFO WorkRoomWebApplication - ************* Browser Launched and Maximized *****************
2025-08-13 16:35:03,410 [main] INFO WorkRoomWebApplication - ************* Get The Application URL  *****************
2025-08-13 16:35:04,462 [main] INFO WorkRoomWebApplication - *** Enter The Share Point Email Id ***
2025-08-13 16:35:05,484 [main] INFO WorkRoomWebApplication - *** click the next button ***
2025-08-13 16:35:05,613 [main] INFO WorkRoomWebApplication - *** Enter The Password ***
2025-08-13 16:35:06,822 [main] INFO WorkRoomWebApplication - *** clicked on the sign in Button ***
2025-08-13 16:35:08,048 [main] INFO WorkRoomWebApplication - *** clicked on the master side menu ***
2025-08-13 16:35:10,751 [main] INFO WorkRoomWebApplication - *** click the Suppliers side menu ***
2025-08-13 16:35:12,698 [main] INFO WorkRoomWebApplication - *** Click on the Add button  ***
2025-08-13 16:35:13,247 [main] INFO WorkRoomWebApplication - ***  select the Suppliers dropdown ***
2025-08-13 16:35:14,150 [main] INFO WorkRoomWebApplication - ***  click Supplier submit Button then check the Error Message details ***
2025-08-13 16:35:14,605 [main] INFO WorkRoomWebApplication - Submit button clicked successfully.
2025-08-13 16:35:14,606 [main] INFO WorkRoomWebApplication - ***  check the Error Message details ***
2025-08-13 16:35:14,947 [main] INFO WorkRoomWebApplication - ************* Quitting Browser *****************
2025-08-13 16:35:15,074 [main] INFO WorkRoomWebApplication - ************* Browser Closed Successfully *****************
2025-08-13 16:35:15,100 [main] INFO WorkRoomWebApplication - ************* Launching CHROME Browser *****************
2025-08-13 16:35:16,014 [main] INFO WorkRoomWebApplication - ************* Browser Launched and Maximized *****************
2025-08-13 16:35:16,292 [main] INFO WorkRoomWebApplication - ************* Get The Application URL  *****************
2025-08-13 16:35:17,417 [main] INFO WorkRoomWebApplication - *** Enter The Share Point Email Id ***
2025-08-13 16:35:18,277 [main] INFO WorkRoomWebApplication - *** click the next button ***
2025-08-13 16:35:18,439 [main] INFO WorkRoomWebApplication - *** Enter The Password ***
2025-08-13 16:35:19,810 [main] INFO WorkRoomWebApplication - *** clicked on the sign in Button ***
2025-08-13 16:35:21,115 [main] INFO WorkRoomWebApplication - *** clicked on the master side menu ***
2025-08-13 16:35:24,046 [main] INFO WorkRoomWebApplication - *** click the subContractor side menu ***
2025-08-13 16:35:26,141 [main] INFO WorkRoomWebApplication - *** Click on the SubContractor Add button  ***
2025-08-13 16:35:26,626 [main] INFO WorkRoomWebApplication - ***  select the subContractor dropdown ***
2025-08-13 16:35:27,618 [main] INFO WorkRoomWebApplication - ***  Fill all the SubContractor required  details  ***
2025-08-13 16:35:30,189 [main] INFO WorkRoomWebApplication - ***  Click The Submit Button ***
2025-08-13 16:35:30,329 [main] INFO WorkRoomWebApplication - Submit button clicked successfully.
2025-08-13 16:35:30,330 [main] INFO WorkRoomWebApplication - ***  Click The Success Button ***
2025-08-13 16:35:31,268 [main] INFO WorkRoomWebApplication - ************* Quitting Browser *****************
2025-08-13 16:35:31,490 [main] INFO WorkRoomWebApplication - ************* Browser Closed Successfully *****************
2025-08-13 16:35:31,513 [main] INFO WorkRoomWebApplication - ************* Launching CHROME Browser *****************
2025-08-13 16:35:32,733 [main] INFO WorkRoomWebApplication - ************* Browser Launched and Maximized *****************
2025-08-13 16:35:33,065 [main] INFO WorkRoomWebApplication - ************* Get The Application URL  *****************
2025-08-13 16:35:33,993 [main] INFO WorkRoomWebApplication - *** Enter The Share Point Email Id ***
2025-08-13 16:35:34,943 [main] INFO WorkRoomWebApplication - *** click the next button ***
2025-08-13 16:35:35,334 [main] INFO WorkRoomWebApplication - *** Enter The Password ***
2025-08-13 16:35:36,663 [main] INFO WorkRoomWebApplication - *** clicked on the sign in Button ***
2025-08-13 16:35:37,810 [main] INFO WorkRoomWebApplication - *** clicked on the master side menu ***
2025-08-13 16:35:40,909 [main] INFO WorkRoomWebApplication - *** click the subContractor side menu ***
2025-08-13 16:35:42,763 [main] INFO WorkRoomWebApplication - *** Click on the SubContractor Add button  ***
2025-08-13 16:35:43,214 [main] INFO WorkRoomWebApplication - ***  select the subContractor dropdown ***
2025-08-13 16:35:44,138 [main] INFO WorkRoomWebApplication - ***  click Sucontractor submit Button  ***
2025-08-13 16:35:44,596 [main] INFO WorkRoomWebApplication - Submit button clicked successfully.
2025-08-13 16:35:44,596 [main] INFO WorkRoomWebApplication - ***   check the Error Message details ***
2025-08-13 16:35:44,921 [main] INFO WorkRoomWebApplication - ************* Quitting Browser *****************
2025-08-13 16:35:45,049 [main] INFO WorkRoomWebApplication - ************* Browser Closed Successfully *****************
2025-08-13 16:35:45,080 [main] INFO WorkRoomWebApplication - ************* Launching CHROME Browser *****************
2025-08-13 16:35:46,032 [main] INFO WorkRoomWebApplication - ************* Browser Launched and Maximized *****************
2025-08-13 16:35:46,315 [main] INFO WorkRoomWebApplication - ************* Get The Application URL  *****************
2025-08-13 16:35:47,430 [main] INFO WorkRoomWebApplication - *** Enter The Share Point Email Id ***
2025-08-13 16:35:48,298 [main] INFO WorkRoomWebApplication - *** click the next button ***
2025-08-13 16:35:48,398 [main] INFO WorkRoomWebApplication - *** Enter The Password ***
2025-08-13 16:35:49,753 [main] INFO WorkRoomWebApplication - *** clicked on the sign in Button ***
2025-08-13 16:35:50,948 [main] INFO WorkRoomWebApplication - *** clicked on the master side menu ***
2025-08-13 16:36:21,948 [main] INFO WorkRoomWebApplication - *** click the Materials side menu ***
2025-08-13 16:36:23,917 [main] INFO WorkRoomWebApplication - *** Click on the Add '+' button ***
2025-08-13 16:36:24,433 [main] INFO WorkRoomWebApplication - *** select the Materials dropdown ***
2025-08-13 16:36:25,513 [main] INFO WorkRoomWebApplication - *** Fill all the required material details***
2025-08-13 16:36:26,264 [main] INFO WorkRoomWebApplication - *** Fill all the required material details and Clicked The submit Button***
2025-08-13 16:36:26,395 [main] INFO WorkRoomWebApplication - Submit button clicked successfully.
2025-08-13 16:36:26,395 [main] INFO WorkRoomWebApplication - *** Checking and Clicked The Success Ok Button***
2025-08-13 16:36:27,056 [main] INFO WorkRoomWebApplication - ************* Quitting Browser *****************
2025-08-13 16:36:27,166 [main] INFO WorkRoomWebApplication - ************* Browser Closed Successfully *****************
2025-08-13 16:36:27,183 [main] INFO WorkRoomWebApplication - ************* Launching CHROME Browser *****************
2025-08-13 16:36:28,108 [main] INFO WorkRoomWebApplication - ************* Browser Launched and Maximized *****************
2025-08-13 16:36:28,385 [main] INFO WorkRoomWebApplication - ************* Get The Application URL  *****************
2025-08-13 16:36:29,421 [main] INFO WorkRoomWebApplication - *** Enter The Share Point Email Id ***
2025-08-13 16:36:30,634 [main] INFO WorkRoomWebApplication - *** click the next button ***
2025-08-13 16:36:30,757 [main] INFO WorkRoomWebApplication - *** Enter The Password ***
2025-08-13 16:36:32,073 [main] INFO WorkRoomWebApplication - *** clicked on the sign in Button ***
2025-08-13 16:36:33,310 [main] INFO WorkRoomWebApplication - *** clicked on the master side menu ***
2025-08-13 16:36:36,798 [main] INFO WorkRoomWebApplication - *** click the Materials side menu ***
2025-08-13 16:36:38,987 [main] INFO WorkRoomWebApplication - *** Click on the Add '+' button ***
2025-08-13 16:36:39,443 [main] INFO WorkRoomWebApplication - *** select the Materials dropdown ***
2025-08-13 16:36:40,499 [main] INFO WorkRoomWebApplication - *** click submit Button ***
2025-08-13 16:36:40,965 [main] INFO WorkRoomWebApplication - Submit button clicked successfully.
2025-08-13 16:36:40,966 [main] INFO WorkRoomWebApplication - ***  check the Error Message details ***
2025-08-13 16:36:41,053 [main] INFO WorkRoomWebApplication - ************* Quitting Browser *****************
2025-08-13 16:36:41,179 [main] INFO WorkRoomWebApplication - ************* Browser Closed Successfully *****************
2025-08-13 17:08:38,205 [main] INFO MaterialManagementSharePointApplication - ************* Get The Application URL  *****************
2025-08-13 17:08:39,620 [main] INFO MaterialManagementSharePointApplication - *** Enter The Share Point Email Id ***
2025-08-13 17:08:40,611 [main] INFO MaterialManagementSharePointApplication - *** click the next button ***
2025-08-13 17:08:40,880 [main] INFO MaterialManagementSharePointApplication - *** Enter The Password ***
2025-08-13 17:08:42,330 [main] INFO MaterialManagementSharePointApplication - *** clicked on the sign in Button ***
2025-08-13 17:08:45,076 [main] INFO MaterialManagementSharePointApplication - ************* Get The Application URL  *****************
2025-08-13 17:08:46,090 [main] INFO MaterialManagementSharePointApplication - *** Enter The Share Point Email Id ***
2025-08-13 17:08:46,951 [main] INFO MaterialManagementSharePointApplication - *** click the next button ***
2025-08-13 17:08:47,068 [main] INFO MaterialManagementSharePointApplication - *** Enter The Password ***
2025-08-13 17:08:48,463 [main] INFO MaterialManagementSharePointApplication - *** clicked on the sign in Button ***
2025-08-13 17:08:49,703 [main] INFO MaterialManagementSharePointApplication - *** clicked on the master side menu ***
2025-08-13 17:09:20,820 [main] INFO MaterialManagementSharePointApplication - ************* Get The Application URL  *****************
2025-08-13 17:09:22,540 [main] INFO MaterialManagementSharePointApplication - *** Enter The Share Point Email Id ***
2025-08-13 17:09:23,460 [main] INFO MaterialManagementSharePointApplication - *** click the next button ***
2025-08-13 17:09:23,635 [main] INFO MaterialManagementSharePointApplication - *** Enter The Password ***
2025-08-13 17:09:25,207 [main] INFO MaterialManagementSharePointApplication - *** clicked on the sign in Button ***
2025-08-13 17:09:26,953 [main] INFO MaterialManagementSharePointApplication - *** clicked on the master side menu ***
2025-08-13 17:09:58,219 [main] INFO MaterialManagementSharePointApplication - ************* Get The Application URL  *****************
2025-08-13 17:10:02,999 [main] INFO MaterialManagementSharePointApplication - *** Enter The Share Point Email Id ***
2025-08-13 17:10:03,774 [main] INFO MaterialManagementSharePointApplication - *** click the next button ***
2025-08-13 17:10:03,922 [main] INFO MaterialManagementSharePointApplication - *** Enter The Password ***
2025-08-13 17:10:05,437 [main] INFO MaterialManagementSharePointApplication - *** clicked on the sign in Button ***
2025-08-13 17:10:06,845 [main] INFO MaterialManagementSharePointApplication - *** clicked on the master side menu ***
2025-08-13 17:17:00,062 [main] INFO MaterialManagementSharePointApplication - ************* Get The Application URL  *****************
2025-08-13 17:17:01,400 [main] INFO MaterialManagementSharePointApplication - *** Enter The Share Point Email Id ***
2025-08-13 17:17:02,128 [main] INFO MaterialManagementSharePointApplication - *** click the next button ***
2025-08-13 17:17:02,217 [main] INFO MaterialManagementSharePointApplication - *** Enter The Password ***
2025-08-13 17:17:03,623 [main] INFO MaterialManagementSharePointApplication - *** clicked on the sign in Button ***
2025-08-13 17:17:05,325 [main] INFO MaterialManagementSharePointApplication - ************* Get The Application URL  *****************
2025-08-13 17:17:06,637 [main] INFO MaterialManagementSharePointApplication - *** Enter The Share Point Email Id ***
2025-08-13 17:17:07,336 [main] INFO MaterialManagementSharePointApplication - *** click the next button ***
2025-08-13 17:17:07,433 [main] INFO MaterialManagementSharePointApplication - *** Enter The Password ***
2025-08-13 17:17:08,778 [main] INFO MaterialManagementSharePointApplication - *** clicked on the sign in Button ***
2025-08-13 17:17:09,997 [main] INFO MaterialManagementSharePointApplication - *** clicked on the master side menu ***
2025-08-13 17:17:58,917 [main] INFO MaterialManagementSharePointApplication - ************* Get The Application URL  *****************
2025-08-13 17:19:09,574 [main] INFO MaterialManagementSharePointApplication - *** Enter The Share Point Email Id ***
2025-08-13 17:19:10,562 [main] INFO MaterialManagementSharePointApplication - *** click the next button ***
2025-08-13 17:19:10,777 [main] INFO MaterialManagementSharePointApplication - *** Enter The Password ***
2025-08-13 17:19:12,139 [main] INFO MaterialManagementSharePointApplication - *** clicked on the sign in Button ***
2025-08-13 17:19:13,625 [main] INFO MaterialManagementSharePointApplication - *** clicked on the master side menu ***
2025-08-13 17:20:04,268 [main] INFO MaterialManagementSharePointApplication - ************* Get The Application URL  *****************
2025-08-13 17:20:19,490 [main] INFO MaterialManagementSharePointApplication - *** Enter The Share Point Email Id ***
2025-08-13 17:20:20,371 [main] INFO MaterialManagementSharePointApplication - *** click the next button ***
2025-08-13 17:20:20,459 [main] INFO MaterialManagementSharePointApplication - *** Enter The Password ***
2025-08-13 17:20:21,670 [main] INFO MaterialManagementSharePointApplication - *** clicked on the sign in Button ***
2025-08-13 17:20:22,747 [main] INFO MaterialManagementSharePointApplication - *** clicked on the master side menu ***
2025-08-13 17:21:12,147 [main] INFO MaterialManagementSharePointApplication - ************* Get The Application URL  *****************
2025-08-13 17:21:13,217 [main] INFO MaterialManagementSharePointApplication - *** Enter The Share Point Email Id ***
2025-08-13 17:21:14,073 [main] INFO MaterialManagementSharePointApplication - *** click the next button ***
2025-08-13 17:21:14,157 [main] INFO MaterialManagementSharePointApplication - *** Enter The Password ***
2025-08-13 17:21:15,437 [main] INFO MaterialManagementSharePointApplication - *** clicked on the sign in Button ***
2025-08-13 17:21:17,291 [main] INFO MaterialManagementSharePointApplication - ************* Get The Application URL  *****************
2025-08-13 17:21:18,652 [main] INFO MaterialManagementSharePointApplication - *** Enter The Share Point Email Id ***
2025-08-13 17:21:19,403 [main] INFO MaterialManagementSharePointApplication - *** click the next button ***
2025-08-13 17:21:19,493 [main] INFO MaterialManagementSharePointApplication - *** Enter The Password ***
2025-08-13 17:21:21,004 [main] INFO MaterialManagementSharePointApplication - *** clicked on the sign in Button ***
2025-08-13 17:21:22,372 [main] INFO MaterialManagementSharePointApplication - *** clicked on the master side menu ***
2025-08-13 17:21:52,504 [main] INFO MaterialManagementSharePointApplication - *** clicked on the customer sub menu ***
2025-08-13 17:22:02,911 [main] INFO MaterialManagementSharePointApplication - *** clicked on the '+' icon ***
2025-08-13 17:22:23,320 [main] INFO MaterialManagementSharePointApplication - *** Selected the Customer ***
2025-08-13 17:22:33,497 [main] INFO MaterialManagementSharePointApplication - *** Filing up the Customer All the Required field ***
2025-08-13 17:22:57,826 [main] INFO MaterialManagementSharePointApplication - ************* Get The Application URL  *****************
2025-08-13 17:22:58,779 [main] INFO MaterialManagementSharePointApplication - *** Enter The Share Point Email Id ***
2025-08-13 17:22:59,705 [main] INFO MaterialManagementSharePointApplication - *** click the next button ***
2025-08-13 17:22:59,829 [main] INFO MaterialManagementSharePointApplication - *** Enter The Password ***
2025-08-13 17:23:01,134 [main] INFO MaterialManagementSharePointApplication - *** clicked on the sign in Button ***
2025-08-13 17:23:02,911 [main] INFO MaterialManagementSharePointApplication - ************* Get The Application URL  *****************
2025-08-13 17:23:03,720 [main] INFO MaterialManagementSharePointApplication - *** Enter The Share Point Email Id ***
2025-08-13 17:23:04,496 [main] INFO MaterialManagementSharePointApplication - *** click the next button ***
2025-08-13 17:23:04,589 [main] INFO MaterialManagementSharePointApplication - *** Enter The Password ***
2025-08-13 17:23:06,023 [main] INFO MaterialManagementSharePointApplication - *** clicked on the sign in Button ***
2025-08-13 17:23:07,115 [main] INFO MaterialManagementSharePointApplication - *** clicked on the master side menu ***
2025-08-13 17:23:37,229 [main] INFO MaterialManagementSharePointApplication - *** clicked on the customer sub menu ***
2025-08-13 17:23:47,729 [main] INFO MaterialManagementSharePointApplication - *** clicked on the '+' icon ***
2025-08-13 17:26:43,683 [main] INFO MaterialManagementSharePointApplication - ************* Get The Application URL  *****************
2025-08-13 17:26:45,058 [main] INFO MaterialManagementSharePointApplication - *** Enter The Share Point Email Id ***
2025-08-13 17:26:45,882 [main] INFO MaterialManagementSharePointApplication - *** click the next button ***
2025-08-13 17:26:45,983 [main] INFO MaterialManagementSharePointApplication - *** Enter The Password ***
2025-08-13 17:26:47,231 [main] INFO MaterialManagementSharePointApplication - *** clicked on the sign in Button ***
2025-08-13 17:26:48,608 [main] INFO MaterialManagementSharePointApplication - *** clicked on the master side menu ***
2025-08-13 17:27:19,129 [main] INFO MaterialManagementSharePointApplication - *** clicked on the customer sub menu ***
2025-08-13 17:27:29,258 [main] INFO MaterialManagementSharePointApplication - *** Click On The Add Button '+' Icon ***
2025-08-13 17:27:49,572 [main] INFO MaterialManagementSharePointApplication - *** Selecting The Customer Location Option ***
2025-08-13 17:29:39,393 [main] INFO MaterialManagementSharePointApplication - ************* Get The Application URL  *****************
2025-08-13 17:29:40,229 [main] INFO MaterialManagementSharePointApplication - *** Enter The Share Point Email Id ***
2025-08-13 17:29:40,966 [main] INFO MaterialManagementSharePointApplication - *** click the next button ***
2025-08-13 17:29:41,064 [main] INFO MaterialManagementSharePointApplication - *** Enter The Password ***
2025-08-13 17:29:42,580 [main] INFO MaterialManagementSharePointApplication - *** clicked on the sign in Button ***
2025-08-13 17:29:43,796 [main] INFO MaterialManagementSharePointApplication - *** clicked on the master side menu ***
2025-08-13 17:30:14,249 [main] INFO MaterialManagementSharePointApplication - *** clicked on the customer sub menu ***
2025-08-13 17:30:24,725 [main] INFO MaterialManagementSharePointApplication - *** Click On The Add Button '+' Icon ***
2025-08-13 17:30:45,220 [main] INFO MaterialManagementSharePointApplication - *** Selecting The Customer Location Option ***
2025-08-13 17:32:37,204 [main] INFO MaterialManagementSharePointApplication - ************* Get The Application URL  *****************
2025-08-13 17:32:38,243 [main] INFO MaterialManagementSharePointApplication - *** Enter The Share Point Email Id ***
2025-08-13 17:32:38,979 [main] INFO MaterialManagementSharePointApplication - *** click the next button ***
2025-08-13 17:32:39,070 [main] INFO MaterialManagementSharePointApplication - *** Enter The Password ***
2025-08-13 17:32:40,574 [main] INFO MaterialManagementSharePointApplication - *** clicked on the sign in Button ***
2025-08-13 17:32:41,796 [main] INFO MaterialManagementSharePointApplication - *** clicked on the master side menu ***
2025-08-13 17:38:08,144 [main] INFO MaterialManagementSharePointApplication - ************* Get The Application URL  *****************
2025-08-13 17:38:09,279 [main] INFO MaterialManagementSharePointApplication - *** Enter The Share Point Email Id ***
2025-08-13 17:38:10,039 [main] INFO MaterialManagementSharePointApplication - *** click the next button ***
2025-08-13 17:38:10,128 [main] INFO MaterialManagementSharePointApplication - *** Enter The Password ***
2025-08-13 17:38:11,403 [main] INFO MaterialManagementSharePointApplication - *** clicked on the sign in Button ***
2025-08-13 17:38:12,578 [main] INFO MaterialManagementSharePointApplication - *** clicked on the master side menu ***
2025-08-13 17:38:43,120 [main] INFO MaterialManagementSharePointApplication - *** clicked on the customer sub menu ***
2025-08-13 17:38:53,542 [main] INFO MaterialManagementSharePointApplication - *** Click On The Add Button '+' Icon ***
2025-08-13 17:39:13,830 [main] INFO MaterialManagementSharePointApplication - *** Selecting The Customer Location Option ***
2025-08-13 17:44:39,645 [main] INFO MaterialManagementSharePointApplication - ************* Get The Application URL  *****************
2025-08-13 17:44:40,653 [main] INFO MaterialManagementSharePointApplication - *** Enter The Share Point Email Id ***
2025-08-13 17:44:41,369 [main] INFO MaterialManagementSharePointApplication - *** click the next button ***
2025-08-13 17:44:41,462 [main] INFO MaterialManagementSharePointApplication - *** Enter The Password ***
2025-08-13 17:44:42,763 [main] INFO MaterialManagementSharePointApplication - *** clicked on the sign in Button ***
2025-08-13 17:44:43,919 [main] INFO MaterialManagementSharePointApplication - *** clicked on the master side menu ***
2025-08-13 17:50:42,346 [main] INFO MaterialManagementSharePointApplication - ************* Get The Application URL  *****************
2025-08-13 17:50:44,236 [main] INFO MaterialManagementSharePointApplication - *** Enter The Share Point Email Id ***
2025-08-13 17:50:44,995 [main] INFO MaterialManagementSharePointApplication - *** click the next button ***
2025-08-13 17:50:45,110 [main] INFO MaterialManagementSharePointApplication - *** Enter The Password ***
2025-08-13 17:50:46,711 [main] INFO MaterialManagementSharePointApplication - *** clicked on the sign in Button ***
2025-08-13 17:50:48,695 [main] INFO MaterialManagementSharePointApplication - *** clicked on the master side menu ***
2025-08-13 17:51:18,764 [main] INFO MaterialManagementSharePointApplication - *** clicked on the customer sub menu ***
2025-08-13 17:51:28,888 [main] INFO MaterialManagementSharePointApplication - *** Click On The Add Button '+' Icon ***
2025-08-13 17:51:49,045 [main] INFO MaterialManagementSharePointApplication - *** Selecting The Customer Location Option ***
2025-08-13 17:52:57,355 [main] INFO WorkRoomWebApplication - ************* Launching CHROME Browser *****************
2025-08-13 17:52:58,592 [main] INFO WorkRoomWebApplication - ************* Browser Launched and Maximized *****************
2025-08-13 17:52:59,452 [main] INFO WorkRoomWebApplication - ************* Get The Application URL  *****************
2025-08-13 17:53:00,326 [main] INFO WorkRoomWebApplication - *** Enter The Share Point Email Id ***
2025-08-13 17:53:01,598 [main] INFO WorkRoomWebApplication - *** click the next button ***
2025-08-13 17:53:01,698 [main] INFO WorkRoomWebApplication - *** Enter The Password ***
2025-08-13 17:53:02,989 [main] INFO WorkRoomWebApplication - *** clicked on the sign in Button ***
2025-08-13 17:53:04,152 [main] INFO WorkRoomWebApplication - *** clicked on the master side menu ***
2025-08-13 17:53:12,401 [main] INFO WorkRoomWebApplication - *** clicked on the customer sub menu ***
2025-08-13 17:53:22,791 [main] INFO WorkRoomWebApplication - *** Click On The Add Button '+' Icon ***
2025-08-13 17:53:42,892 [main] INFO WorkRoomWebApplication - *** Selecting The Customer Location Option ***
2025-08-13 17:54:22,212 [main] INFO WorkRoomWebApplication - ************* Launching CHROME Browser *****************
2025-08-13 17:54:23,277 [main] INFO WorkRoomWebApplication - ************* Browser Launched and Maximized *****************
2025-08-13 17:54:24,174 [main] INFO WorkRoomWebApplication - ************* Get The Application URL  *****************
2025-08-13 17:54:25,100 [main] INFO WorkRoomWebApplication - *** Enter The Share Point Email Id ***
2025-08-13 17:54:25,885 [main] INFO WorkRoomWebApplication - *** click the next button ***
2025-08-13 17:54:25,989 [main] INFO WorkRoomWebApplication - *** Enter The Password ***
2025-08-13 17:54:27,268 [main] INFO WorkRoomWebApplication - *** clicked on the sign in Button ***
2025-08-13 17:54:28,493 [main] INFO WorkRoomWebApplication - *** clicked on the master side menu ***
2025-08-13 17:54:32,403 [main] INFO WorkRoomWebApplication - *** clicked on the customer sub menu ***
2025-08-13 17:54:34,272 [main] INFO WorkRoomWebApplication - *** Click On The Add Button '+' Icon ***
2025-08-13 17:54:34,763 [main] INFO WorkRoomWebApplication - *** Selecting The Customer Location Option ***
2025-08-13 17:54:35,752 [main] INFO WorkRoomWebApplication - *** Selecting The Customer Option  ***
2025-08-13 17:54:37,688 [main] INFO WorkRoomWebApplication - *** Select The SiteLocation if available ***
2025-08-13 17:54:38,938 [main] INFO WorkRoomWebApplication - *** Add The Loction  ***
2025-08-13 17:54:39,211 [main] INFO WorkRoomWebApplication - ***  Click The Submit Button ***
2025-08-13 17:54:39,309 [main] INFO WorkRoomWebApplication - *** Success Message For The Location Validation Done ***
2025-08-13 18:02:59,736 [main] INFO WorkRoomWebApplication - ************* Remote WebDriver Launched *****************
2025-08-13 18:03:00,548 [main] INFO WorkRoomWebApplication - ************* Get The Application URL  *****************
2025-08-13 18:03:01,740 [main] INFO WorkRoomWebApplication - *** Enter The Share Point Email Id ***
2025-08-13 18:03:02,517 [main] INFO WorkRoomWebApplication - *** click the next button ***
2025-08-13 18:03:02,623 [main] INFO WorkRoomWebApplication - *** Enter The Password ***
2025-08-13 18:03:04,117 [main] INFO WorkRoomWebApplication - *** clicked on the sign in Button ***
2025-08-13 18:03:05,853 [main] INFO WorkRoomWebApplication - *** clicked on the master side menu ***
2025-08-13 18:03:08,965 [main] INFO WorkRoomWebApplication - *** clicked on the customer sub menu ***
2025-08-13 18:03:10,987 [main] INFO WorkRoomWebApplication - *** Click On The Add Button '+' Icon ***
2025-08-13 18:03:12,662 [main] INFO WorkRoomWebApplication - *** Selecting The Customer Location Option ***
2025-08-13 18:03:38,739 [main] INFO WorkRoomWebApplication - ************* Remote WebDriver Launched *****************
2025-08-13 18:03:39,629 [main] INFO WorkRoomWebApplication - ************* Get The Application URL  *****************
2025-08-13 18:03:59,340 [main] INFO WorkRoomWebApplication - *** Enter The Share Point Email Id ***
2025-08-13 18:04:00,675 [main] INFO WorkRoomWebApplication - *** click the next button ***
2025-08-13 18:04:00,867 [main] INFO WorkRoomWebApplication - *** Enter The Password ***
2025-08-13 18:04:02,441 [main] INFO WorkRoomWebApplication - *** clicked on the sign in Button ***
2025-08-13 18:04:04,268 [main] INFO WorkRoomWebApplication - *** clicked on the master side menu ***
2025-08-13 18:04:08,487 [main] INFO WorkRoomWebApplication - *** clicked on the customer sub menu ***
2025-08-13 18:04:10,491 [main] INFO WorkRoomWebApplication - *** Click On The Add Button '+' Icon ***
2025-08-13 18:04:11,770 [main] INFO WorkRoomWebApplication - *** Selecting The Customer Location Option ***
2025-08-13 18:06:04,800 [main] INFO WorkRoomWebApplication - ************* Remote WebDriver Launched *****************
2025-08-13 18:06:05,963 [main] INFO WorkRoomWebApplication - ************* Get The Application URL  *****************
2025-08-13 18:06:11,117 [main] INFO WorkRoomWebApplication - *** Enter The Share Point Email Id ***
2025-08-13 18:06:12,572 [main] INFO WorkRoomWebApplication - *** click the next button ***
2025-08-13 18:06:12,750 [main] INFO WorkRoomWebApplication - *** Enter The Password ***
2025-08-13 18:06:14,251 [main] INFO WorkRoomWebApplication - *** clicked on the sign in Button ***
2025-08-13 18:06:16,396 [main] INFO WorkRoomWebApplication - *** clicked on the master side menu ***
2025-08-13 18:06:29,260 [main] INFO WorkRoomWebApplication - *** clicked on the customer sub menu ***
2025-08-13 18:06:31,005 [main] INFO WorkRoomWebApplication - *** Click On The Add Button '+' Icon ***
2025-08-13 18:06:31,586 [main] INFO WorkRoomWebApplication - *** Selecting The Customer Location Option ***
2025-08-13 18:06:33,606 [main] INFO WorkRoomWebApplication - *** Selecting The Customer Option  ***
2025-08-13 18:06:35,538 [main] INFO WorkRoomWebApplication - *** Select The SiteLocation if available ***
2025-08-13 18:06:37,196 [main] INFO WorkRoomWebApplication - *** Add The Loction  ***
2025-08-13 18:06:37,746 [main] INFO WorkRoomWebApplication - ***  Click The Submit Button ***
2025-08-13 18:06:37,927 [main] INFO WorkRoomWebApplication - *** Success Message For The Location Validation Done ***
2025-08-13 18:07:12,166 [main] INFO WorkRoomWebApplication - ************* Remote WebDriver Launched *****************
2025-08-13 18:07:13,140 [main] INFO WorkRoomWebApplication - ************* Get The Application URL  *****************
2025-08-13 18:07:14,191 [main] INFO WorkRoomWebApplication - *** Enter The Share Point Email Id ***
2025-08-13 18:07:14,946 [main] INFO WorkRoomWebApplication - *** click the next button ***
2025-08-13 18:07:15,058 [main] INFO WorkRoomWebApplication - *** Enter The Password ***
2025-08-13 18:07:16,585 [main] INFO WorkRoomWebApplication - *** clicked on the sign in Button ***
2025-08-13 18:07:17,643 [main] INFO WorkRoomWebApplication - *** clicked on the master side menu ***
2025-08-13 18:07:21,887 [main] INFO WorkRoomWebApplication - *** clicked on the customer sub menu ***
2025-08-13 18:07:23,997 [main] INFO WorkRoomWebApplication - *** Click On The Add Button '+' Icon ***
2025-08-13 18:07:24,515 [main] INFO WorkRoomWebApplication - *** Selecting The Customer Location Option ***
2025-08-13 18:07:26,229 [main] INFO WorkRoomWebApplication - *** Selecting The Customer Option  ***
2025-08-13 18:07:28,070 [main] INFO WorkRoomWebApplication - *** Select The SiteLocation if available ***
2025-08-13 18:07:29,526 [main] INFO WorkRoomWebApplication - *** Add The Loction  ***
2025-08-13 18:07:30,070 [main] INFO WorkRoomWebApplication - ***  Click The Submit Button ***
2025-08-13 18:07:30,225 [main] INFO WorkRoomWebApplication - *** Success Message For The Location Validation Done ***
2025-08-22 12:37:13,866 [main] INFO WorkRoomWebApplication - ************* Remote WebDriver Launched *****************
2025-08-22 12:37:15,291 [main] INFO WorkRoomWebApplication - ************* Get The Application URL  *****************
2025-08-22 12:37:33,793 [main] INFO WorkRoomWebApplication - *** Enter The Share Point Email Id ***
2025-08-22 12:37:35,744 [main] INFO WorkRoomWebApplication - *** click the next button ***
2025-08-22 12:37:36,035 [main] INFO WorkRoomWebApplication - *** Enter The Password ***
2025-08-22 12:37:37,073 [main] INFO WorkRoomWebApplication - *** clicked on the sign in Button ***
2025-08-22 12:39:52,418 [main] INFO WorkRoomWebApplication - ************* Remote WebDriver Launched *****************
2025-08-22 12:39:53,709 [main] INFO WorkRoomWebApplication - ************* Get The Application URL  *****************
2025-08-22 12:39:55,099 [main] INFO WorkRoomWebApplication - *** Enter The Share Point Email Id ***
2025-08-22 12:39:56,133 [main] INFO WorkRoomWebApplication - *** click the next button ***
2025-08-22 12:39:56,316 [main] INFO WorkRoomWebApplication - *** Enter The Password ***
2025-08-22 12:39:58,270 [main] INFO WorkRoomWebApplication - *** clicked on the sign in Button ***
2025-08-22 12:40:00,473 [main] INFO WorkRoomWebApplication - ************* Quitting Browser *****************
2025-08-22 12:40:00,569 [main] INFO WorkRoomWebApplication - ************* Browser Closed Successfully *****************
2025-08-22 12:40:02,198 [main] INFO WorkRoomWebApplication - ************* Remote WebDriver Launched *****************
2025-08-22 12:40:02,503 [main] INFO WorkRoomWebApplication - ************* Get The Application URL  *****************
2025-08-22 12:40:03,933 [main] INFO WorkRoomWebApplication - *** Enter The Share Point Email Id ***
2025-08-22 12:40:05,614 [main] INFO WorkRoomWebApplication - *** click the next button ***
2025-08-22 12:40:05,904 [main] INFO WorkRoomWebApplication - *** Enter The Password ***
2025-08-22 12:40:07,403 [main] INFO WorkRoomWebApplication - *** clicked on the sign in Button ***
2025-08-22 12:40:10,231 [main] INFO WorkRoomWebApplication - *** clicked on the master side menu ***
2025-08-22 12:40:14,459 [main] INFO WorkRoomWebApplication - *** clicked on the customer sub menu ***
2025-08-22 12:40:17,795 [main] INFO WorkRoomWebApplication - *** clicked on the '+' icon ***
2025-08-22 12:40:18,299 [main] INFO WorkRoomWebApplication - *** Selected the Customer ***
2025-08-22 12:40:20,504 [main] INFO WorkRoomWebApplication - *** Filing up the Customer All the Required field ***
2025-08-22 12:40:26,713 [main] INFO WorkRoomWebApplication - *** clicked the submit button ***
2025-08-22 12:40:26,965 [main] INFO WorkRoomWebApplication - *** clicked the Success ok Button ***
2025-08-22 12:40:28,061 [main] INFO WorkRoomWebApplication - ************* Quitting Browser *****************
2025-08-22 12:40:28,197 [main] INFO WorkRoomWebApplication - ************* Browser Closed Successfully *****************
2025-08-22 12:40:29,044 [main] INFO WorkRoomWebApplication - ************* Remote WebDriver Launched *****************
2025-08-22 12:40:29,223 [main] INFO WorkRoomWebApplication - ************* Get The Application URL  *****************
2025-08-22 12:40:31,168 [main] INFO WorkRoomWebApplication - *** Enter The Share Point Email Id ***
2025-08-22 12:40:33,221 [main] INFO WorkRoomWebApplication - *** click the next button ***
2025-08-22 12:40:33,402 [main] INFO WorkRoomWebApplication - *** Enter The Password ***
2025-08-22 12:40:34,788 [main] INFO WorkRoomWebApplication - *** clicked on the sign in Button ***
2025-08-22 12:40:37,398 [main] INFO WorkRoomWebApplication - *** clicked on the master side menu ***
2025-08-22 12:40:41,782 [main] INFO WorkRoomWebApplication - *** clicked on the customer sub menu ***
2025-08-22 12:40:44,585 [main] INFO WorkRoomWebApplication - *** clicked on the '+' icon ***
2025-08-22 12:40:45,205 [main] INFO WorkRoomWebApplication - *** Selected the Customer ***
2025-08-22 12:40:47,786 [main] INFO WorkRoomWebApplication - *** Clicking the Submit Button ***
2025-08-22 12:40:48,321 [main] INFO WorkRoomWebApplication - *** Checking For The Error Message ***
2025-08-22 12:40:49,298 [main] INFO WorkRoomWebApplication - ************* Quitting Browser *****************
2025-08-22 12:40:49,396 [main] INFO WorkRoomWebApplication - ************* Browser Closed Successfully *****************
2025-08-22 12:40:50,408 [main] INFO WorkRoomWebApplication - ************* Remote WebDriver Launched *****************
2025-08-22 12:40:50,746 [main] INFO WorkRoomWebApplication - ************* Get The Application URL  *****************
2025-08-22 12:40:52,034 [main] INFO WorkRoomWebApplication - *** Enter The Share Point Email Id ***
2025-08-22 12:40:53,533 [main] INFO WorkRoomWebApplication - *** click the next button ***
2025-08-22 12:40:53,810 [main] INFO WorkRoomWebApplication - *** Enter The Password ***
2025-08-22 12:40:55,675 [main] INFO WorkRoomWebApplication - *** clicked on the sign in Button ***
2025-08-22 12:40:57,660 [main] INFO WorkRoomWebApplication - *** clicked on the master side menu ***
2025-08-22 12:41:02,080 [main] INFO WorkRoomWebApplication - *** clicked on the customer sub menu ***
2025-08-22 12:41:04,261 [main] INFO WorkRoomWebApplication - *** Click On The Add Button '+' Icon ***
2025-08-22 12:41:05,665 [main] INFO WorkRoomWebApplication - *** Selecting The Customer Location Option ***
2025-08-22 12:41:16,636 [main] INFO WorkRoomWebApplication - ************* Quitting Browser *****************
2025-08-22 12:41:16,766 [main] INFO WorkRoomWebApplication - ************* Browser Closed Successfully *****************
2025-08-22 12:41:17,900 [main] INFO WorkRoomWebApplication - ************* Remote WebDriver Launched *****************
2025-08-22 12:41:18,058 [main] INFO WorkRoomWebApplication - ************* Get The Application URL  *****************
2025-08-22 12:41:19,542 [main] INFO WorkRoomWebApplication - *** Enter The Share Point Email Id ***
2025-08-22 12:41:20,630 [main] INFO WorkRoomWebApplication - *** click the next button ***
2025-08-22 12:41:20,874 [main] INFO WorkRoomWebApplication - *** Enter The Password ***
2025-08-22 12:41:22,470 [main] INFO WorkRoomWebApplication - *** clicked on the sign in Button ***
2025-08-22 12:41:24,253 [main] INFO WorkRoomWebApplication - *** clicked on the master side menu ***
2025-08-22 12:41:30,974 [main] INFO WorkRoomWebApplication - *** clicked on the customer sub menu ***
2025-08-22 12:41:33,297 [main] INFO WorkRoomWebApplication - *** Get The List of Data of Customers  ***
2025-08-22 12:41:43,810 [main] INFO WorkRoomWebApplication - *** Selecting The Customer Option  ***
2025-08-22 12:41:53,879 [main] INFO WorkRoomWebApplication - *** Select The SiteLocation if available ***
2025-08-22 12:42:04,039 [main] INFO WorkRoomWebApplication - *** Add The Loction  ***
2025-08-22 12:42:24,532 [main] INFO WorkRoomWebApplication - ***  Click The Submit Button ***
2025-08-22 12:45:10,994 [main] INFO WorkRoomWebApplication - ************* Launching CHROME Browser *****************
2025-08-22 12:45:13,233 [main] INFO WorkRoomWebApplication - ************* Browser Launched and Maximized *****************
2025-08-22 12:45:14,872 [main] INFO WorkRoomWebApplication - ************* Get The Application URL  *****************
2025-08-22 12:45:16,081 [main] INFO WorkRoomWebApplication - *** Enter The Share Point Email Id ***
2025-08-22 12:45:17,643 [main] INFO WorkRoomWebApplication - *** click the next button ***
2025-08-22 12:45:18,058 [main] INFO WorkRoomWebApplication - *** Enter The Password ***
2025-08-22 12:45:19,795 [main] INFO WorkRoomWebApplication - *** clicked on the sign in Button ***
2025-08-22 12:45:21,763 [main] INFO WorkRoomWebApplication - ************* Quitting Browser *****************
2025-08-22 12:45:22,184 [main] INFO WorkRoomWebApplication - ************* Browser Closed Successfully *****************
2025-08-22 12:45:22,283 [main] INFO WorkRoomWebApplication - ************* Launching CHROME Browser *****************
2025-08-22 12:45:24,528 [main] INFO WorkRoomWebApplication - ************* Browser Launched and Maximized *****************
2025-08-22 12:45:25,090 [main] INFO WorkRoomWebApplication - ************* Get The Application URL  *****************
2025-08-22 12:45:26,511 [main] INFO WorkRoomWebApplication - *** Enter The Share Point Email Id ***
2025-08-22 12:45:27,986 [main] INFO WorkRoomWebApplication - *** click the next button ***
2025-08-22 12:45:28,180 [main] INFO WorkRoomWebApplication - *** Enter The Password ***
2025-08-22 12:45:29,996 [main] INFO WorkRoomWebApplication - *** clicked on the sign in Button ***
2025-08-22 12:45:31,866 [main] INFO WorkRoomWebApplication - *** clicked on the master side menu ***
2025-08-22 12:45:36,235 [main] INFO WorkRoomWebApplication - *** clicked on the customer sub menu ***
2025-08-22 12:45:38,253 [main] INFO WorkRoomWebApplication - *** clicked on the '+' icon ***
2025-08-22 12:45:38,739 [main] INFO WorkRoomWebApplication - *** Selected the Customer ***
2025-08-22 12:45:40,755 [main] INFO WorkRoomWebApplication - *** Filing up the Customer All the Required field ***
2025-08-22 12:45:46,017 [main] INFO WorkRoomWebApplication - *** clicked the submit button ***
2025-08-22 12:45:46,274 [main] INFO WorkRoomWebApplication - *** clicked the Success ok Button ***
2025-08-22 12:45:47,275 [main] INFO WorkRoomWebApplication - ************* Quitting Browser *****************
2025-08-22 12:45:47,631 [main] INFO WorkRoomWebApplication - ************* Browser Closed Successfully *****************
2025-08-22 12:45:47,687 [main] INFO WorkRoomWebApplication - ************* Launching CHROME Browser *****************
2025-08-22 12:45:49,460 [main] INFO WorkRoomWebApplication - ************* Browser Launched and Maximized *****************
2025-08-22 12:45:49,878 [main] INFO WorkRoomWebApplication - ************* Get The Application URL  *****************
2025-08-22 12:45:51,017 [main] INFO WorkRoomWebApplication - *** Enter The Share Point Email Id ***
2025-08-22 12:45:52,445 [main] INFO WorkRoomWebApplication - *** click the next button ***
2025-08-22 12:45:52,732 [main] INFO WorkRoomWebApplication - *** Enter The Password ***
2025-08-22 12:45:54,179 [main] INFO WorkRoomWebApplication - *** clicked on the sign in Button ***
2025-08-22 12:45:56,354 [main] INFO WorkRoomWebApplication - *** clicked on the master side menu ***
2025-08-22 12:46:01,333 [main] INFO WorkRoomWebApplication - *** clicked on the customer sub menu ***
2025-08-22 12:46:03,445 [main] INFO WorkRoomWebApplication - *** clicked on the '+' icon ***
2025-08-22 12:46:03,955 [main] INFO WorkRoomWebApplication - *** Selected the Customer ***
2025-08-22 12:46:06,012 [main] INFO WorkRoomWebApplication - *** Clicking the Submit Button ***
2025-08-22 12:46:06,467 [main] INFO WorkRoomWebApplication - *** Checking For The Error Message ***
2025-08-22 12:46:07,350 [main] INFO WorkRoomWebApplication - ************* Quitting Browser *****************
2025-08-22 12:46:07,609 [main] INFO WorkRoomWebApplication - ************* Browser Closed Successfully *****************
2025-08-22 12:46:07,635 [main] INFO WorkRoomWebApplication - ************* Launching CHROME Browser *****************
2025-08-22 12:46:09,245 [main] INFO WorkRoomWebApplication - ************* Browser Launched and Maximized *****************
2025-08-22 12:46:09,775 [main] INFO WorkRoomWebApplication - ************* Get The Application URL  *****************
2025-08-22 12:46:10,700 [main] INFO WorkRoomWebApplication - *** Enter The Share Point Email Id ***
2025-08-22 12:46:11,928 [main] INFO WorkRoomWebApplication - *** click the next button ***
2025-08-22 12:46:12,173 [main] INFO WorkRoomWebApplication - *** Enter The Password ***
2025-08-22 12:46:13,831 [main] INFO WorkRoomWebApplication - *** clicked on the sign in Button ***
2025-08-22 12:46:15,848 [main] INFO WorkRoomWebApplication - *** clicked on the master side menu ***
2025-08-22 12:46:19,865 [main] INFO WorkRoomWebApplication - *** clicked on the customer sub menu ***
2025-08-22 12:46:22,200 [main] INFO WorkRoomWebApplication - *** Click On The Add Button '+' Icon ***
2025-08-22 12:46:22,692 [main] INFO WorkRoomWebApplication - *** Selecting The Customer Location Option ***
2025-08-22 12:46:24,470 [main] INFO WorkRoomWebApplication - *** Selecting The Customer Option  ***
2025-08-22 12:46:26,399 [main] INFO WorkRoomWebApplication - *** Select The SiteLocation if available ***
2025-08-22 12:46:27,865 [main] INFO WorkRoomWebApplication - *** Add The Loction  ***
2025-08-22 12:46:28,578 [main] INFO WorkRoomWebApplication - ***  Click The Submit Button ***
2025-08-22 12:46:28,767 [main] INFO WorkRoomWebApplication - *** Success Message For The Location Validation Done ***
2025-08-22 12:46:29,881 [main] INFO WorkRoomWebApplication - ************* Quitting Browser *****************
2025-08-22 12:46:30,253 [main] INFO WorkRoomWebApplication - ************* Browser Closed Successfully *****************
2025-08-22 12:46:30,272 [main] INFO WorkRoomWebApplication - ************* Launching CHROME Browser *****************
2025-08-22 12:46:32,122 [main] INFO WorkRoomWebApplication - ************* Browser Launched and Maximized *****************
2025-08-22 12:46:32,541 [main] INFO WorkRoomWebApplication - ************* Get The Application URL  *****************
2025-08-22 12:46:33,609 [main] INFO WorkRoomWebApplication - *** Enter The Share Point Email Id ***
2025-08-22 12:46:34,960 [main] INFO WorkRoomWebApplication - *** click the next button ***
2025-08-22 12:46:35,174 [main] INFO WorkRoomWebApplication - *** Enter The Password ***
2025-08-22 12:46:36,725 [main] INFO WorkRoomWebApplication - *** clicked on the sign in Button ***
2025-08-22 12:46:38,881 [main] INFO WorkRoomWebApplication - *** clicked on the master side menu ***
2025-08-22 12:46:43,413 [main] INFO WorkRoomWebApplication - *** clicked on the customer sub menu ***
2025-08-22 12:46:45,558 [main] INFO WorkRoomWebApplication - *** Get The List of Data of Customers  ***
2025-08-22 12:46:55,899 [main] INFO WorkRoomWebApplication - *** Selecting The Customer Option  ***
2025-08-22 12:47:06,273 [main] INFO WorkRoomWebApplication - *** Select The SiteLocation if available ***
2025-08-22 12:47:16,641 [main] INFO WorkRoomWebApplication - *** Add The Loction  ***
2025-08-22 12:47:36,805 [main] INFO WorkRoomWebApplication - ***  Click The Submit Button ***
2025-08-22 12:47:47,345 [main] INFO WorkRoomWebApplication - *** Success Message For The Location Validation Done ***
2025-08-22 12:48:08,153 [main] INFO WorkRoomWebApplication - ************* Quitting Browser *****************
2025-08-22 12:48:08,303 [main] INFO WorkRoomWebApplication - ************* Browser Closed Successfully *****************
2025-08-25 10:08:11,410 [main] INFO MaterialManagementSharePointApplication - ************* Get The Application URL  *****************
2025-08-25 10:08:12,790 [main] INFO MaterialManagementSharePointApplication - *** Enter The Share Point Email Id ***
2025-08-25 10:08:14,343 [main] INFO MaterialManagementSharePointApplication - *** click the next button ***
2025-08-25 10:08:14,833 [main] INFO MaterialManagementSharePointApplication - *** Enter The Password ***
2025-08-25 10:08:16,848 [main] INFO MaterialManagementSharePointApplication - *** clicked on the sign in Button ***
2025-08-25 10:08:20,019 [main] INFO MaterialManagementSharePointApplication - ************* Get The Application URL  *****************
2025-08-25 10:08:21,249 [main] INFO MaterialManagementSharePointApplication - *** Enter The Share Point Email Id ***
2025-08-25 10:08:22,607 [main] INFO MaterialManagementSharePointApplication - *** click the next button ***
2025-08-25 10:08:22,952 [main] INFO MaterialManagementSharePointApplication - *** Enter The Password ***
2025-08-25 10:08:24,116 [main] INFO MaterialManagementSharePointApplication - *** clicked on the sign in Button ***
2025-08-25 10:08:26,135 [main] INFO MaterialManagementSharePointApplication - *** clicked on the master side menu ***
2025-08-25 10:08:36,204 [main] INFO MaterialManagementSharePointApplication - *** clicked on the customer sub menu ***
2025-08-25 10:09:24,918 [main] INFO MaterialManagementSharePointApplication - ************* Get The Application URL  *****************
2025-08-25 10:09:30,481 [main] INFO MaterialManagementSharePointApplication - *** Enter The Share Point Email Id ***
2025-08-25 10:09:31,783 [main] INFO MaterialManagementSharePointApplication - *** click the next button ***
2025-08-25 10:09:32,142 [main] INFO MaterialManagementSharePointApplication - *** Enter The Password ***
2025-08-25 10:09:33,501 [main] INFO MaterialManagementSharePointApplication - *** clicked on the sign in Button ***
2025-08-25 10:09:36,194 [main] INFO MaterialManagementSharePointApplication - *** clicked on the master side menu ***
2025-08-25 10:09:40,144 [main] INFO MaterialManagementSharePointApplication - *** clicked on the customer sub menu ***
2025-08-25 10:09:43,151 [main] INFO MaterialManagementSharePointApplication - *** clicked on the '+' icon ***
2025-08-25 10:09:43,714 [main] INFO MaterialManagementSharePointApplication - *** Selected the Customer ***
2025-08-25 10:09:46,170 [main] INFO MaterialManagementSharePointApplication - *** Filing up the Customer All the Required field ***
2025-08-25 10:09:51,998 [main] INFO MaterialManagementSharePointApplication - *** clicked the submit button ***
2025-08-25 10:09:52,220 [main] INFO MaterialManagementSharePointApplication - *** clicked the Success ok Button ***
2025-08-25 10:09:54,488 [main] INFO MaterialManagementSharePointApplication - ************* Get The Application URL  *****************
2025-08-25 10:09:56,149 [main] INFO MaterialManagementSharePointApplication - *** Enter The Share Point Email Id ***
2025-08-25 10:09:57,969 [main] INFO MaterialManagementSharePointApplication - *** click the next button ***
2025-08-25 10:09:58,211 [main] INFO MaterialManagementSharePointApplication - *** Enter The Password ***
2025-08-25 10:09:59,916 [main] INFO MaterialManagementSharePointApplication - *** clicked on the sign in Button ***
2025-08-25 10:10:02,340 [main] INFO MaterialManagementSharePointApplication - *** clicked on the master side menu ***
2025-08-25 10:10:06,698 [main] INFO MaterialManagementSharePointApplication - *** clicked on the customer sub menu ***
2025-08-25 10:10:10,247 [main] INFO MaterialManagementSharePointApplication - *** clicked on the '+' icon ***
2025-08-25 10:10:10,821 [main] INFO MaterialManagementSharePointApplication - *** Selected the Customer ***
2025-08-25 10:10:13,277 [main] INFO MaterialManagementSharePointApplication - *** Clicking the Submit Button ***
2025-08-25 10:10:13,764 [main] INFO MaterialManagementSharePointApplication - *** Checking For The Error Message ***
2025-08-25 10:10:16,924 [main] INFO MaterialManagementSharePointApplication - ************* Get The Application URL  *****************
2025-08-25 10:10:18,399 [main] INFO MaterialManagementSharePointApplication - *** Enter The Share Point Email Id ***
2025-08-25 10:10:20,108 [main] INFO MaterialManagementSharePointApplication - *** click the next button ***
2025-08-25 10:10:20,407 [main] INFO MaterialManagementSharePointApplication - *** Enter The Password ***
2025-08-25 10:10:21,834 [main] INFO MaterialManagementSharePointApplication - *** clicked on the sign in Button ***
2025-08-25 10:10:24,134 [main] INFO MaterialManagementSharePointApplication - *** clicked on the master side menu ***
2025-08-25 10:10:28,125 [main] INFO MaterialManagementSharePointApplication - *** clicked on the customer sub menu ***
2025-08-25 10:10:32,040 [main] INFO MaterialManagementSharePointApplication - *** Click On The Add Button '+' Icon ***
2025-08-25 10:10:32,569 [main] INFO MaterialManagementSharePointApplication - *** Selecting The Customer Location Option ***
2025-08-25 10:10:35,277 [main] INFO MaterialManagementSharePointApplication - *** Selecting The Customer Option  ***
2025-08-25 10:10:37,288 [main] INFO MaterialManagementSharePointApplication - *** Select The SiteLocation if available ***
2025-08-25 10:10:38,869 [main] INFO MaterialManagementSharePointApplication - *** Add The Loction  ***
2025-08-25 10:10:39,520 [main] INFO MaterialManagementSharePointApplication - ***  Click The Submit Button ***
2025-08-25 10:10:39,730 [main] INFO MaterialManagementSharePointApplication - *** Success Message For The Location Validation Done ***
2025-08-25 10:11:09,392 [main] INFO MaterialManagementSharePointApplication - ************* Get The Application URL  *****************
2025-08-25 10:11:11,109 [main] INFO MaterialManagementSharePointApplication - *** Enter The Share Point Email Id ***
2025-08-25 10:11:12,634 [main] INFO MaterialManagementSharePointApplication - *** click the next button ***
2025-08-25 10:11:12,945 [main] INFO MaterialManagementSharePointApplication - *** Enter The Password ***
2025-08-25 10:11:14,731 [main] INFO MaterialManagementSharePointApplication - *** clicked on the sign in Button ***
2025-08-25 10:11:19,124 [main] INFO MaterialManagementSharePointApplication - ************* Get The Application URL  *****************
2025-08-25 10:11:20,437 [main] INFO MaterialManagementSharePointApplication - *** Enter The Share Point Email Id ***
2025-08-25 10:17:39,903 [main] INFO MaterialManagementSharePointApplication - Browser launched in headless mode with enhanced options
2025-08-25 10:17:41,321 [main] INFO MaterialManagementSharePointApplication - ************* Get The Application URL  *****************
2025-08-25 10:17:42,628 [main] INFO MaterialManagementSharePointApplication - *** Enter The Share Point Email Id ***
2025-08-25 10:17:44,126 [main] INFO MaterialManagementSharePointApplication - *** click the next button ***
2025-08-25 10:17:44,310 [main] INFO MaterialManagementSharePointApplication - *** Enter The Password ***
2025-08-25 10:17:45,677 [main] INFO MaterialManagementSharePointApplication - *** clicked on the sign in Button ***
2025-08-25 10:17:48,701 [main] INFO MaterialManagementSharePointApplication - Browser launched in headless mode with enhanced options
2025-08-25 10:17:48,790 [main] INFO MaterialManagementSharePointApplication - ************* Get The Application URL  *****************
2025-08-25 10:17:49,732 [main] INFO MaterialManagementSharePointApplication - *** Enter The Share Point Email Id ***
2025-08-25 10:17:51,181 [main] INFO MaterialManagementSharePointApplication - *** click the next button ***
2025-08-25 10:17:51,544 [main] INFO MaterialManagementSharePointApplication - *** Enter The Password ***
2025-08-25 10:17:53,382 [main] INFO MaterialManagementSharePointApplication - *** clicked on the sign in Button ***
2025-08-25 10:18:15,633 [main] INFO MaterialManagementSharePointApplication - *** clicked on the master side menu ***
2025-08-25 10:18:16,110 [main] INFO MaterialManagementSharePointApplication - *** clicked on the customer sub menu ***
2025-08-25 10:18:18,225 [main] INFO MaterialManagementSharePointApplication - *** clicked on the '+' icon ***
2025-08-25 10:18:18,750 [main] INFO MaterialManagementSharePointApplication - *** Selected the Customer ***
2025-08-25 10:18:21,437 [main] INFO MaterialManagementSharePointApplication - *** Filing up the Customer All the Required field ***
2025-08-25 10:18:26,517 [main] INFO MaterialManagementSharePointApplication - *** clicked the submit button ***
2025-08-25 10:18:26,766 [main] INFO MaterialManagementSharePointApplication - *** clicked the Success ok Button ***
2025-08-25 10:18:28,512 [main] INFO MaterialManagementSharePointApplication - Browser launched in headless mode with enhanced options
2025-08-25 10:18:28,580 [main] INFO MaterialManagementSharePointApplication - ************* Get The Application URL  *****************
2025-08-25 10:18:29,770 [main] INFO MaterialManagementSharePointApplication - *** Enter The Share Point Email Id ***
2025-08-25 10:18:30,697 [main] INFO MaterialManagementSharePointApplication - *** click the next button ***
2025-08-25 10:18:30,872 [main] INFO MaterialManagementSharePointApplication - *** Enter The Password ***
2025-08-25 10:18:32,560 [main] INFO MaterialManagementSharePointApplication - *** clicked on the sign in Button ***
2025-08-25 10:18:34,237 [main] INFO MaterialManagementSharePointApplication - *** clicked on the master side menu ***
2025-08-25 10:18:41,991 [main] INFO MaterialManagementSharePointApplication - *** clicked on the customer sub menu ***
2025-08-25 10:18:44,259 [main] INFO MaterialManagementSharePointApplication - *** clicked on the '+' icon ***
2025-08-25 10:18:44,758 [main] INFO MaterialManagementSharePointApplication - *** Selected the Customer ***
2025-08-25 10:18:47,126 [main] INFO MaterialManagementSharePointApplication - *** Clicking the Submit Button ***
2025-08-25 10:18:47,601 [main] INFO MaterialManagementSharePointApplication - *** Checking For The Error Message ***
2025-08-25 10:18:49,267 [main] INFO MaterialManagementSharePointApplication - Browser launched in headless mode with enhanced options
2025-08-25 10:18:49,333 [main] INFO MaterialManagementSharePointApplication - ************* Get The Application URL  *****************
2025-08-25 10:18:50,476 [main] INFO MaterialManagementSharePointApplication - *** Enter The Share Point Email Id ***
2025-08-25 10:18:51,675 [main] INFO MaterialManagementSharePointApplication - *** click the next button ***
2025-08-25 10:18:51,983 [main] INFO MaterialManagementSharePointApplication - *** Enter The Password ***
2025-08-25 10:18:53,211 [main] INFO MaterialManagementSharePointApplication - *** clicked on the sign in Button ***
2025-08-25 10:18:55,096 [main] INFO MaterialManagementSharePointApplication - *** clicked on the master side menu ***
2025-08-25 10:18:58,943 [main] INFO MaterialManagementSharePointApplication - *** clicked on the customer sub menu ***
2025-08-25 10:19:01,380 [main] INFO MaterialManagementSharePointApplication - *** Click On The Add Button '+' Icon ***
2025-08-25 10:19:01,874 [main] INFO MaterialManagementSharePointApplication - *** Selecting The Customer Location Option ***
2025-08-25 10:19:04,012 [main] INFO MaterialManagementSharePointApplication - *** Selecting The Customer Option  ***
2025-08-25 10:19:05,993 [main] INFO MaterialManagementSharePointApplication - *** Select The SiteLocation if available ***
2025-08-25 10:19:07,484 [main] INFO MaterialManagementSharePointApplication - *** Add The Loction  ***
2025-08-25 10:19:08,126 [main] INFO MaterialManagementSharePointApplication - ***  Click The Submit Button ***
2025-08-25 10:19:08,348 [main] INFO MaterialManagementSharePointApplication - *** Success Message For The Location Validation Done ***
2025-09-01 10:25:31,550 [main] INFO WorkRoomWebApplication - ************* Launching CHROME Browser *****************
2025-09-01 10:25:32,740 [main] INFO WorkRoomWebApplication - ************* Browser Launched and Maximized *****************
2025-09-01 10:25:33,681 [main] INFO WorkRoomWebApplication - ************* Get The Application URL  *****************
2025-09-01 10:25:34,910 [main] INFO WorkRoomWebApplication - *** Enter The Share Point Email Id ***
2025-09-01 10:25:35,675 [main] INFO WorkRoomWebApplication - *** click the next button ***
2025-09-01 10:25:35,783 [main] INFO WorkRoomWebApplication - *** Enter The Password ***
2025-09-01 10:25:37,326 [main] INFO WorkRoomWebApplication - *** clicked on the sign in Button ***
2025-09-01 10:25:38,715 [main] INFO WorkRoomWebApplication - *** clicked on the master side menu ***
2025-09-01 10:25:42,628 [main] INFO WorkRoomWebApplication - *** clicked on the customer sub menu ***
2025-09-01 10:25:44,354 [main] INFO WorkRoomWebApplication - *** Get The List of Data of Customers  ***
2025-09-01 10:33:03,623 [main] INFO WorkRoomWebApplication - ************* Launching CHROME Browser *****************
2025-09-01 10:33:04,735 [main] INFO WorkRoomWebApplication - ************* Browser Launched and Maximized *****************
2025-09-01 10:33:05,687 [main] INFO WorkRoomWebApplication - ************* Get The Application URL  *****************
2025-09-01 10:33:06,738 [main] INFO WorkRoomWebApplication - *** Enter The Share Point Email Id ***
2025-09-01 10:33:07,620 [main] INFO WorkRoomWebApplication - *** click the next button ***
2025-09-01 10:33:07,730 [main] INFO WorkRoomWebApplication - *** Enter The Password ***
2025-09-01 10:33:08,995 [main] INFO WorkRoomWebApplication - *** clicked on the sign in Button ***
2025-09-01 10:33:10,326 [main] INFO WorkRoomWebApplication - *** clicked on the master side menu ***
2025-09-01 10:33:14,049 [main] INFO WorkRoomWebApplication - *** clicked on the customer sub menu ***
2025-09-01 10:33:15,326 [main] INFO WorkRoomWebApplication - *** Get The List of Data of Customers  ***
2025-09-01 10:37:45,696 [main] INFO WorkRoomWebApplication - ************* Launching CHROME Browser *****************
2025-09-01 10:37:46,801 [main] INFO WorkRoomWebApplication - ************* Browser Launched and Maximized *****************
2025-09-01 10:37:47,641 [main] INFO WorkRoomWebApplication - ************* Get The Application URL  *****************
2025-09-01 10:37:48,806 [main] INFO WorkRoomWebApplication - *** Enter The Share Point Email Id ***
2025-09-01 10:37:49,602 [main] INFO WorkRoomWebApplication - *** click the next button ***
2025-09-01 10:37:49,707 [main] INFO WorkRoomWebApplication - *** Enter The Password ***
2025-09-01 10:37:51,122 [main] INFO WorkRoomWebApplication - *** clicked on the sign in Button ***
2025-09-01 10:37:52,373 [main] INFO WorkRoomWebApplication - *** clicked on the master side menu ***
2025-09-01 10:37:55,847 [main] INFO WorkRoomWebApplication - *** clicked on the customer sub menu ***
2025-09-01 10:37:57,958 [main] INFO WorkRoomWebApplication - *** Get The List of Data of Customers  ***
2025-09-01 10:47:19,534 [main] INFO WorkRoomWebApplication - ************* Launching CHROME Browser *****************
2025-09-01 10:47:20,602 [main] INFO WorkRoomWebApplication - ************* Browser Launched and Maximized *****************
2025-09-01 10:47:21,495 [main] INFO WorkRoomWebApplication - ************* Get The Application URL  *****************
2025-09-01 10:47:22,433 [main] INFO WorkRoomWebApplication - *** Enter The Share Point Email Id ***
2025-09-01 10:47:23,348 [main] INFO WorkRoomWebApplication - *** click the next button ***
2025-09-01 10:47:23,449 [main] INFO WorkRoomWebApplication - *** Enter The Password ***
2025-09-01 10:47:24,850 [main] INFO WorkRoomWebApplication - *** clicked on the sign in Button ***
2025-09-01 10:47:26,133 [main] INFO WorkRoomWebApplication - *** clicked on the master side menu ***
2025-09-01 10:47:29,429 [main] INFO WorkRoomWebApplication - *** clicked on the customer sub menu ***
2025-09-01 10:47:30,663 [main] INFO WorkRoomWebApplication - *** Get The List of Data of Customers  ***
2025-09-01 10:51:23,734 [main] INFO WorkRoomWebApplication - ************* Launching CHROME Browser *****************
2025-09-01 10:51:24,783 [main] INFO WorkRoomWebApplication - ************* Browser Launched and Maximized *****************
2025-09-01 10:51:25,645 [main] INFO WorkRoomWebApplication - ************* Get The Application URL  *****************
2025-09-01 10:51:26,597 [main] INFO WorkRoomWebApplication - *** Enter The Share Point Email Id ***
2025-09-01 10:51:27,454 [main] INFO WorkRoomWebApplication - *** click the next button ***
2025-09-01 10:51:27,559 [main] INFO WorkRoomWebApplication - *** Enter The Password ***
2025-09-01 10:51:28,764 [main] INFO WorkRoomWebApplication - *** clicked on the sign in Button ***
2025-09-01 10:51:30,238 [main] INFO WorkRoomWebApplication - *** clicked on the master side menu ***
2025-09-01 10:51:33,404 [main] INFO WorkRoomWebApplication - *** clicked on the customer sub menu ***
2025-09-01 10:51:36,403 [main] INFO WorkRoomWebApplication - *** Get The List of Data of Customers  ***
2025-09-01 11:35:18,757 [main] INFO WorkRoomWebApplication - ************* Launching CHROME Browser *****************
2025-09-01 11:35:19,903 [main] INFO WorkRoomWebApplication - ************* Browser Launched and Maximized *****************
2025-09-01 11:35:20,950 [main] INFO WorkRoomWebApplication - ************* Get The Application URL  *****************
2025-09-01 11:35:22,451 [main] INFO WorkRoomWebApplication - *** Enter The Share Point Email Id ***
2025-09-01 11:35:23,376 [main] INFO WorkRoomWebApplication - *** click the next button ***
2025-09-01 11:35:23,552 [main] INFO WorkRoomWebApplication - *** Enter The Password ***
2025-09-01 11:35:25,081 [main] INFO WorkRoomWebApplication - *** clicked on the sign in Button ***
2025-09-01 11:35:26,465 [main] INFO WorkRoomWebApplication - *** clicked on the master side menu ***
2025-09-01 11:35:30,477 [main] INFO WorkRoomWebApplication - *** click the Materials side menu ***
2025-09-01 11:35:32,868 [main] INFO WorkRoomWebApplication - ***  Printing TheMaterial Master Data List in The Table ***
2025-09-01 11:37:07,774 [main] INFO WorkRoomWebApplication - ************* Launching CHROME Browser *****************
2025-09-01 11:37:09,096 [main] INFO WorkRoomWebApplication - ************* Browser Launched and Maximized *****************
2025-09-01 11:37:10,237 [main] INFO WorkRoomWebApplication - ************* Get The Application URL  *****************
2025-09-01 11:37:11,499 [main] INFO WorkRoomWebApplication - *** Enter The Share Point Email Id ***
2025-09-01 11:37:12,269 [main] INFO WorkRoomWebApplication - *** click the next button ***
2025-09-01 11:37:12,378 [main] INFO WorkRoomWebApplication - *** Enter The Password ***
2025-09-01 11:37:14,216 [main] INFO WorkRoomWebApplication - *** clicked on the sign in Button ***
2025-09-01 11:37:15,492 [main] INFO WorkRoomWebApplication - *** clicked on the master side menu ***
2025-09-01 11:37:18,876 [main] INFO WorkRoomWebApplication - *** clicked on the customer sub menu ***
2025-09-01 11:37:20,372 [main] INFO WorkRoomWebApplication - *** Get The List of Data of Customers  ***
2025-09-01 11:42:03,795 [main] INFO WorkRoomWebApplication - ************* Launching CHROME Browser *****************
2025-09-01 11:42:04,966 [main] INFO WorkRoomWebApplication - ************* Browser Launched and Maximized *****************
2025-09-01 11:42:05,924 [main] INFO WorkRoomWebApplication - ************* Get The Application URL  *****************
2025-09-01 11:42:11,558 [main] INFO WorkRoomWebApplication - *** Enter The Share Point Email Id ***
2025-09-01 11:42:12,309 [main] INFO WorkRoomWebApplication - *** click the next button ***
2025-09-01 11:42:12,420 [main] INFO WorkRoomWebApplication - *** Enter The Password ***
2025-09-01 11:42:13,711 [main] INFO WorkRoomWebApplication - *** clicked on the sign in Button ***
2025-09-01 11:42:14,938 [main] INFO WorkRoomWebApplication - *** clicked on the master side menu ***
2025-09-01 11:42:18,187 [main] INFO WorkRoomWebApplication - *** clicked on the customer sub menu ***
2025-09-01 11:42:20,031 [main] INFO WorkRoomWebApplication - *** Get The List of Data of Customers  ***
2025-09-01 11:43:07,119 [main] INFO WorkRoomWebApplication - ************* Launching CHROME Browser *****************
2025-09-01 11:43:08,139 [main] INFO WorkRoomWebApplication - ************* Browser Launched and Maximized *****************
2025-09-01 11:43:09,030 [main] INFO WorkRoomWebApplication - ************* Get The Application URL  *****************
2025-09-01 11:43:10,509 [main] INFO WorkRoomWebApplication - *** Enter The Share Point Email Id ***
2025-09-01 11:43:11,269 [main] INFO WorkRoomWebApplication - *** click the next button ***
2025-09-01 11:43:11,383 [main] INFO WorkRoomWebApplication - *** Enter The Password ***
2025-09-01 11:43:12,666 [main] INFO WorkRoomWebApplication - *** clicked on the sign in Button ***
2025-09-01 11:43:13,849 [main] INFO WorkRoomWebApplication - *** clicked on the master side menu ***
2025-09-01 11:43:18,120 [main] INFO WorkRoomWebApplication - *** click the Materials side menu ***
2025-09-01 11:43:21,306 [main] INFO WorkRoomWebApplication - ***  Printing TheMaterial Master Data List in The Table ***
2025-09-01 11:47:02,286 [main] INFO WorkRoomWebApplication - ************* Launching CHROME Browser *****************
2025-09-01 11:47:03,484 [main] INFO WorkRoomWebApplication - ************* Browser Launched and Maximized *****************
2025-09-01 11:47:04,368 [main] INFO WorkRoomWebApplication - ************* Get The Application URL  *****************
2025-09-01 11:47:05,367 [main] INFO WorkRoomWebApplication - *** Enter The Share Point Email Id ***
2025-09-01 11:47:06,273 [main] INFO WorkRoomWebApplication - *** click the next button ***
2025-09-01 11:47:06,382 [main] INFO WorkRoomWebApplication - *** Enter The Password ***
2025-09-01 11:47:07,775 [main] INFO WorkRoomWebApplication - *** clicked on the sign in Button ***
2025-09-01 11:47:09,549 [main] INFO WorkRoomWebApplication - *** clicked on the master side menu ***
2025-09-01 11:47:12,275 [main] INFO WorkRoomWebApplication - *** click the Materials side menu ***
2025-09-01 11:47:14,998 [main] INFO WorkRoomWebApplication - ***  Printing TheMaterial Master Data List in The Table ***
2025-09-01 11:50:11,416 [main] INFO WorkRoomWebApplication - ************* Launching CHROME Browser *****************
2025-09-01 11:50:12,482 [main] INFO WorkRoomWebApplication - ************* Browser Launched and Maximized *****************
2025-09-01 11:50:13,580 [main] INFO WorkRoomWebApplication - ************* Get The Application URL  *****************
2025-09-01 11:50:14,907 [main] INFO WorkRoomWebApplication - *** Enter The Share Point Email Id ***
2025-09-01 11:50:15,651 [main] INFO WorkRoomWebApplication - *** click the next button ***
2025-09-01 11:50:15,762 [main] INFO WorkRoomWebApplication - *** Enter The Password ***
2025-09-01 11:50:17,080 [main] INFO WorkRoomWebApplication - *** clicked on the sign in Button ***
2025-09-01 11:50:18,267 [main] INFO WorkRoomWebApplication - *** clicked on the master side menu ***
2025-09-01 11:50:23,094 [main] INFO WorkRoomWebApplication - *** click the Materials side menu ***
2025-09-01 11:50:25,997 [main] INFO WorkRoomWebApplication - ***  Printing TheMaterial Master Data List in The Table ***
2025-09-01 12:02:39,996 [main] INFO WorkRoomWebApplication - ************* Launching CHROME Browser *****************
2025-09-01 12:02:41,033 [main] INFO WorkRoomWebApplication - ************* Browser Launched and Maximized *****************
2025-09-01 12:02:41,947 [main] INFO WorkRoomWebApplication - ************* Get The Application URL  *****************
2025-09-01 12:02:43,221 [main] INFO WorkRoomWebApplication - *** Enter The Share Point Email Id ***
2025-09-01 12:02:44,507 [main] INFO WorkRoomWebApplication - *** click the next button ***
2025-09-01 12:02:44,602 [main] INFO WorkRoomWebApplication - *** Enter The Password ***
2025-09-01 12:02:46,003 [main] INFO WorkRoomWebApplication - *** clicked on the sign in Button ***
2025-09-01 12:02:47,252 [main] INFO WorkRoomWebApplication - *** clicked on the master side menu ***
2025-09-01 12:02:50,864 [main] INFO WorkRoomWebApplication - *** click the Materials side menu ***
2025-09-01 12:02:53,074 [main] INFO WorkRoomWebApplication - ***  Printing TheMaterial Master Data List in The Table ***
2025-09-01 12:11:55,950 [main] INFO WorkRoomWebApplication - ************* Launching CHROME Browser *****************
2025-09-01 12:11:56,966 [main] INFO WorkRoomWebApplication - ************* Browser Launched and Maximized *****************
2025-09-01 12:11:57,876 [main] INFO WorkRoomWebApplication - ************* Get The Application URL  *****************
2025-09-01 12:11:59,260 [main] INFO WorkRoomWebApplication - *** Enter The Share Point Email Id ***
2025-09-01 12:12:00,020 [main] INFO WorkRoomWebApplication - *** click the next button ***
2025-09-01 12:12:00,130 [main] INFO WorkRoomWebApplication - *** Enter The Password ***
2025-09-01 12:12:01,540 [main] INFO WorkRoomWebApplication - *** clicked on the sign in Button ***
2025-09-01 12:12:03,116 [main] INFO WorkRoomWebApplication - *** clicked on the master side menu ***
2025-09-01 12:12:06,885 [main] INFO WorkRoomWebApplication - *** click the Materials side menu ***
2025-09-01 12:12:09,084 [main] INFO WorkRoomWebApplication - ***  Printing TheMaterial Master Data List in The Table ***
2025-09-01 12:18:45,779 [main] INFO WorkRoomWebApplication - ************* Launching CHROME Browser *****************
2025-09-01 12:18:46,821 [main] INFO WorkRoomWebApplication - ************* Browser Launched and Maximized *****************
2025-09-01 12:18:47,676 [main] INFO WorkRoomWebApplication - ************* Get The Application URL  *****************
2025-09-01 12:18:49,001 [main] INFO WorkRoomWebApplication - *** Enter The Share Point Email Id ***
2025-09-01 12:18:49,754 [main] INFO WorkRoomWebApplication - *** click the next button ***
2025-09-01 12:18:49,866 [main] INFO WorkRoomWebApplication - *** Enter The Password ***
2025-09-01 12:18:51,273 [main] INFO WorkRoomWebApplication - *** clicked on the sign in Button ***
2025-09-01 12:18:52,578 [main] INFO WorkRoomWebApplication - *** clicked on the master side menu ***
2025-09-01 12:18:55,771 [main] INFO WorkRoomWebApplication - *** click the Materials side menu ***
2025-09-01 12:18:57,925 [main] INFO WorkRoomWebApplication - ***  Printing TheMaterial Master Data List in The Table ***
2025-09-01 12:26:36,452 [main] INFO WorkRoomWebApplication - ************* Launching CHROME Browser *****************
2025-09-01 12:26:38,052 [main] INFO WorkRoomWebApplication - ************* Browser Launched and Maximized *****************
2025-09-01 12:26:39,631 [main] INFO WorkRoomWebApplication - ************* Get The Application URL  *****************
2025-09-01 12:26:41,120 [main] INFO WorkRoomWebApplication - *** Enter The Share Point Email Id ***
2025-09-01 12:26:42,265 [main] INFO WorkRoomWebApplication - *** click the next button ***
2025-09-01 12:26:42,381 [main] INFO WorkRoomWebApplication - *** Enter The Password ***
2025-09-01 12:26:43,655 [main] INFO WorkRoomWebApplication - *** clicked on the sign in Button ***
2025-09-01 12:26:45,024 [main] INFO WorkRoomWebApplication - *** clicked on the master side menu ***
2025-09-01 12:26:48,578 [main] INFO WorkRoomWebApplication - *** click the Materials side menu ***
2025-09-01 12:26:50,975 [main] INFO WorkRoomWebApplication - ***  Printing TheMaterial Master Data List in The Table ***
2025-09-01 12:53:55,178 [main] INFO WorkRoomWebApplication - ************* Launching CHROME Browser *****************
2025-09-01 12:53:56,566 [main] INFO WorkRoomWebApplication - ************* Browser Launched and Maximized *****************
2025-09-01 12:53:57,652 [main] INFO WorkRoomWebApplication - ************* Get The Application URL  *****************
2025-09-01 12:53:58,725 [main] INFO WorkRoomWebApplication - *** Enter The Share Point Email Id ***
2025-09-01 12:53:59,655 [main] INFO WorkRoomWebApplication - *** click the next button ***
2025-09-01 12:53:59,765 [main] INFO WorkRoomWebApplication - *** Enter The Password ***
2025-09-01 12:54:01,122 [main] INFO WorkRoomWebApplication - *** clicked on the sign in Button ***
2025-09-01 12:54:02,442 [main] INFO WorkRoomWebApplication - *** clicked on the master side menu ***
2025-09-01 12:54:06,193 [main] INFO WorkRoomWebApplication - *** click the subContractor side menu ***
2025-09-01 12:54:08,302 [main] INFO WorkRoomWebApplication - ***  Print The List of The Material Master Data ***
2025-09-01 12:55:46,978 [main] INFO WorkRoomWebApplication - ************* Launching CHROME Browser *****************
2025-09-01 12:55:48,249 [main] INFO WorkRoomWebApplication - ************* Browser Launched and Maximized *****************
2025-09-01 12:55:49,376 [main] INFO WorkRoomWebApplication - ************* Get The Application URL  *****************
2025-09-01 12:55:50,629 [main] INFO WorkRoomWebApplication - *** Enter The Share Point Email Id ***
2025-09-01 12:55:51,444 [main] INFO WorkRoomWebApplication - *** click the next button ***
2025-09-01 12:55:51,550 [main] INFO WorkRoomWebApplication - *** Enter The Password ***
2025-09-01 12:55:52,969 [main] INFO WorkRoomWebApplication - *** clicked on the sign in Button ***
2025-09-01 12:55:54,198 [main] INFO WorkRoomWebApplication - *** clicked on the master side menu ***
2025-09-01 12:55:58,023 [main] INFO WorkRoomWebApplication - *** click the subContractor side menu ***
2025-09-01 12:56:00,038 [main] INFO WorkRoomWebApplication - ***  Print The List of The Material Master Data ***
2025-09-01 13:07:27,938 [main] INFO WorkRoomWebApplication - ************* Launching CHROME Browser *****************
2025-09-01 13:07:28,991 [main] INFO WorkRoomWebApplication - ************* Browser Launched and Maximized *****************
2025-09-01 13:07:29,868 [main] INFO WorkRoomWebApplication - ************* Get The Application URL  *****************
2025-09-01 13:07:31,065 [main] INFO WorkRoomWebApplication - *** Enter The Share Point Email Id ***
2025-09-01 13:07:31,925 [main] INFO WorkRoomWebApplication - *** click the next button ***
2025-09-01 13:07:32,028 [main] INFO WorkRoomWebApplication - *** Enter The Password ***
2025-09-01 13:07:33,509 [main] INFO WorkRoomWebApplication - *** clicked on the sign in Button ***
2025-09-01 13:07:35,032 [main] INFO WorkRoomWebApplication - *** clicked on the master side menu ***
2025-09-01 13:07:38,740 [main] INFO WorkRoomWebApplication - *** click the subContractor side menu ***
2025-09-01 13:07:40,994 [main] INFO WorkRoomWebApplication - ***  Print The List of The Material Master Data ***
2025-09-01 14:23:19,217 [main] INFO WorkRoomWebApplication - ************* Launching CHROME Browser *****************
2025-09-01 14:23:20,402 [main] INFO WorkRoomWebApplication - ************* Browser Launched and Maximized *****************
2025-09-01 14:23:21,593 [main] INFO WorkRoomWebApplication - ************* Get The Application URL  *****************
2025-09-01 14:23:23,591 [main] INFO WorkRoomWebApplication - *** Enter The Share Point Email Id ***
2025-09-01 14:23:24,379 [main] INFO WorkRoomWebApplication - *** click the next button ***
2025-09-01 14:23:24,504 [main] INFO WorkRoomWebApplication - *** Enter The Password ***
2025-09-01 14:23:25,794 [main] INFO WorkRoomWebApplication - *** clicked on the sign in Button ***
2025-09-01 14:23:27,192 [main] INFO WorkRoomWebApplication - *** clicked on the master side menu ***
2025-09-01 14:23:33,947 [main] INFO WorkRoomWebApplication - *** click the Suppliers side menu ***
2025-09-01 14:23:36,932 [main] INFO WorkRoomWebApplication - *** Print The List of The Suppliers ***
2025-09-01 14:31:49,561 [main] INFO WorkRoomWebApplication - ************* Launching CHROME Browser *****************
2025-09-01 14:31:50,837 [main] INFO WorkRoomWebApplication - ************* Browser Launched and Maximized *****************
2025-09-01 14:31:52,075 [main] INFO WorkRoomWebApplication - ************* Get The Application URL  *****************
2025-09-01 14:31:53,228 [main] INFO WorkRoomWebApplication - *** Enter The Share Point Email Id ***
2025-09-01 14:31:54,123 [main] INFO WorkRoomWebApplication - *** click the next button ***
2025-09-01 14:31:54,228 [main] INFO WorkRoomWebApplication - *** Enter The Password ***
2025-09-01 14:31:55,754 [main] INFO WorkRoomWebApplication - *** clicked on the sign in Button ***
2025-09-01 14:31:57,322 [main] INFO WorkRoomWebApplication - *** clicked on the master side menu ***
2025-09-01 14:32:00,283 [main] INFO WorkRoomWebApplication - *** click the Suppliers side menu ***
2025-09-01 14:32:02,197 [main] INFO WorkRoomWebApplication - *** Print The List of The Suppliers ***
2025-09-01 14:37:46,450 [main] INFO WorkRoomWebApplication - ************* Launching CHROME Browser *****************
2025-09-01 14:37:47,691 [main] INFO WorkRoomWebApplication - ************* Browser Launched and Maximized *****************
2025-09-01 14:37:48,820 [main] INFO WorkRoomWebApplication - ************* Get The Application URL  *****************
2025-09-01 14:37:50,258 [main] INFO WorkRoomWebApplication - *** Enter The Share Point Email Id ***
2025-09-01 14:37:51,061 [main] INFO WorkRoomWebApplication - *** click the next button ***
2025-09-01 14:37:51,190 [main] INFO WorkRoomWebApplication - *** Enter The Password ***
2025-09-01 14:37:52,576 [main] INFO WorkRoomWebApplication - *** clicked on the sign in Button ***
2025-09-01 14:37:53,902 [main] INFO WorkRoomWebApplication - *** clicked on the master side menu ***
2025-09-01 14:38:06,609 [main] INFO WorkRoomWebApplication - *** clicked on the customer sub menu ***
2025-09-01 14:38:09,051 [main] INFO WorkRoomWebApplication - *** Get The List of Data of Customers  ***
2025-09-01 14:38:17,699 [main] INFO WorkRoomWebApplication - ************* Launching CHROME Browser *****************
2025-09-01 14:38:18,566 [main] INFO WorkRoomWebApplication - ************* Browser Launched and Maximized *****************
2025-09-01 14:38:18,840 [main] INFO WorkRoomWebApplication - ************* Get The Application URL  *****************
2025-09-01 14:38:19,985 [main] INFO WorkRoomWebApplication - *** Enter The Share Point Email Id ***
2025-09-01 14:38:20,866 [main] INFO WorkRoomWebApplication - *** click the next button ***
2025-09-01 14:38:20,985 [main] INFO WorkRoomWebApplication - *** Enter The Password ***
2025-09-01 14:38:22,422 [main] INFO WorkRoomWebApplication - *** clicked on the sign in Button ***
2025-09-01 14:38:23,677 [main] INFO WorkRoomWebApplication - *** clicked on the master side menu ***
2025-09-01 14:38:27,156 [main] INFO WorkRoomWebApplication - *** click the Suppliers side menu ***
2025-09-01 14:38:29,203 [main] INFO WorkRoomWebApplication - *** Print The List of The Suppliers ***
2025-09-01 14:38:32,261 [main] INFO WorkRoomWebApplication - ************* Launching CHROME Browser *****************
2025-09-01 14:38:33,125 [main] INFO WorkRoomWebApplication - ************* Browser Launched and Maximized *****************
2025-09-01 14:38:33,548 [main] INFO WorkRoomWebApplication - ************* Get The Application URL  *****************
2025-09-01 14:38:34,679 [main] INFO WorkRoomWebApplication - *** Enter The Share Point Email Id ***
2025-09-01 14:38:35,611 [main] INFO WorkRoomWebApplication - *** click the next button ***
2025-09-01 14:38:35,801 [main] INFO WorkRoomWebApplication - *** Enter The Password ***
2025-09-01 14:38:37,181 [main] INFO WorkRoomWebApplication - *** clicked on the sign in Button ***
2025-09-01 14:38:38,560 [main] INFO WorkRoomWebApplication - *** clicked on the master side menu ***
2025-09-01 14:38:42,125 [main] INFO WorkRoomWebApplication - *** click the subContractor side menu ***
2025-09-01 14:38:44,486 [main] INFO WorkRoomWebApplication - ***  Print The List of The Material Master Data ***
2025-09-01 14:38:47,381 [main] INFO WorkRoomWebApplication - ************* Launching CHROME Browser *****************
2025-09-01 14:38:48,132 [main] INFO WorkRoomWebApplication - ************* Browser Launched and Maximized *****************
2025-09-01 14:38:48,584 [main] INFO WorkRoomWebApplication - ************* Get The Application URL  *****************
2025-09-01 14:38:49,883 [main] INFO WorkRoomWebApplication - *** Enter The Share Point Email Id ***
2025-09-01 14:38:51,034 [main] INFO WorkRoomWebApplication - *** click the next button ***
2025-09-01 14:38:51,189 [main] INFO WorkRoomWebApplication - *** Enter The Password ***
2025-09-01 14:38:52,663 [main] INFO WorkRoomWebApplication - *** clicked on the sign in Button ***
2025-09-01 14:38:54,073 [main] INFO WorkRoomWebApplication - *** clicked on the master side menu ***
2025-09-01 14:38:59,107 [main] INFO WorkRoomWebApplication - *** click the Materials side menu ***
2025-09-01 14:39:01,122 [main] INFO WorkRoomWebApplication - ***  Printing TheMaterial Master Data List in The Table ***
2025-09-01 14:46:11,527 [main] INFO WorkRoomWebApplication - ************* Remote WebDriver Launched *****************
2025-09-01 14:46:12,569 [main] INFO WorkRoomWebApplication - ************* Get The Application URL  *****************
2025-09-01 14:46:13,794 [main] INFO WorkRoomWebApplication - *** Enter The Share Point Email Id ***
2025-09-01 14:46:15,441 [main] INFO WorkRoomWebApplication - *** click the next button ***
2025-09-01 14:46:15,597 [main] INFO WorkRoomWebApplication - *** Enter The Password ***
2025-09-01 14:46:16,991 [main] INFO WorkRoomWebApplication - *** clicked on the sign in Button ***
2025-09-01 14:46:18,917 [main] INFO WorkRoomWebApplication - *** clicked on the master side menu ***
2025-09-01 14:46:22,774 [main] INFO WorkRoomWebApplication - *** clicked on the customer sub menu ***
2025-09-01 14:46:25,866 [main] INFO WorkRoomWebApplication - *** Get The List of Data of Customers  ***
2025-09-01 14:46:37,594 [main] INFO WorkRoomWebApplication - ************* Quitting Browser *****************
2025-09-01 14:46:37,691 [main] INFO WorkRoomWebApplication - ************* Browser Closed Successfully *****************
2025-09-01 14:46:38,417 [main] INFO WorkRoomWebApplication - ************* Remote WebDriver Launched *****************
2025-09-01 14:46:38,554 [main] INFO WorkRoomWebApplication - ************* Get The Application URL  *****************
2025-09-01 14:46:39,855 [main] INFO WorkRoomWebApplication - *** Enter The Share Point Email Id ***
2025-09-01 14:46:41,363 [main] INFO WorkRoomWebApplication - *** click the next button ***
2025-09-01 14:46:41,534 [main] INFO WorkRoomWebApplication - *** Enter The Password ***
2025-09-01 14:46:43,313 [main] INFO WorkRoomWebApplication - *** clicked on the sign in Button ***
2025-09-01 14:46:45,045 [main] INFO WorkRoomWebApplication - *** clicked on the master side menu ***
2025-09-01 14:46:48,481 [main] INFO WorkRoomWebApplication - *** click the Suppliers side menu ***
2025-09-01 14:46:50,356 [main] INFO WorkRoomWebApplication - *** Print The List of The Suppliers ***
2025-09-01 14:46:54,165 [main] INFO WorkRoomWebApplication - ************* Quitting Browser *****************
2025-09-01 14:46:54,256 [main] INFO WorkRoomWebApplication - ************* Browser Closed Successfully *****************
2025-09-01 14:46:54,761 [main] INFO WorkRoomWebApplication - ************* Remote WebDriver Launched *****************
2025-09-01 14:46:54,886 [main] INFO WorkRoomWebApplication - ************* Get The Application URL  *****************
2025-09-01 14:46:56,069 [main] INFO WorkRoomWebApplication - *** Enter The Share Point Email Id ***
2025-09-01 14:46:57,402 [main] INFO WorkRoomWebApplication - *** click the next button ***
2025-09-01 14:46:57,553 [main] INFO WorkRoomWebApplication - *** Enter The Password ***
2025-09-01 14:46:59,566 [main] INFO WorkRoomWebApplication - *** clicked on the sign in Button ***
2025-09-01 14:47:01,031 [main] INFO WorkRoomWebApplication - *** clicked on the master side menu ***
2025-09-01 14:47:05,006 [main] INFO WorkRoomWebApplication - *** click the subContractor side menu ***
2025-09-01 14:47:07,235 [main] INFO WorkRoomWebApplication - ***  Print The List of The Material Master Data ***
2025-09-01 14:47:10,798 [main] INFO WorkRoomWebApplication - ************* Quitting Browser *****************
2025-09-01 14:47:10,894 [main] INFO WorkRoomWebApplication - ************* Browser Closed Successfully *****************
2025-09-01 14:47:11,450 [main] INFO WorkRoomWebApplication - ************* Remote WebDriver Launched *****************
2025-09-01 14:47:11,525 [main] INFO WorkRoomWebApplication - ************* Get The Application URL  *****************
2025-09-01 14:47:12,819 [main] INFO WorkRoomWebApplication - *** Enter The Share Point Email Id ***
2025-09-01 14:47:14,064 [main] INFO WorkRoomWebApplication - *** click the next button ***
2025-09-01 14:47:14,256 [main] INFO WorkRoomWebApplication - *** Enter The Password ***
2025-09-01 14:47:15,842 [main] INFO WorkRoomWebApplication - *** clicked on the sign in Button ***
2025-09-01 14:47:17,556 [main] INFO WorkRoomWebApplication - *** clicked on the master side menu ***
2025-09-01 14:47:21,068 [main] INFO WorkRoomWebApplication - *** click the Materials side menu ***
2025-09-01 14:47:23,586 [main] INFO WorkRoomWebApplication - ***  Printing TheMaterial Master Data List in The Table ***
2025-09-01 14:47:38,829 [main] INFO WorkRoomWebApplication - ************* Quitting Browser *****************
2025-09-01 14:47:38,932 [main] INFO WorkRoomWebApplication - ************* Browser Closed Successfully *****************
2025-09-01 14:49:02,054 [main] INFO MaterialManagementSharePointApplication - Browser launched in headless mode with enhanced options
2025-09-01 14:49:02,833 [main] INFO MaterialManagementSharePointApplication - ************* Get The Application URL  *****************
2025-09-01 14:49:04,316 [main] INFO MaterialManagementSharePointApplication - *** Enter The Share Point Email Id ***
2025-09-01 14:49:05,331 [main] INFO MaterialManagementSharePointApplication - *** click the next button ***
2025-09-01 14:49:05,450 [main] INFO MaterialManagementSharePointApplication - *** Enter The Password ***
2025-09-01 14:49:07,100 [main] INFO MaterialManagementSharePointApplication - *** clicked on the sign in Button ***
2025-09-01 14:49:08,698 [main] INFO MaterialManagementSharePointApplication - *** clicked on the master side menu ***
2025-09-01 14:49:12,041 [main] INFO MaterialManagementSharePointApplication - *** clicked on the customer sub menu ***
2025-09-01 14:49:13,275 [main] INFO MaterialManagementSharePointApplication - *** Get The List of Data of Customers  ***
2025-09-01 14:49:23,706 [main] INFO MaterialManagementSharePointApplication - Browser launched in headless mode with enhanced options
2025-09-01 14:49:23,760 [main] INFO MaterialManagementSharePointApplication - ************* Get The Application URL  *****************
2025-09-01 14:49:24,721 [main] INFO MaterialManagementSharePointApplication - *** Enter The Share Point Email Id ***
2025-09-01 14:49:25,750 [main] INFO MaterialManagementSharePointApplication - *** click the next button ***
2025-09-01 14:49:25,879 [main] INFO MaterialManagementSharePointApplication - *** Enter The Password ***
2025-09-01 14:49:27,534 [main] INFO MaterialManagementSharePointApplication - *** clicked on the sign in Button ***
2025-09-01 14:49:45,154 [main] INFO MaterialManagementSharePointApplication - *** clicked on the master side menu ***
2025-09-01 14:49:48,944 [main] INFO MaterialManagementSharePointApplication - *** click the Suppliers side menu ***
2025-09-01 14:49:51,192 [main] INFO MaterialManagementSharePointApplication - *** Print The List of The Suppliers ***
2025-09-01 14:49:55,122 [main] INFO MaterialManagementSharePointApplication - Browser launched in headless mode with enhanced options
2025-09-01 14:49:55,179 [main] INFO MaterialManagementSharePointApplication - ************* Get The Application URL  *****************
2025-09-01 14:49:56,041 [main] INFO MaterialManagementSharePointApplication - *** Enter The Share Point Email Id ***
2025-09-01 14:49:56,964 [main] INFO MaterialManagementSharePointApplication - *** click the next button ***
2025-09-01 14:49:57,071 [main] INFO MaterialManagementSharePointApplication - *** Enter The Password ***
2025-09-01 14:49:58,356 [main] INFO MaterialManagementSharePointApplication - *** clicked on the sign in Button ***
2025-09-01 14:49:59,435 [main] INFO MaterialManagementSharePointApplication - *** clicked on the master side menu ***
2025-09-01 14:50:02,706 [main] INFO MaterialManagementSharePointApplication - *** click the subContractor side menu ***
2025-09-01 14:50:04,696 [main] INFO MaterialManagementSharePointApplication - ***  Print The List of The Material Master Data ***
2025-09-01 14:50:08,519 [main] INFO MaterialManagementSharePointApplication - Browser launched in headless mode with enhanced options
2025-09-01 14:50:08,558 [main] INFO MaterialManagementSharePointApplication - ************* Get The Application URL  *****************
2025-09-01 14:50:09,478 [main] INFO MaterialManagementSharePointApplication - *** Enter The Share Point Email Id ***
2025-09-01 14:50:10,399 [main] INFO MaterialManagementSharePointApplication - *** click the next button ***
2025-09-01 14:50:10,508 [main] INFO MaterialManagementSharePointApplication - *** Enter The Password ***
2025-09-01 14:50:11,952 [main] INFO MaterialManagementSharePointApplication - *** clicked on the sign in Button ***
2025-09-01 14:50:13,227 [main] INFO MaterialManagementSharePointApplication - *** clicked on the master side menu ***
2025-09-01 14:50:16,709 [main] INFO MaterialManagementSharePointApplication - *** click the Materials side menu ***
2025-09-01 14:50:18,868 [main] INFO MaterialManagementSharePointApplication - ***  Printing TheMaterial Master Data List in The Table ***
2025-09-02 10:10:45,568 [main] INFO WorkRoomWebApplication - ************* Launching CHROME Browser *****************
2025-09-02 10:10:47,380 [main] INFO WorkRoomWebApplication - ************* Browser Launched and Maximized *****************
2025-09-02 10:10:48,792 [main] INFO WorkRoomWebApplication - ************* Get The Application URL  *****************
2025-09-02 10:10:49,585 [main] INFO WorkRoomWebApplication - *** Enter The Share Point Email Id ***
2025-09-02 10:10:50,602 [main] INFO WorkRoomWebApplication - *** click the next button ***
2025-09-02 10:10:50,756 [main] INFO WorkRoomWebApplication - *** Enter The Password ***
2025-09-02 10:10:52,297 [main] INFO WorkRoomWebApplication - *** clicked on the sign in Button ***
2025-09-02 10:10:53,637 [main] INFO WorkRoomWebApplication - *** clicked on the master side menu ***
2025-09-02 10:10:58,207 [main] INFO WorkRoomWebApplication - *** clicked on the customer sub menu ***
2025-09-02 10:10:59,707 [main] INFO WorkRoomWebApplication - *** Check The View Of The Customer Data ***
2025-09-02 10:15:42,053 [main] INFO WorkRoomWebApplication - ************* Launching CHROME Browser *****************
2025-09-02 10:15:43,441 [main] INFO WorkRoomWebApplication - ************* Browser Launched and Maximized *****************
2025-09-02 10:15:44,500 [main] INFO WorkRoomWebApplication - ************* Get The Application URL  *****************
2025-09-02 10:15:45,974 [main] INFO WorkRoomWebApplication - *** Enter The Share Point Email Id ***
2025-09-02 10:15:46,891 [main] INFO WorkRoomWebApplication - *** click the next button ***
2025-09-02 10:15:47,045 [main] INFO WorkRoomWebApplication - *** Enter The Password ***
2025-09-02 10:15:48,553 [main] INFO WorkRoomWebApplication - *** clicked on the sign in Button ***
2025-09-02 10:15:49,834 [main] INFO WorkRoomWebApplication - *** clicked on the master side menu ***
2025-09-02 10:15:54,713 [main] INFO WorkRoomWebApplication - *** clicked on the customer sub menu ***
2025-09-02 10:15:57,906 [main] INFO WorkRoomWebApplication - *** Check The View Of The Customer Data ***
2025-09-02 10:21:54,074 [main] INFO WorkRoomWebApplication - ************* Launching CHROME Browser *****************
2025-09-02 10:21:55,599 [main] INFO WorkRoomWebApplication - ************* Browser Launched and Maximized *****************
2025-09-02 10:21:56,755 [main] INFO WorkRoomWebApplication - ************* Get The Application URL  *****************
2025-09-02 10:21:57,828 [main] INFO WorkRoomWebApplication - *** Enter The Share Point Email Id ***
2025-09-02 10:21:58,775 [main] INFO WorkRoomWebApplication - *** click the next button ***
2025-09-02 10:21:58,925 [main] INFO WorkRoomWebApplication - *** Enter The Password ***
2025-09-02 10:22:00,431 [main] INFO WorkRoomWebApplication - *** clicked on the sign in Button ***
2025-09-02 10:22:01,958 [main] INFO WorkRoomWebApplication - *** clicked on the master side menu ***
2025-09-02 10:22:05,670 [main] INFO WorkRoomWebApplication - *** clicked on the customer sub menu ***
2025-09-02 10:22:07,142 [main] INFO WorkRoomWebApplication - *** Check The View Of The Customer Data ***
2025-09-02 10:24:18,286 [main] INFO WorkRoomWebApplication - ************* Launching CHROME Browser *****************
2025-09-02 10:24:19,465 [main] INFO WorkRoomWebApplication - ************* Browser Launched and Maximized *****************
2025-09-02 10:24:20,518 [main] INFO WorkRoomWebApplication - ************* Get The Application URL  *****************
2025-09-02 10:24:21,585 [main] INFO WorkRoomWebApplication - *** Enter The Share Point Email Id ***
2025-09-02 10:24:22,340 [main] INFO WorkRoomWebApplication - *** click the next button ***
2025-09-02 10:24:22,449 [main] INFO WorkRoomWebApplication - *** Enter The Password ***
2025-09-02 10:24:23,846 [main] INFO WorkRoomWebApplication - *** clicked on the sign in Button ***
2025-09-02 10:24:25,093 [main] INFO WorkRoomWebApplication - *** clicked on the master side menu ***
2025-09-02 10:24:31,464 [main] INFO WorkRoomWebApplication - *** clicked on the customer sub menu ***
2025-09-02 10:24:32,786 [main] INFO WorkRoomWebApplication - *** Check The View Of The Customer Data ***
2025-09-02 10:26:59,349 [main] INFO WorkRoomWebApplication - ************* Launching CHROME Browser *****************
2025-09-02 10:27:00,345 [main] INFO WorkRoomWebApplication - ************* Browser Launched and Maximized *****************
2025-09-02 10:27:01,229 [main] INFO WorkRoomWebApplication - ************* Get The Application URL  *****************
2025-09-02 10:27:02,228 [main] INFO WorkRoomWebApplication - *** Enter The Share Point Email Id ***
2025-09-02 10:27:02,984 [main] INFO WorkRoomWebApplication - *** click the next button ***
2025-09-02 10:27:03,103 [main] INFO WorkRoomWebApplication - *** Enter The Password ***
2025-09-02 10:27:04,533 [main] INFO WorkRoomWebApplication - *** clicked on the sign in Button ***
2025-09-02 10:27:05,884 [main] INFO WorkRoomWebApplication - *** clicked on the master side menu ***
2025-09-02 10:27:09,770 [main] INFO WorkRoomWebApplication - *** clicked on the customer sub menu ***
2025-09-02 10:27:11,242 [main] INFO WorkRoomWebApplication - *** Check The View Of The Customer Data ***
2025-09-02 10:33:50,819 [main] INFO WorkRoomWebApplication - ************* Launching CHROME Browser *****************
2025-09-02 10:33:51,848 [main] INFO WorkRoomWebApplication - ************* Browser Launched and Maximized *****************
2025-09-02 10:33:52,750 [main] INFO WorkRoomWebApplication - ************* Get The Application URL  *****************
2025-09-02 10:33:53,855 [main] INFO WorkRoomWebApplication - *** Enter The Share Point Email Id ***
2025-09-02 10:33:54,600 [main] INFO WorkRoomWebApplication - *** click the next button ***
2025-09-02 10:33:54,709 [main] INFO WorkRoomWebApplication - *** Enter The Password ***
2025-09-02 10:33:55,995 [main] INFO WorkRoomWebApplication - *** clicked on the sign in Button ***
2025-09-02 10:33:57,080 [main] INFO WorkRoomWebApplication - *** clicked on the master side menu ***
2025-09-02 10:34:01,111 [main] INFO WorkRoomWebApplication - *** clicked on the customer sub menu ***
2025-09-02 10:34:02,519 [main] INFO WorkRoomWebApplication - *** Check The View Of The Customer Data ***
2025-09-02 10:42:37,092 [main] INFO WorkRoomWebApplication - ************* Launching CHROME Browser *****************
2025-09-02 10:42:38,960 [main] INFO WorkRoomWebApplication - ************* Browser Launched and Maximized *****************
2025-09-02 10:42:40,283 [main] INFO WorkRoomWebApplication - ************* Get The Application URL  *****************
2025-09-02 10:42:42,298 [main] INFO WorkRoomWebApplication - *** Enter The Share Point Email Id ***
2025-09-02 10:42:43,398 [main] INFO WorkRoomWebApplication - *** click the next button ***
2025-09-02 10:42:43,781 [main] INFO WorkRoomWebApplication - *** Enter The Password ***
2025-09-02 10:42:45,960 [main] INFO WorkRoomWebApplication - *** clicked on the sign in Button ***
2025-09-02 10:42:47,987 [main] INFO WorkRoomWebApplication - *** clicked on the master side menu ***
2025-09-02 10:42:52,184 [main] INFO WorkRoomWebApplication - *** clicked on the customer sub menu ***
2025-09-02 10:42:54,368 [main] INFO WorkRoomWebApplication - *** Check The View Of The Customer Data ***
2025-09-02 10:50:27,507 [main] INFO WorkRoomWebApplication - ************* Launching CHROME Browser *****************
2025-09-02 10:50:29,344 [main] INFO WorkRoomWebApplication - ************* Browser Launched and Maximized *****************
2025-09-02 10:50:30,694 [main] INFO WorkRoomWebApplication - ************* Get The Application URL  *****************
2025-09-02 10:50:31,783 [main] INFO WorkRoomWebApplication - *** Enter The Share Point Email Id ***
2025-09-02 10:50:32,880 [main] INFO WorkRoomWebApplication - *** click the next button ***
2025-09-02 10:50:33,054 [main] INFO WorkRoomWebApplication - *** Enter The Password ***
2025-09-02 10:50:34,447 [main] INFO WorkRoomWebApplication - *** clicked on the sign in Button ***
2025-09-02 10:50:36,049 [main] INFO WorkRoomWebApplication - *** clicked on the master side menu ***
2025-09-02 10:50:42,585 [main] INFO WorkRoomWebApplication - *** clicked on the customer sub menu ***
2025-09-02 10:50:45,554 [main] INFO WorkRoomWebApplication - *** Check The View Of The Customer Data ***
2025-09-02 11:01:09,024 [main] INFO WorkRoomWebApplication - ************* Launching CHROME Browser *****************
2025-09-02 11:01:10,964 [main] INFO WorkRoomWebApplication - ************* Browser Launched and Maximized *****************
2025-09-02 11:01:12,703 [main] INFO WorkRoomWebApplication - ************* Get The Application URL  *****************
2025-09-02 11:01:13,856 [main] INFO WorkRoomWebApplication - *** Enter The Share Point Email Id ***
2025-09-02 11:01:15,164 [main] INFO WorkRoomWebApplication - *** click the next button ***
2025-09-02 11:01:15,666 [main] INFO WorkRoomWebApplication - *** Enter The Password ***
2025-09-02 11:01:17,383 [main] INFO WorkRoomWebApplication - *** clicked on the sign in Button ***
2025-09-02 11:01:19,235 [main] INFO WorkRoomWebApplication - *** clicked on the master side menu ***
2025-09-02 11:01:24,941 [main] INFO WorkRoomWebApplication - *** clicked on the customer sub menu ***
2025-09-02 11:01:28,784 [main] INFO WorkRoomWebApplication - *** Check The View Of The Customer Data ***
2025-09-02 11:04:10,917 [main] INFO WorkRoomWebApplication - ************* Launching CHROME Browser *****************
2025-09-02 11:04:12,690 [main] INFO WorkRoomWebApplication - ************* Browser Launched and Maximized *****************
2025-09-02 11:04:14,127 [main] INFO WorkRoomWebApplication - ************* Get The Application URL  *****************
2025-09-02 11:04:15,796 [main] INFO WorkRoomWebApplication - *** Enter The Share Point Email Id ***
2025-09-02 11:04:17,435 [main] INFO WorkRoomWebApplication - *** click the next button ***
2025-09-02 11:04:17,655 [main] INFO WorkRoomWebApplication - *** Enter The Password ***
2025-09-02 11:04:19,252 [main] INFO WorkRoomWebApplication - *** clicked on the sign in Button ***
2025-09-02 11:04:21,361 [main] INFO WorkRoomWebApplication - *** clicked on the master side menu ***
2025-09-02 11:04:25,831 [main] INFO WorkRoomWebApplication - *** clicked on the customer sub menu ***
2025-09-02 11:04:28,802 [main] INFO WorkRoomWebApplication - *** Check The View Of The Customer Data ***
2025-09-02 11:28:20,393 [main] INFO WorkRoomWebApplication - ************* Launching CHROME Browser *****************
2025-09-02 11:28:22,194 [main] INFO WorkRoomWebApplication - ************* Browser Launched and Maximized *****************
2025-09-02 11:28:23,546 [main] INFO WorkRoomWebApplication - ************* Get The Application URL  *****************
2025-09-02 11:28:24,822 [main] INFO WorkRoomWebApplication - *** Enter The Share Point Email Id ***
2025-09-02 11:28:26,105 [main] INFO WorkRoomWebApplication - *** click the next button ***
2025-09-02 11:28:26,313 [main] INFO WorkRoomWebApplication - *** Enter The Password ***
2025-09-02 11:28:27,990 [main] INFO WorkRoomWebApplication - *** clicked on the sign in Button ***
2025-09-02 11:28:29,662 [main] INFO WorkRoomWebApplication - *** clicked on the master side menu ***
2025-09-02 11:28:35,221 [main] INFO WorkRoomWebApplication - *** clicked on the customer sub menu ***
2025-09-02 11:28:38,613 [main] INFO WorkRoomWebApplication - *** Check The View Of The Customer Data ***
2025-09-02 11:35:01,770 [main] INFO WorkRoomWebApplication - ************* Launching CHROME Browser *****************
2025-09-02 11:35:03,684 [main] INFO WorkRoomWebApplication - ************* Browser Launched and Maximized *****************
2025-09-02 11:35:05,092 [main] INFO WorkRoomWebApplication - ************* Get The Application URL  *****************
2025-09-02 11:35:06,397 [main] INFO WorkRoomWebApplication - *** Enter The Share Point Email Id ***
2025-09-02 11:35:07,712 [main] INFO WorkRoomWebApplication - *** click the next button ***
2025-09-02 11:35:08,063 [main] INFO WorkRoomWebApplication - *** Enter The Password ***
2025-09-02 11:35:09,669 [main] INFO WorkRoomWebApplication - *** clicked on the sign in Button ***
2025-09-02 11:35:46,569 [main] INFO WorkRoomWebApplication - *** clicked on the master side menu ***
2025-09-02 11:35:59,340 [main] INFO WorkRoomWebApplication - ************* Launching CHROME Browser *****************
2025-09-02 11:36:01,002 [main] INFO WorkRoomWebApplication - ************* Browser Launched and Maximized *****************
2025-09-02 11:36:02,372 [main] INFO WorkRoomWebApplication - ************* Get The Application URL  *****************
2025-09-02 11:36:17,210 [main] INFO WorkRoomWebApplication - *** Enter The Share Point Email Id ***
2025-09-02 11:36:18,124 [main] INFO WorkRoomWebApplication - *** click the next button ***
2025-09-02 11:36:18,414 [main] INFO WorkRoomWebApplication - *** Enter The Password ***
2025-09-02 11:36:19,883 [main] INFO WorkRoomWebApplication - *** clicked on the sign in Button ***
2025-09-02 11:36:22,257 [main] INFO WorkRoomWebApplication - *** clicked on the master side menu ***
2025-09-02 11:36:41,226 [main] INFO WorkRoomWebApplication - *** clicked on the customer sub menu ***
2025-09-02 11:36:43,414 [main] INFO WorkRoomWebApplication - *** Check The View Of The Customer Data ***
2025-09-02 11:48:41,847 [main] INFO WorkRoomWebApplication - ************* Launching CHROME Browser *****************
2025-09-02 11:48:43,759 [main] INFO WorkRoomWebApplication - ************* Browser Launched and Maximized *****************
2025-09-02 11:48:45,157 [main] INFO WorkRoomWebApplication - ************* Get The Application URL  *****************
2025-09-02 11:48:46,430 [main] INFO WorkRoomWebApplication - *** Enter The Share Point Email Id ***
2025-09-02 11:48:47,969 [main] INFO WorkRoomWebApplication - *** click the next button ***
2025-09-02 11:48:48,315 [main] INFO WorkRoomWebApplication - *** Enter The Password ***
2025-09-02 11:48:49,970 [main] INFO WorkRoomWebApplication - *** clicked on the sign in Button ***
2025-09-02 11:48:51,892 [main] INFO WorkRoomWebApplication - *** clicked on the master side menu ***
2025-09-02 11:48:56,220 [main] INFO WorkRoomWebApplication - *** clicked on the customer sub menu ***
2025-09-02 11:48:58,547 [main] INFO WorkRoomWebApplication - *** Check The View Of The Customer Data ***
2025-09-02 11:52:05,087 [main] INFO WorkRoomWebApplication - ************* Launching CHROME Browser *****************
2025-09-02 11:52:06,888 [main] INFO WorkRoomWebApplication - ************* Browser Launched and Maximized *****************
2025-09-02 11:52:08,220 [main] INFO WorkRoomWebApplication - ************* Get The Application URL  *****************
2025-09-02 11:52:09,359 [main] INFO WorkRoomWebApplication - *** Enter The Share Point Email Id ***
2025-09-02 11:52:10,674 [main] INFO WorkRoomWebApplication - *** click the next button ***
2025-09-02 11:52:11,016 [main] INFO WorkRoomWebApplication - *** Enter The Password ***
2025-09-02 11:52:12,706 [main] INFO WorkRoomWebApplication - *** clicked on the sign in Button ***
2025-09-02 11:52:14,824 [main] INFO WorkRoomWebApplication - *** clicked on the master side menu ***
2025-09-02 11:52:18,543 [main] INFO WorkRoomWebApplication - *** clicked on the customer sub menu ***
2025-09-02 11:52:20,911 [main] INFO WorkRoomWebApplication - *** Check The View Of The Customer Data ***
2025-09-02 12:08:04,965 [main] INFO WorkRoomWebApplication - ************* Launching CHROME Browser *****************
2025-09-02 12:08:06,788 [main] INFO WorkRoomWebApplication - ************* Browser Launched and Maximized *****************
2025-09-02 12:08:08,104 [main] INFO WorkRoomWebApplication - ************* Get The Application URL  *****************
2025-09-02 12:08:09,219 [main] INFO WorkRoomWebApplication - *** Enter The Share Point Email Id ***
2025-09-02 12:08:10,708 [main] INFO WorkRoomWebApplication - *** click the next button ***
2025-09-02 12:08:10,939 [main] INFO WorkRoomWebApplication - *** Enter The Password ***
2025-09-02 12:08:12,740 [main] INFO WorkRoomWebApplication - *** clicked on the sign in Button ***
2025-09-02 12:08:14,716 [main] INFO WorkRoomWebApplication - *** clicked on the master side menu ***
2025-09-02 12:08:19,021 [main] INFO WorkRoomWebApplication - *** clicked on the customer sub menu ***
2025-09-02 12:08:20,826 [main] INFO WorkRoomWebApplication - *** Check The View Of The Customer Data ***
2025-09-02 12:13:44,108 [main] INFO WorkRoomWebApplication - ************* Launching CHROME Browser *****************
2025-09-02 12:13:46,002 [main] INFO WorkRoomWebApplication - ************* Browser Launched and Maximized *****************
2025-09-02 12:13:47,749 [main] INFO WorkRoomWebApplication - ************* Get The Application URL  *****************
2025-09-02 12:13:48,737 [main] INFO WorkRoomWebApplication - *** Enter The Share Point Email Id ***
2025-09-02 12:13:49,968 [main] INFO WorkRoomWebApplication - *** click the next button ***
2025-09-02 12:13:50,157 [main] INFO WorkRoomWebApplication - *** Enter The Password ***
2025-09-02 12:13:51,872 [main] INFO WorkRoomWebApplication - *** clicked on the sign in Button ***
2025-09-02 12:13:53,770 [main] INFO WorkRoomWebApplication - *** clicked on the master side menu ***
2025-09-02 12:13:57,990 [main] INFO WorkRoomWebApplication - *** clicked on the customer sub menu ***
2025-09-02 12:14:00,528 [main] INFO WorkRoomWebApplication - *** Check The View Of The Customer Data ***
2025-09-02 12:23:46,348 [main] INFO WorkRoomWebApplication - ************* Launching CHROME Browser *****************
2025-09-02 12:23:48,244 [main] INFO WorkRoomWebApplication - ************* Browser Launched and Maximized *****************
2025-09-02 12:23:49,592 [main] INFO WorkRoomWebApplication - ************* Get The Application URL  *****************
2025-09-02 12:23:59,661 [main] INFO WorkRoomWebApplication - *** Enter The Share Point Email Id ***
2025-09-02 12:24:00,963 [main] INFO WorkRoomWebApplication - *** click the next button ***
2025-09-02 12:24:01,153 [main] INFO WorkRoomWebApplication - *** Enter The Password ***
2025-09-02 12:24:02,786 [main] INFO WorkRoomWebApplication - *** clicked on the sign in Button ***
2025-09-02 12:24:04,795 [main] INFO WorkRoomWebApplication - *** clicked on the master side menu ***
2025-09-02 12:24:14,006 [main] INFO WorkRoomWebApplication - *** clicked on the customer sub menu ***
2025-09-02 12:24:16,250 [main] INFO WorkRoomWebApplication - *** Check The View Of The Customer Data ***
2025-09-02 12:31:12,797 [main] INFO WorkRoomWebApplication - ************* Launching CHROME Browser *****************
2025-09-02 12:31:14,689 [main] INFO WorkRoomWebApplication - ************* Browser Launched and Maximized *****************
2025-09-02 12:31:16,259 [main] INFO WorkRoomWebApplication - ************* Get The Application URL  *****************
2025-09-02 12:31:18,029 [main] INFO WorkRoomWebApplication - *** Enter The Share Point Email Id ***
2025-09-02 12:31:19,264 [main] INFO WorkRoomWebApplication - *** click the next button ***
2025-09-02 12:31:19,626 [main] INFO WorkRoomWebApplication - *** Enter The Password ***
2025-09-02 12:31:21,221 [main] INFO WorkRoomWebApplication - *** clicked on the sign in Button ***
2025-09-02 12:31:23,111 [main] INFO WorkRoomWebApplication - *** clicked on the master side menu ***
2025-09-02 12:31:27,362 [main] INFO WorkRoomWebApplication - *** clicked on the customer sub menu ***
2025-09-02 12:31:29,512 [main] INFO WorkRoomWebApplication - *** Check The View Of The Customer Data ***
2025-09-02 12:36:05,967 [main] INFO WorkRoomWebApplication - ************* Launching CHROME Browser *****************
2025-09-02 12:36:08,918 [main] INFO WorkRoomWebApplication - ************* Browser Launched and Maximized *****************
2025-09-02 12:36:11,146 [main] INFO WorkRoomWebApplication - ************* Get The Application URL  *****************
2025-09-02 12:36:12,526 [main] INFO WorkRoomWebApplication - *** Enter The Share Point Email Id ***
2025-09-02 12:36:14,381 [main] INFO WorkRoomWebApplication - *** click the next button ***
2025-09-02 12:36:14,562 [main] INFO WorkRoomWebApplication - *** Enter The Password ***
2025-09-02 12:36:16,291 [main] INFO WorkRoomWebApplication - *** clicked on the sign in Button ***
2025-09-02 12:36:17,898 [main] INFO WorkRoomWebApplication - *** clicked on the master side menu ***
2025-09-02 12:36:25,568 [main] INFO WorkRoomWebApplication - *** clicked on the customer sub menu ***
2025-09-02 12:36:28,620 [main] INFO WorkRoomWebApplication - *** Check The View Of The Customer Data ***
2025-09-02 12:47:47,007 [main] INFO WorkRoomWebApplication - ************* Launching CHROME Browser *****************
2025-09-02 12:47:48,690 [main] INFO WorkRoomWebApplication - ************* Browser Launched and Maximized *****************
2025-09-02 12:47:50,041 [main] INFO WorkRoomWebApplication - ************* Get The Application URL  *****************
2025-09-02 12:47:51,562 [main] INFO WorkRoomWebApplication - *** Enter The Share Point Email Id ***
2025-09-02 12:47:52,581 [main] INFO WorkRoomWebApplication - *** click the next button ***
2025-09-02 12:47:52,977 [main] INFO WorkRoomWebApplication - *** Enter The Password ***
2025-09-02 12:47:54,605 [main] INFO WorkRoomWebApplication - *** clicked on the sign in Button ***
2025-09-02 12:47:56,718 [main] INFO WorkRoomWebApplication - *** clicked on the master side menu ***
2025-09-02 12:48:00,336 [main] INFO WorkRoomWebApplication - *** clicked on the customer sub menu ***
2025-09-02 12:48:02,921 [main] INFO WorkRoomWebApplication - *** Check The View Of The Customer Data ***
2025-09-02 12:57:37,435 [main] INFO WorkRoomWebApplication - ************* Launching CHROME Browser *****************
2025-09-02 12:57:39,125 [main] INFO WorkRoomWebApplication - ************* Browser Launched and Maximized *****************
2025-09-02 12:57:40,567 [main] INFO WorkRoomWebApplication - ************* Get The Application URL  *****************
2025-09-02 12:57:41,862 [main] INFO WorkRoomWebApplication - *** Enter The Share Point Email Id ***
2025-09-02 12:57:43,472 [main] INFO WorkRoomWebApplication - *** click the next button ***
2025-09-02 12:57:43,916 [main] INFO WorkRoomWebApplication - *** Enter The Password ***
2025-09-02 12:57:45,638 [main] INFO WorkRoomWebApplication - *** clicked on the sign in Button ***
2025-09-02 12:57:47,379 [main] INFO WorkRoomWebApplication - *** clicked on the master side menu ***
2025-09-02 12:57:51,927 [main] INFO WorkRoomWebApplication - *** clicked on the customer sub menu ***
2025-09-02 12:57:53,968 [main] INFO WorkRoomWebApplication - *** Check The View Of The Customer Data ***
2025-09-02 13:02:04,088 [main] INFO WorkRoomWebApplication - ************* Launching CHROME Browser *****************
2025-09-02 13:02:06,045 [main] INFO WorkRoomWebApplication - ************* Browser Launched and Maximized *****************
2025-09-02 13:02:07,615 [main] INFO WorkRoomWebApplication - ************* Get The Application URL  *****************
2025-09-02 13:02:08,723 [main] INFO WorkRoomWebApplication - *** Enter The Share Point Email Id ***
2025-09-02 13:02:10,508 [main] INFO WorkRoomWebApplication - *** click the next button ***
2025-09-02 13:02:10,911 [main] INFO WorkRoomWebApplication - *** Enter The Password ***
2025-09-02 13:02:11,883 [main] INFO WorkRoomWebApplication - *** clicked on the sign in Button ***
2025-09-02 13:02:14,777 [main] INFO WorkRoomWebApplication - *** clicked on the master side menu ***
2025-09-02 13:02:18,831 [main] INFO WorkRoomWebApplication - *** clicked on the customer sub menu ***
2025-09-02 13:02:21,400 [main] INFO WorkRoomWebApplication - *** Check The View Of The Customer Data ***
2025-09-02 13:05:39,326 [main] INFO WorkRoomWebApplication - ************* Launching CHROME Browser *****************
2025-09-02 13:05:41,161 [main] INFO WorkRoomWebApplication - ************* Browser Launched and Maximized *****************
2025-09-02 13:05:42,680 [main] INFO WorkRoomWebApplication - ************* Get The Application URL  *****************
2025-09-02 13:05:44,481 [main] INFO WorkRoomWebApplication - *** Enter The Share Point Email Id ***
2025-09-02 13:05:45,846 [main] INFO WorkRoomWebApplication - *** click the next button ***
2025-09-02 13:05:46,004 [main] INFO WorkRoomWebApplication - *** Enter The Password ***
2025-09-02 13:05:47,477 [main] INFO WorkRoomWebApplication - *** clicked on the sign in Button ***
2025-09-02 13:06:03,767 [main] INFO WorkRoomWebApplication - *** clicked on the master side menu ***
2025-09-02 13:06:04,251 [main] INFO WorkRoomWebApplication - *** clicked on the customer sub menu ***
2025-09-02 13:06:06,406 [main] INFO WorkRoomWebApplication - *** Check The View Of The Customer Data ***
2025-09-02 13:11:12,035 [main] INFO WorkRoomWebApplication - ************* Launching CHROME Browser *****************
2025-09-02 13:11:13,905 [main] INFO WorkRoomWebApplication - ************* Browser Launched and Maximized *****************
2025-09-02 13:11:15,258 [main] INFO WorkRoomWebApplication - ************* Get The Application URL  *****************
2025-09-02 13:11:16,532 [main] INFO WorkRoomWebApplication - *** Enter The Share Point Email Id ***
2025-09-02 13:11:18,101 [main] INFO WorkRoomWebApplication - *** click the next button ***
2025-09-02 13:11:18,467 [main] INFO WorkRoomWebApplication - *** Enter The Password ***
2025-09-02 13:11:19,616 [main] INFO WorkRoomWebApplication - *** clicked on the sign in Button ***
2025-09-02 13:11:21,642 [main] INFO WorkRoomWebApplication - *** clicked on the master side menu ***
2025-09-02 13:11:25,828 [main] INFO WorkRoomWebApplication - *** clicked on the customer sub menu ***
2025-09-02 13:11:27,485 [main] INFO WorkRoomWebApplication - *** Check The View Of The Customer Data ***
2025-09-02 14:32:12,351 [main] INFO WorkRoomWebApplication - ************* Launching CHROME Browser *****************
2025-09-02 14:32:14,062 [main] INFO WorkRoomWebApplication - ************* Browser Launched and Maximized *****************
2025-09-02 14:32:15,472 [main] INFO WorkRoomWebApplication - ************* Get The Application URL  *****************
2025-09-02 14:32:16,735 [main] INFO WorkRoomWebApplication - *** Enter The Share Point Email Id ***
2025-09-02 14:32:17,863 [main] INFO WorkRoomWebApplication - *** click the next button ***
2025-09-02 14:32:18,042 [main] INFO WorkRoomWebApplication - *** Enter The Password ***
2025-09-02 14:32:19,690 [main] INFO WorkRoomWebApplication - *** clicked on the sign in Button ***
2025-09-02 14:32:21,556 [main] INFO WorkRoomWebApplication - *** clicked on the master side menu ***
2025-09-02 14:32:26,542 [main] INFO WorkRoomWebApplication - *** clicked on the customer sub menu ***
2025-09-02 14:32:28,446 [main] INFO WorkRoomWebApplication - *** Check The View Of The Customer Data ***
2025-09-02 14:35:14,389 [main] INFO WorkRoomWebApplication - ************* Launching CHROME Browser *****************
2025-09-02 14:35:16,092 [main] INFO WorkRoomWebApplication - ************* Browser Launched and Maximized *****************
2025-09-02 14:35:17,472 [main] INFO WorkRoomWebApplication - ************* Get The Application URL  *****************
2025-09-02 14:35:18,944 [main] INFO WorkRoomWebApplication - *** Enter The Share Point Email Id ***
2025-09-02 14:35:20,071 [main] INFO WorkRoomWebApplication - *** click the next button ***
2025-09-02 14:35:20,251 [main] INFO WorkRoomWebApplication - *** Enter The Password ***
2025-09-02 14:35:21,821 [main] INFO WorkRoomWebApplication - *** clicked on the sign in Button ***
2025-09-02 14:35:23,512 [main] INFO WorkRoomWebApplication - *** clicked on the master side menu ***
2025-09-02 14:35:29,533 [main] INFO WorkRoomWebApplication - *** clicked on the customer sub menu ***
2025-09-02 14:35:31,945 [main] INFO WorkRoomWebApplication - *** Check The View Of The Customer Data ***
2025-09-02 14:41:12,430 [main] INFO WorkRoomWebApplication - ************* Launching CHROME Browser *****************
2025-09-02 14:41:14,108 [main] INFO WorkRoomWebApplication - ************* Browser Launched and Maximized *****************
2025-09-02 14:41:15,516 [main] INFO WorkRoomWebApplication - ************* Get The Application URL  *****************
2025-09-02 14:41:16,720 [main] INFO WorkRoomWebApplication - *** Enter The Share Point Email Id ***
2025-09-02 14:41:17,916 [main] INFO WorkRoomWebApplication - *** click the next button ***
2025-09-02 14:41:18,198 [main] INFO WorkRoomWebApplication - *** Enter The Password ***
2025-09-02 14:41:19,753 [main] INFO WorkRoomWebApplication - *** clicked on the sign in Button ***
2025-09-02 14:41:21,402 [main] INFO WorkRoomWebApplication - *** clicked on the master side menu ***
2025-09-02 14:41:26,297 [main] INFO WorkRoomWebApplication - *** clicked on the customer sub menu ***
2025-09-02 14:41:28,878 [main] INFO WorkRoomWebApplication - *** Check The View Of The Customer Data ***
2025-09-02 14:43:53,695 [main] INFO WorkRoomWebApplication - ************* Launching CHROME Browser *****************
2025-09-02 14:43:55,575 [main] INFO WorkRoomWebApplication - ************* Browser Launched and Maximized *****************
2025-09-02 14:43:57,860 [main] INFO WorkRoomWebApplication - ************* Get The Application URL  *****************
2025-09-02 14:43:59,198 [main] INFO WorkRoomWebApplication - *** Enter The Share Point Email Id ***
2025-09-02 14:44:00,466 [main] INFO WorkRoomWebApplication - *** click the next button ***
2025-09-02 14:44:00,638 [main] INFO WorkRoomWebApplication - *** Enter The Password ***
2025-09-02 14:44:01,973 [main] INFO WorkRoomWebApplication - *** clicked on the sign in Button ***
2025-09-02 14:44:03,284 [main] INFO WorkRoomWebApplication - *** clicked on the master side menu ***
2025-09-02 14:44:07,204 [main] INFO WorkRoomWebApplication - *** clicked on the customer sub menu ***
2025-09-02 14:44:09,059 [main] INFO WorkRoomWebApplication - *** Check The View Of The Customer Data ***
2025-09-02 14:50:35,698 [main] INFO WorkRoomWebApplication - ************* Launching CHROME Browser *****************
2025-09-02 14:50:37,606 [main] INFO WorkRoomWebApplication - ************* Browser Launched and Maximized *****************
2025-09-02 14:50:39,226 [main] INFO WorkRoomWebApplication - ************* Get The Application URL  *****************
2025-09-02 14:50:40,839 [main] INFO WorkRoomWebApplication - *** Enter The Share Point Email Id ***
2025-09-02 14:50:41,878 [main] INFO WorkRoomWebApplication - *** click the next button ***
2025-09-02 14:50:42,323 [main] INFO WorkRoomWebApplication - *** Enter The Password ***
2025-09-02 14:50:43,981 [main] INFO WorkRoomWebApplication - *** clicked on the sign in Button ***
2025-09-02 14:50:45,744 [main] INFO WorkRoomWebApplication - *** clicked on the master side menu ***
2025-09-02 14:50:50,717 [main] INFO WorkRoomWebApplication - *** clicked on the customer sub menu ***
2025-09-02 14:50:53,833 [main] INFO WorkRoomWebApplication - *** Check The View Of The Customer Data ***
2025-09-02 14:53:54,910 [main] INFO WorkRoomWebApplication - ************* Launching CHROME Browser *****************
2025-09-02 14:53:56,862 [main] INFO WorkRoomWebApplication - ************* Browser Launched and Maximized *****************
2025-09-02 14:53:58,420 [main] INFO WorkRoomWebApplication - ************* Get The Application URL  *****************
2025-09-02 14:53:59,576 [main] INFO WorkRoomWebApplication - *** Enter The Share Point Email Id ***
2025-09-02 14:54:01,020 [main] INFO WorkRoomWebApplication - *** click the next button ***
2025-09-02 14:54:01,495 [main] INFO WorkRoomWebApplication - *** Enter The Password ***
2025-09-02 14:54:03,127 [main] INFO WorkRoomWebApplication - *** clicked on the sign in Button ***
2025-09-02 14:54:05,367 [main] INFO WorkRoomWebApplication - *** clicked on the master side menu ***
2025-09-02 14:54:09,532 [main] INFO WorkRoomWebApplication - *** clicked on the customer sub menu ***
2025-09-02 14:54:12,087 [main] INFO WorkRoomWebApplication - *** Check The View Of The Customer Data ***
2025-09-02 15:55:20,236 [main] INFO WorkRoomWebApplication - ************* Launching CHROME Browser *****************
2025-09-02 15:55:21,117 [main] INFO WorkRoomWebApplication - ************* Browser Launched and Maximized *****************
2025-09-02 15:55:22,121 [main] INFO WorkRoomWebApplication - ************* Get The Application URL  *****************
2025-09-02 15:55:24,275 [main] INFO WorkRoomWebApplication - *** Enter The Share Point Email Id ***
2025-09-02 15:55:25,051 [main] INFO WorkRoomWebApplication - *** click the next button ***
2025-09-02 15:55:25,163 [main] INFO WorkRoomWebApplication - *** Enter The Password ***
2025-09-02 15:55:26,413 [main] INFO WorkRoomWebApplication - *** clicked on the sign in Button ***
2025-09-02 15:55:27,605 [main] INFO WorkRoomWebApplication - *** clicked on the master side menu ***
2025-09-02 15:55:31,868 [main] INFO WorkRoomWebApplication - *** clicked on the customer sub menu ***
2025-09-02 15:55:33,430 [main] INFO WorkRoomWebApplication - *** Check The View Of The Customer Data ***
2025-09-02 15:55:53,629 [main] INFO WorkRoomWebApplication - ************* Launching CHROME Browser *****************
2025-09-02 15:55:54,690 [main] INFO WorkRoomWebApplication - ************* Browser Launched and Maximized *****************
2025-09-02 15:55:55,558 [main] INFO WorkRoomWebApplication - ************* Get The Application URL  *****************
2025-09-02 15:55:56,561 [main] INFO WorkRoomWebApplication - *** Enter The Share Point Email Id ***
2025-09-02 15:55:57,436 [main] INFO WorkRoomWebApplication - *** click the next button ***
2025-09-02 15:55:57,547 [main] INFO WorkRoomWebApplication - *** Enter The Password ***
2025-09-02 15:55:59,056 [main] INFO WorkRoomWebApplication - *** clicked on the sign in Button ***
2025-09-02 15:56:00,673 [main] INFO WorkRoomWebApplication - *** clicked on the master side menu ***
2025-09-02 15:56:10,225 [main] INFO WorkRoomWebApplication - *** clicked on the customer sub menu ***
2025-09-02 15:56:11,913 [main] INFO WorkRoomWebApplication - *** Check The View Of The Customer Data ***
2025-09-02 16:10:28,359 [main] INFO MaterialManagementSharePointApplication - Browser launched in headless mode with enhanced options
2025-09-02 16:10:29,509 [main] INFO MaterialManagementSharePointApplication - ************* Get The Application URL  *****************
2025-09-02 16:10:30,792 [main] INFO MaterialManagementSharePointApplication - *** Enter The Share Point Email Id ***
2025-09-02 16:10:31,951 [main] INFO MaterialManagementSharePointApplication - *** click the next button ***
2025-09-02 16:10:32,317 [main] INFO MaterialManagementSharePointApplication - *** Enter The Password ***
2025-09-02 16:10:33,575 [main] INFO MaterialManagementSharePointApplication - *** clicked on the sign in Button ***
2025-09-02 16:10:35,237 [main] INFO MaterialManagementSharePointApplication - *** clicked on the master side menu ***
2025-09-02 16:10:39,342 [main] INFO MaterialManagementSharePointApplication - *** clicked on the customer sub menu ***
2025-09-02 16:10:40,865 [main] INFO MaterialManagementSharePointApplication - *** Check The View Of The Customer Data ***
2025-09-03 16:28:47,912 [main] INFO WorkRoomWebApplication - ************* Launching CHROME Browser *****************
2025-09-03 16:28:49,872 [main] INFO WorkRoomWebApplication - ************* Browser Launched and Maximized *****************
2025-09-03 16:28:50,102 [main] INFO WorkRoomWebApplication - ************* Get The Application URL  *****************
2025-09-03 16:28:55,341 [main] INFO WorkRoomWebApplication - *** Enter The Share Point Email Id ***
2025-09-03 16:28:56,580 [main] INFO WorkRoomWebApplication - *** click the next button ***
2025-09-03 16:28:56,903 [main] INFO WorkRoomWebApplication - *** Enter The Password ***
2025-09-03 16:28:58,639 [main] INFO WorkRoomWebApplication - *** clicked on the sign in Button ***
2025-09-03 16:36:59,031 [main] INFO WorkRoomWebApplication - ************* Launching CHROME Browser *****************
2025-09-03 16:37:00,900 [main] INFO WorkRoomWebApplication - ************* Browser Launched and Maximized *****************
2025-09-03 16:37:01,156 [main] INFO WorkRoomWebApplication - ************* Get The Application URL  *****************
2025-09-03 16:37:06,311 [main] INFO WorkRoomWebApplication - *** Enter The Share Point Email Id ***
2025-09-03 16:37:07,308 [main] INFO WorkRoomWebApplication - *** click the next button ***
2025-09-03 16:37:07,481 [main] INFO WorkRoomWebApplication - *** Enter The Password ***
2025-09-03 16:37:09,078 [main] INFO WorkRoomWebApplication - *** clicked on the sign in Button ***
2025-09-03 17:55:53,987 [main] INFO WorkRoomWebApplication - ************* Launching CHROME Browser *****************
2025-09-03 17:55:55,198 [main] INFO WorkRoomWebApplication - ************* Browser Launched and Maximized *****************
2025-09-03 17:55:55,434 [main] INFO WorkRoomWebApplication - ************* Get The Application URL  *****************
2025-09-03 17:55:56,578 [main] INFO WorkRoomWebApplication - *** Enter The Share Point Email Id ***
2025-09-03 17:55:57,460 [main] INFO WorkRoomWebApplication - *** click the next button ***
2025-09-03 17:55:57,606 [main] INFO WorkRoomWebApplication - *** Enter The Password ***
2025-09-03 17:55:59,239 [main] INFO WorkRoomWebApplication - *** clicked on the sign in Button ***
2025-09-03 17:56:00,900 [main] INFO WorkRoomWebApplication - ************* Click The Cable Manager Side Menu  *****************
2025-09-03 17:56:05,061 [main] INFO WorkRoomWebApplication - ************* Click The Cable List Sub Menu  *****************
2025-09-03 17:56:06,802 [main] INFO WorkRoomWebApplication - ************* Click The Cable List ADD Button  *****************
2025-09-03 17:56:08,411 [main] INFO WorkRoomWebApplication - ************* Fill All The Required Fields in the Material inward form *****************
2025-09-03 18:05:04,065 [main] INFO WorkRoomWebApplication - ************* Launching CHROME Browser *****************
2025-09-03 18:05:05,168 [main] INFO WorkRoomWebApplication - ************* Browser Launched and Maximized *****************
2025-09-03 18:05:05,315 [main] INFO WorkRoomWebApplication - ************* Get The Application URL  *****************
2025-09-03 18:05:17,103 [main] INFO WorkRoomWebApplication - *** Enter The Share Point Email Id ***
2025-09-03 18:05:17,931 [main] INFO WorkRoomWebApplication - *** click the next button ***
2025-09-03 18:05:18,043 [main] INFO WorkRoomWebApplication - *** Enter The Password ***
2025-09-03 18:05:19,324 [main] INFO WorkRoomWebApplication - *** clicked on the sign in Button ***
2025-09-03 18:05:21,217 [main] INFO WorkRoomWebApplication - ************* Click The Cable Manager Side Menu  *****************
2025-09-03 18:05:24,779 [main] INFO WorkRoomWebApplication - ************* Click The Cable List Sub Menu  *****************
2025-09-03 18:05:26,688 [main] INFO WorkRoomWebApplication - ************* Click The Cable List ADD Button  *****************
2025-09-03 18:05:28,244 [main] INFO WorkRoomWebApplication - ************* Fill All The Required Fields in the Material inward form *****************
2025-09-04 12:54:28,364 [main] INFO WorkRoomWebApplication - ************* Launching CHROME Browser *****************
2025-09-04 12:54:30,865 [main] INFO WorkRoomWebApplication - ************* Browser Launched and Maximized *****************
2025-09-04 12:54:31,194 [main] INFO WorkRoomWebApplication - ************* Get The Application URL  *****************
2025-09-04 12:54:33,104 [main] INFO WorkRoomWebApplication - *** Enter The Share Point Email Id ***
2025-09-04 12:54:34,654 [main] INFO WorkRoomWebApplication - *** click the next button ***
2025-09-04 12:54:34,976 [main] INFO WorkRoomWebApplication - *** Enter The Password ***
2025-09-04 12:54:36,717 [main] INFO WorkRoomWebApplication - *** clicked on the sign in Button ***
2025-09-04 12:54:38,830 [main] INFO WorkRoomWebApplication - ************* Click The Cable Manager Side Menu  *****************
2025-09-04 12:54:42,898 [main] INFO WorkRoomWebApplication - ************* Click The Cable List Sub Menu  *****************
2025-09-04 12:54:45,539 [main] INFO WorkRoomWebApplication - ************* Click The Cable List ADD Button  *****************
2025-09-04 12:54:47,314 [main] INFO WorkRoomWebApplication - ************* Fill All The Required Fields in the Material inward form *****************
2025-09-04 12:54:53,833 [main] INFO WorkRoomWebApplication - ************* Click The Save Button For The Material Inward Form *****************
2025-09-04 13:17:19,534 [main] INFO WorkRoomWebApplication - ************* Launching CHROME Browser *****************
2025-09-04 13:17:21,565 [main] INFO WorkRoomWebApplication - ************* Browser Launched and Maximized *****************
2025-09-04 13:17:21,867 [main] INFO WorkRoomWebApplication - ************* Get The Application URL  *****************
2025-09-04 13:17:23,164 [main] INFO WorkRoomWebApplication - *** Enter The Share Point Email Id ***
2025-09-04 13:17:24,678 [main] INFO WorkRoomWebApplication - *** click the next button ***
2025-09-04 13:17:25,089 [main] INFO WorkRoomWebApplication - *** Enter The Password ***
2025-09-04 13:17:26,832 [main] INFO WorkRoomWebApplication - *** clicked on the sign in Button ***
2025-09-04 13:17:28,711 [main] INFO WorkRoomWebApplication - ************* Click The Cable Manager Side Menu  *****************
2025-09-04 13:17:33,298 [main] INFO WorkRoomWebApplication - ************* Click The Cable List Sub Menu  *****************
2025-09-04 13:17:38,028 [main] INFO WorkRoomWebApplication - ************* Click The Cable List ADD Button  *****************
2025-09-04 13:17:40,257 [main] INFO WorkRoomWebApplication - ************* Fill All The Required Fields in the Material inward form *****************
2025-09-04 13:17:44,123 [main] INFO WorkRoomWebApplication - ************* Click The Save Button For The Material Inward Form *****************
2025-09-04 14:38:16,511 [main] INFO WorkRoomWebApplication - ************* Launching CHROME Browser *****************
2025-09-04 14:38:18,264 [main] INFO WorkRoomWebApplication - ************* Browser Launched and Maximized *****************
2025-09-04 14:38:18,526 [main] INFO WorkRoomWebApplication - ************* Get The Application URL  *****************
2025-09-04 14:38:20,276 [main] INFO WorkRoomWebApplication - *** Enter The Share Point Email Id ***
2025-09-04 14:38:21,424 [main] INFO WorkRoomWebApplication - *** click the next button ***
2025-09-04 14:38:21,601 [main] INFO WorkRoomWebApplication - *** Enter The Password ***
2025-09-04 14:38:23,086 [main] INFO WorkRoomWebApplication - *** clicked on the sign in Button ***
2025-09-04 14:38:24,952 [main] INFO WorkRoomWebApplication - ************* Click The Cable Manager Side Menu  *****************
2025-09-04 14:38:32,544 [main] INFO WorkRoomWebApplication - ************* Click The Cable List Sub Menu  *****************
2025-09-04 14:38:35,081 [main] INFO WorkRoomWebApplication - ************* Click The Cable List ADD Button  *****************
2025-09-04 14:38:38,625 [main] INFO WorkRoomWebApplication - ************* Click The Save Button For The Material Inward Form *****************
2025-09-04 14:38:38,688 [main] INFO WorkRoomWebApplication - ************* Click The Save Button For The Material Inward Form *****************
2025-09-04 14:54:23,198 [main] INFO WorkRoomWebApplication - ************* Launching CHROME Browser *****************
2025-09-04 14:54:24,247 [main] INFO WorkRoomWebApplication - ************* Browser Launched and Maximized *****************
2025-09-04 14:54:24,420 [main] INFO WorkRoomWebApplication - ************* Get The Application URL  *****************
2025-09-04 14:54:30,990 [main] INFO WorkRoomWebApplication - *** Enter The Share Point Email Id ***
2025-09-04 14:54:31,745 [main] INFO WorkRoomWebApplication - *** click the next button ***
2025-09-04 14:54:31,861 [main] INFO WorkRoomWebApplication - *** Enter The Password ***
2025-09-04 14:54:33,186 [main] INFO WorkRoomWebApplication - *** clicked on the sign in Button ***
2025-09-04 14:54:34,335 [main] INFO WorkRoomWebApplication - ************* Click The Cable Manager Side Menu  *****************
2025-09-04 14:54:37,484 [main] INFO WorkRoomWebApplication - ************* Click The Cable List Sub Menu  *****************
2025-09-04 14:54:39,956 [main] INFO WorkRoomWebApplication - *************  Get The List Of Cable inward Data *****************
2025-09-04 15:10:00,110 [main] INFO WorkRoomWebApplication - ************* Launching CHROME Browser *****************
2025-09-04 15:10:01,187 [main] INFO WorkRoomWebApplication - ************* Browser Launched and Maximized *****************
2025-09-04 15:10:01,360 [main] INFO WorkRoomWebApplication - ************* Get The Application URL  *****************
2025-09-04 15:10:02,458 [main] INFO WorkRoomWebApplication - *** Enter The Share Point Email Id ***
2025-09-04 15:10:03,419 [main] INFO WorkRoomWebApplication - *** click the next button ***
2025-09-04 15:10:03,566 [main] INFO WorkRoomWebApplication - *** Enter The Password ***
2025-09-04 15:10:05,199 [main] INFO WorkRoomWebApplication - *** clicked on the sign in Button ***
2025-09-04 15:10:06,799 [main] INFO WorkRoomWebApplication - ************* Click The Cable Manager Side Menu  *****************
2025-09-04 15:10:10,416 [main] INFO WorkRoomWebApplication - ************* Click The Cable List Sub Menu  *****************
2025-09-04 15:10:12,036 [main] INFO WorkRoomWebApplication - *************  Get The List Of Cable inward Data *****************
2025-09-04 15:12:21,096 [main] INFO WorkRoomWebApplication - ************* Launching CHROME Browser *****************
2025-09-04 15:12:22,412 [main] INFO WorkRoomWebApplication - ************* Browser Launched and Maximized *****************
2025-09-04 15:12:22,670 [main] INFO WorkRoomWebApplication - ************* Get The Application URL  *****************
2025-09-04 15:12:23,778 [main] INFO WorkRoomWebApplication - *** Enter The Share Point Email Id ***
2025-09-04 15:12:24,627 [main] INFO WorkRoomWebApplication - *** click the next button ***
2025-09-04 15:12:24,756 [main] INFO WorkRoomWebApplication - *** Enter The Password ***
2025-09-04 15:12:26,149 [main] INFO WorkRoomWebApplication - *** clicked on the sign in Button ***
2025-09-04 15:12:27,693 [main] INFO WorkRoomWebApplication - ************* Click The Cable Manager Side Menu  *****************
2025-09-04 15:12:31,517 [main] INFO WorkRoomWebApplication - ************* Click The Cable List Sub Menu  *****************
2025-09-04 15:12:33,634 [main] INFO WorkRoomWebApplication - *************  Get The List Of Cable inward Data *****************
2025-09-04 15:14:21,586 [main] INFO WorkRoomWebApplication - ************* Launching CHROME Browser *****************
2025-09-04 15:14:22,682 [main] INFO WorkRoomWebApplication - ************* Browser Launched and Maximized *****************
2025-09-04 15:14:22,893 [main] INFO WorkRoomWebApplication - ************* Get The Application URL  *****************
2025-09-04 15:14:24,369 [main] INFO WorkRoomWebApplication - *** Enter The Share Point Email Id ***
2025-09-04 15:14:25,302 [main] INFO WorkRoomWebApplication - *** click the next button ***
2025-09-04 15:14:25,428 [main] INFO WorkRoomWebApplication - *** Enter The Password ***
2025-09-04 15:14:27,028 [main] INFO WorkRoomWebApplication - *** clicked on the sign in Button ***
2025-09-04 15:14:28,431 [main] INFO WorkRoomWebApplication - ************* Click The Cable Manager Side Menu  *****************
2025-09-04 15:14:31,482 [main] INFO WorkRoomWebApplication - ************* Click The Cable List Sub Menu  *****************
2025-09-04 15:14:33,049 [main] INFO WorkRoomWebApplication - *************  Get The List Of Cable inward Data *****************
2025-09-04 15:16:04,105 [main] INFO WorkRoomWebApplication - ************* Launching CHROME Browser *****************
2025-09-04 15:16:05,185 [main] INFO WorkRoomWebApplication - ************* Browser Launched and Maximized *****************
2025-09-04 15:16:05,372 [main] INFO WorkRoomWebApplication - ************* Get The Application URL  *****************
2025-09-04 15:16:06,285 [main] INFO WorkRoomWebApplication - *** Enter The Share Point Email Id ***
2025-09-04 15:16:07,154 [main] INFO WorkRoomWebApplication - *** click the next button ***
2025-09-04 15:16:07,266 [main] INFO WorkRoomWebApplication - *** Enter The Password ***
2025-09-04 15:16:08,549 [main] INFO WorkRoomWebApplication - *** clicked on the sign in Button ***
2025-09-04 15:16:09,611 [main] INFO WorkRoomWebApplication - ************* Click The Cable Manager Side Menu  *****************
2025-09-04 15:16:13,478 [main] INFO WorkRoomWebApplication - ************* Click The Cable List Sub Menu  *****************
2025-09-04 15:16:15,470 [main] INFO WorkRoomWebApplication - ************* Click The Cable List ADD Button  *****************
2025-09-04 15:16:16,804 [main] INFO WorkRoomWebApplication - ************* Fill All The Required Fields in the Material inward form *****************
2025-09-04 15:16:19,365 [main] INFO WorkRoomWebApplication - ************* Click The Save Button For The Material Inward Form *****************
2025-09-04 15:16:19,419 [main] INFO WorkRoomWebApplication - ************* Get The Success message and click on okay Button *****************
2025-09-04 15:16:20,245 [main] INFO WorkRoomWebApplication - ************* Launching CHROME Browser *****************
2025-09-04 15:16:21,531 [main] INFO WorkRoomWebApplication - ************* Browser Launched and Maximized *****************
2025-09-04 15:16:21,796 [main] INFO WorkRoomWebApplication - ************* Get The Application URL  *****************
2025-09-04 15:16:22,947 [main] INFO WorkRoomWebApplication - *** Enter The Share Point Email Id ***
2025-09-04 15:16:23,803 [main] INFO WorkRoomWebApplication - *** click the next button ***
2025-09-04 15:16:23,918 [main] INFO WorkRoomWebApplication - *** Enter The Password ***
2025-09-04 15:16:25,152 [main] INFO WorkRoomWebApplication - *** clicked on the sign in Button ***
2025-09-04 15:16:26,479 [main] INFO WorkRoomWebApplication - ************* Click The Cable Manager Side Menu  *****************
2025-09-04 15:16:30,027 [main] INFO WorkRoomWebApplication - ************* Click The Cable List Sub Menu  *****************
2025-09-04 15:16:31,758 [main] INFO WorkRoomWebApplication - ************* Click The Cable List ADD Button  *****************
2025-09-04 15:16:33,248 [main] INFO WorkRoomWebApplication - ************* Click The Save Button For The Material Inward Form *****************
2025-09-04 15:16:33,307 [main] INFO WorkRoomWebApplication - ************* Click The Save Button For The Material Inward Form *****************
2025-09-04 15:16:33,803 [main] INFO WorkRoomWebApplication - ************* Launching CHROME Browser *****************
2025-09-04 15:16:34,543 [main] INFO WorkRoomWebApplication - ************* Browser Launched and Maximized *****************
2025-09-04 15:16:34,614 [main] INFO WorkRoomWebApplication - ************* Get The Application URL  *****************
2025-09-04 15:16:35,628 [main] INFO WorkRoomWebApplication - *** Enter The Share Point Email Id ***
2025-09-04 15:16:36,707 [main] INFO WorkRoomWebApplication - *** click the next button ***
2025-09-04 15:16:36,806 [main] INFO WorkRoomWebApplication - *** Enter The Password ***
2025-09-04 15:16:38,039 [main] INFO WorkRoomWebApplication - *** clicked on the sign in Button ***
2025-09-04 15:16:39,501 [main] INFO WorkRoomWebApplication - ************* Click The Cable Manager Side Menu  *****************
2025-09-04 15:16:42,783 [main] INFO WorkRoomWebApplication - ************* Click The Cable List Sub Menu  *****************
2025-09-04 15:16:44,553 [main] INFO WorkRoomWebApplication - *************  Get The List Of Cable inward Data *****************
2025-09-04 15:18:15,859 [main] INFO WorkRoomWebApplication - ************* Launching CHROME Browser *****************
2025-09-04 15:18:17,073 [main] INFO WorkRoomWebApplication - ************* Browser Launched and Maximized *****************
2025-09-04 15:18:17,314 [main] INFO WorkRoomWebApplication - ************* Get The Application URL  *****************
2025-09-04 15:18:19,886 [main] INFO WorkRoomWebApplication - *** Enter The Share Point Email Id ***
2025-09-04 15:18:21,297 [main] INFO WorkRoomWebApplication - *** click the next button ***
2025-09-04 15:18:21,418 [main] INFO WorkRoomWebApplication - *** Enter The Password ***
2025-09-04 15:18:22,796 [main] INFO WorkRoomWebApplication - *** clicked on the sign in Button ***
2025-09-04 15:18:24,105 [main] INFO WorkRoomWebApplication - ************* Click The Cable Manager Side Menu  *****************
2025-09-04 15:18:31,801 [main] INFO WorkRoomWebApplication - ************* Click The Cable List Sub Menu  *****************
2025-09-04 15:18:33,754 [main] INFO WorkRoomWebApplication - ************* Click The Cable List ADD Button  *****************
2025-09-04 15:18:35,648 [main] INFO WorkRoomWebApplication - ************* Fill All The Required Fields in the Material inward form *****************
2025-09-04 15:18:38,266 [main] INFO WorkRoomWebApplication - ************* Click The Save Button For The Material Inward Form *****************
2025-09-04 15:18:38,324 [main] INFO WorkRoomWebApplication - ************* Get The Success message and click on okay Button *****************
2025-09-04 15:18:39,074 [main] INFO WorkRoomWebApplication - ************* Launching CHROME Browser *****************
2025-09-04 15:18:39,714 [main] INFO WorkRoomWebApplication - ************* Browser Launched and Maximized *****************
2025-09-04 15:18:39,876 [main] INFO WorkRoomWebApplication - ************* Get The Application URL  *****************
2025-09-04 15:18:41,227 [main] INFO WorkRoomWebApplication - *** Enter The Share Point Email Id ***
2025-09-04 15:18:41,983 [main] INFO WorkRoomWebApplication - *** click the next button ***
2025-09-04 15:18:42,112 [main] INFO WorkRoomWebApplication - *** Enter The Password ***
2025-09-04 15:18:43,395 [main] INFO WorkRoomWebApplication - *** clicked on the sign in Button ***
2025-09-04 15:18:44,781 [main] INFO WorkRoomWebApplication - ************* Click The Cable Manager Side Menu  *****************
2025-09-04 15:18:57,315 [main] INFO WorkRoomWebApplication - ************* Click The Cable List Sub Menu  *****************
2025-09-04 15:18:58,754 [main] INFO WorkRoomWebApplication - ************* Click The Cable List ADD Button  *****************
2025-09-04 15:19:00,391 [main] INFO WorkRoomWebApplication - ************* Click The Save Button For The Material Inward Form *****************
2025-09-04 15:19:00,428 [main] INFO WorkRoomWebApplication - ************* Click The Save Button For The Material Inward Form *****************
2025-09-04 15:19:00,885 [main] INFO WorkRoomWebApplication - ************* Launching CHROME Browser *****************
2025-09-04 15:19:01,503 [main] INFO WorkRoomWebApplication - ************* Browser Launched and Maximized *****************
2025-09-04 15:19:01,685 [main] INFO WorkRoomWebApplication - ************* Get The Application URL  *****************
2025-09-04 15:19:03,047 [main] INFO WorkRoomWebApplication - *** Enter The Share Point Email Id ***
2025-09-04 15:19:03,899 [main] INFO WorkRoomWebApplication - *** click the next button ***
2025-09-04 15:19:04,016 [main] INFO WorkRoomWebApplication - *** Enter The Password ***
2025-09-04 15:19:05,198 [main] INFO WorkRoomWebApplication - *** clicked on the sign in Button ***
2025-09-04 15:19:06,589 [main] INFO WorkRoomWebApplication - ************* Click The Cable Manager Side Menu  *****************
2025-09-04 15:19:09,928 [main] INFO WorkRoomWebApplication - ************* Click The Cable List Sub Menu  *****************
2025-09-04 15:19:11,831 [main] INFO WorkRoomWebApplication - *************  Get The List Of Cable inward Data *****************
2025-09-04 15:22:33,825 [main] INFO WorkRoomWebApplication - ************* Launching CHROME Browser *****************
2025-09-04 15:22:34,916 [main] INFO WorkRoomWebApplication - ************* Browser Launched and Maximized *****************
2025-09-04 15:22:35,114 [main] INFO WorkRoomWebApplication - ************* Get The Application URL  *****************
2025-09-04 15:22:36,686 [main] INFO WorkRoomWebApplication - *** Enter The Share Point Email Id ***
2025-09-04 15:22:37,436 [main] INFO WorkRoomWebApplication - *** click the next button ***
2025-09-04 15:22:37,547 [main] INFO WorkRoomWebApplication - *** Enter The Password ***
2025-09-04 15:22:38,920 [main] INFO WorkRoomWebApplication - *** clicked on the sign in Button ***
2025-09-04 15:22:40,844 [main] INFO WorkRoomWebApplication - ************* Click The Cable Manager Side Menu  *****************
2025-09-04 15:22:44,157 [main] INFO WorkRoomWebApplication - ************* Click The Cable List Sub Menu  *****************
2025-09-04 15:22:46,626 [main] INFO WorkRoomWebApplication - ************* Click The Cable List ADD Button  *****************
2025-09-04 15:22:48,054 [main] INFO WorkRoomWebApplication - ************* Fill All The Required Fields in the Material inward form *****************
2025-09-04 15:22:50,994 [main] INFO WorkRoomWebApplication - ************* Click The Save Button For The Material Inward Form *****************
2025-09-04 15:22:51,095 [main] INFO WorkRoomWebApplication - ************* Get The Success message and click on okay Button *****************
2025-09-04 15:22:51,851 [main] INFO WorkRoomWebApplication - ************* Launching CHROME Browser *****************
2025-09-04 15:22:52,681 [main] INFO WorkRoomWebApplication - ************* Browser Launched and Maximized *****************
2025-09-04 15:22:52,826 [main] INFO WorkRoomWebApplication - ************* Get The Application URL  *****************
2025-09-04 15:22:58,761 [main] INFO WorkRoomWebApplication - *** Enter The Share Point Email Id ***
2025-09-04 15:23:00,030 [main] INFO WorkRoomWebApplication - *** click the next button ***
2025-09-04 15:23:00,135 [main] INFO WorkRoomWebApplication - *** Enter The Password ***
2025-09-04 15:23:01,567 [main] INFO WorkRoomWebApplication - *** clicked on the sign in Button ***
2025-09-04 15:23:02,727 [main] INFO WorkRoomWebApplication - ************* Click The Cable Manager Side Menu  *****************
2025-09-04 15:23:08,100 [main] INFO WorkRoomWebApplication - ************* Click The Cable List Sub Menu  *****************
2025-09-04 15:23:12,253 [main] INFO WorkRoomWebApplication - ************* Click The Cable List ADD Button  *****************
2025-09-04 15:23:13,682 [main] INFO WorkRoomWebApplication - ************* Click The Save Button For The Material Inward Form *****************
2025-09-04 15:23:13,719 [main] INFO WorkRoomWebApplication - ************* Click The Save Button For The Material Inward Form *****************
2025-09-04 15:23:14,116 [main] INFO WorkRoomWebApplication - ************* Launching CHROME Browser *****************
2025-09-04 15:23:14,694 [main] INFO WorkRoomWebApplication - ************* Browser Launched and Maximized *****************
2025-09-04 15:23:14,831 [main] INFO WorkRoomWebApplication - ************* Get The Application URL  *****************
2025-09-04 15:23:16,599 [main] INFO WorkRoomWebApplication - *** Enter The Share Point Email Id ***
2025-09-04 15:23:17,492 [main] INFO WorkRoomWebApplication - *** click the next button ***
2025-09-04 15:23:17,597 [main] INFO WorkRoomWebApplication - *** Enter The Password ***
2025-09-04 15:23:18,889 [main] INFO WorkRoomWebApplication - *** clicked on the sign in Button ***
2025-09-04 15:23:20,034 [main] INFO WorkRoomWebApplication - ************* Click The Cable Manager Side Menu  *****************
2025-09-04 15:23:32,009 [main] INFO WorkRoomWebApplication - ************* Click The Cable List Sub Menu  *****************
2025-09-04 15:23:34,635 [main] INFO WorkRoomWebApplication - *************  Get The List Of Cable inward Data *****************
2025-09-04 15:28:06,403 [main] INFO WorkRoomWebApplication - ************* Launching CHROME Browser *****************
2025-09-04 15:28:07,476 [main] INFO WorkRoomWebApplication - ************* Browser Launched and Maximized *****************
2025-09-04 15:28:07,649 [main] INFO WorkRoomWebApplication - ************* Get The Application URL  *****************
2025-09-04 15:28:09,492 [main] INFO WorkRoomWebApplication - *** Enter The Share Point Email Id ***
2025-09-04 15:28:10,259 [main] INFO WorkRoomWebApplication - *** click the next button ***
2025-09-04 15:28:10,367 [main] INFO WorkRoomWebApplication - *** Enter The Password ***
2025-09-04 15:28:11,649 [main] INFO WorkRoomWebApplication - *** clicked on the sign in Button ***
2025-09-04 15:28:13,130 [main] INFO WorkRoomWebApplication - ************* Click The Cable Manager Side Menu  *****************
2025-09-04 15:28:17,865 [main] INFO WorkRoomWebApplication - ************* Click The Cable List Sub Menu  *****************
2025-09-04 15:28:20,142 [main] INFO WorkRoomWebApplication - ************* Click The Cable List ADD Button  *****************
2025-09-04 15:28:21,644 [main] INFO WorkRoomWebApplication - ************* Fill All The Required Fields in the Material inward form *****************
2025-09-04 15:28:24,941 [main] INFO WorkRoomWebApplication - ************* Click The Save Button For The Material Inward Form *****************
2025-09-04 15:28:24,997 [main] INFO WorkRoomWebApplication - ************* Get The Success message and click on okay Button *****************
2025-09-04 15:28:25,725 [main] INFO WorkRoomWebApplication - ************* Launching CHROME Browser *****************
2025-09-04 15:28:26,328 [main] INFO WorkRoomWebApplication - ************* Browser Launched and Maximized *****************
2025-09-04 15:28:26,479 [main] INFO WorkRoomWebApplication - ************* Get The Application URL  *****************
2025-09-04 15:28:27,452 [main] INFO WorkRoomWebApplication - *** Enter The Share Point Email Id ***
2025-09-04 15:28:28,473 [main] INFO WorkRoomWebApplication - *** click the next button ***
2025-09-04 15:28:28,715 [main] INFO WorkRoomWebApplication - *** Enter The Password ***
2025-09-04 15:28:30,044 [main] INFO WorkRoomWebApplication - *** clicked on the sign in Button ***
2025-09-04 15:28:31,161 [main] INFO WorkRoomWebApplication - ************* Click The Cable Manager Side Menu  *****************
2025-09-04 15:28:34,789 [main] INFO WorkRoomWebApplication - ************* Click The Cable List Sub Menu  *****************
2025-09-04 15:28:36,146 [main] INFO WorkRoomWebApplication - ************* Click The Cable List ADD Button  *****************
2025-09-04 15:28:37,628 [main] INFO WorkRoomWebApplication - ************* Click The Save Button For The Material Inward Form *****************
2025-09-04 15:28:37,681 [main] INFO WorkRoomWebApplication - ************* Click The Save Button For The Material Inward Form *****************
2025-09-04 15:28:38,445 [main] INFO WorkRoomWebApplication - ************* Launching CHROME Browser *****************
2025-09-04 15:28:39,365 [main] INFO WorkRoomWebApplication - ************* Browser Launched and Maximized *****************
2025-09-04 15:28:39,501 [main] INFO WorkRoomWebApplication - ************* Get The Application URL  *****************
2025-09-04 15:28:40,648 [main] INFO WorkRoomWebApplication - *** Enter The Share Point Email Id ***
2025-09-04 15:28:42,254 [main] INFO WorkRoomWebApplication - *** click the next button ***
2025-09-04 15:28:42,606 [main] INFO WorkRoomWebApplication - *** Enter The Password ***
2025-09-04 15:28:44,204 [main] INFO WorkRoomWebApplication - *** clicked on the sign in Button ***
2025-09-04 15:28:46,031 [main] INFO WorkRoomWebApplication - ************* Click The Cable Manager Side Menu  *****************
2025-09-04 15:28:49,954 [main] INFO WorkRoomWebApplication - ************* Click The Cable List Sub Menu  *****************
2025-09-04 15:28:52,502 [main] INFO WorkRoomWebApplication - *************  Get The List Of Cable inward Data *****************
2025-09-04 15:34:19,780 [main] INFO WorkRoomWebApplication - ************* Launching CHROME Browser *****************
2025-09-04 15:34:20,968 [main] INFO WorkRoomWebApplication - ************* Browser Launched and Maximized *****************
2025-09-04 15:34:21,153 [main] INFO WorkRoomWebApplication - ************* Get The Application URL  *****************
2025-09-04 15:34:26,509 [main] INFO WorkRoomWebApplication - *** Enter The Share Point Email Id ***
2025-09-04 15:34:27,381 [main] INFO WorkRoomWebApplication - *** click the next button ***
2025-09-04 15:34:27,491 [main] INFO WorkRoomWebApplication - *** Enter The Password ***
2025-09-04 15:34:28,893 [main] INFO WorkRoomWebApplication - *** clicked on the sign in Button ***
2025-09-04 15:34:30,293 [main] INFO WorkRoomWebApplication - ************* Click The Cable Manager Side Menu  *****************
2025-09-04 15:34:34,833 [main] INFO WorkRoomWebApplication - ************* Click The Cable List Sub Menu  *****************
2025-09-04 15:34:37,891 [main] INFO WorkRoomWebApplication - *************  Get The List Of Cable inward Data *****************
2025-09-04 15:38:24,045 [main] INFO WorkRoomWebApplication - ************* Launching CHROME Browser *****************
2025-09-04 15:38:25,140 [main] INFO WorkRoomWebApplication - ************* Browser Launched and Maximized *****************
2025-09-04 15:38:25,335 [main] INFO WorkRoomWebApplication - ************* Get The Application URL  *****************
2025-09-04 15:38:26,449 [main] INFO WorkRoomWebApplication - *** Enter The Share Point Email Id ***
2025-09-04 15:38:27,281 [main] INFO WorkRoomWebApplication - *** click the next button ***
2025-09-04 15:38:27,385 [main] INFO WorkRoomWebApplication - *** Enter The Password ***
2025-09-04 15:38:28,606 [main] INFO WorkRoomWebApplication - *** clicked on the sign in Button ***
2025-09-04 15:38:29,796 [main] INFO WorkRoomWebApplication - ************* Click The Cable Manager Side Menu  *****************
2025-09-04 15:38:33,525 [main] INFO WorkRoomWebApplication - ************* Click The Cable List Sub Menu  *****************
2025-09-04 15:38:36,092 [main] INFO WorkRoomWebApplication - ************* Click The Cable List ADD Button  *****************
2025-09-04 15:38:37,525 [main] INFO WorkRoomWebApplication - ************* Fill All The Required Fields in the Material inward form *****************
2025-09-04 15:38:40,057 [main] INFO WorkRoomWebApplication - ************* Click The Save Button For The Material Inward Form *****************
2025-09-04 15:38:40,210 [main] INFO WorkRoomWebApplication - ************* Get The Success message and click on okay Button *****************
2025-09-04 15:38:41,019 [main] INFO WorkRoomWebApplication - ************* Launching CHROME Browser *****************
2025-09-04 15:38:41,881 [main] INFO WorkRoomWebApplication - ************* Browser Launched and Maximized *****************
2025-09-04 15:38:42,102 [main] INFO WorkRoomWebApplication - ************* Get The Application URL  *****************
2025-09-04 15:38:43,016 [main] INFO WorkRoomWebApplication - *** Enter The Share Point Email Id ***
2025-09-04 15:38:43,850 [main] INFO WorkRoomWebApplication - *** click the next button ***
2025-09-04 15:38:43,962 [main] INFO WorkRoomWebApplication - *** Enter The Password ***
2025-09-04 15:38:45,159 [main] INFO WorkRoomWebApplication - *** clicked on the sign in Button ***
2025-09-04 15:38:46,524 [main] INFO WorkRoomWebApplication - ************* Click The Cable Manager Side Menu  *****************
2025-09-04 15:38:49,468 [main] INFO WorkRoomWebApplication - ************* Click The Cable List Sub Menu  *****************
2025-09-04 15:38:51,060 [main] INFO WorkRoomWebApplication - ************* Click The Cable List ADD Button  *****************
2025-09-04 15:38:52,404 [main] INFO WorkRoomWebApplication - ************* Click The Save Button For The Material Inward Form *****************
2025-09-04 15:38:52,444 [main] INFO WorkRoomWebApplication - ************* Click The Save Button For The Material Inward Form *****************
2025-09-04 15:38:52,914 [main] INFO WorkRoomWebApplication - ************* Launching CHROME Browser *****************
2025-09-04 15:38:53,613 [main] INFO WorkRoomWebApplication - ************* Browser Launched and Maximized *****************
2025-09-04 15:38:53,681 [main] INFO WorkRoomWebApplication - ************* Get The Application URL  *****************
2025-09-04 15:38:55,851 [main] INFO WorkRoomWebApplication - *** Enter The Share Point Email Id ***
2025-09-04 15:38:57,319 [main] INFO WorkRoomWebApplication - *** click the next button ***
2025-09-04 15:38:57,448 [main] INFO WorkRoomWebApplication - *** Enter The Password ***
2025-09-04 15:38:58,902 [main] INFO WorkRoomWebApplication - *** clicked on the sign in Button ***
2025-09-04 15:39:00,622 [main] INFO WorkRoomWebApplication - ************* Click The Cable Manager Side Menu  *****************
2025-09-04 15:39:05,088 [main] INFO WorkRoomWebApplication - ************* Click The Cable List Sub Menu  *****************
2025-09-04 15:39:07,455 [main] INFO WorkRoomWebApplication - *************  Get The List Of Cable inward Data *****************
2025-09-04 15:41:09,618 [main] INFO WorkRoomWebApplication - ************* Launching CHROME Browser *****************
2025-09-04 15:41:10,790 [main] INFO WorkRoomWebApplication - ************* Browser Launched and Maximized *****************
2025-09-04 15:41:10,957 [main] INFO WorkRoomWebApplication - ************* Get The Application URL  *****************
2025-09-04 15:41:12,161 [main] INFO WorkRoomWebApplication - *** Enter The Share Point Email Id ***
2025-09-04 15:41:12,924 [main] INFO WorkRoomWebApplication - *** click the next button ***
2025-09-04 15:41:13,030 [main] INFO WorkRoomWebApplication - *** Enter The Password ***
2025-09-04 15:41:14,396 [main] INFO WorkRoomWebApplication - *** clicked on the sign in Button ***
2025-09-04 15:41:15,925 [main] INFO WorkRoomWebApplication - ************* Click The Cable Manager Side Menu  *****************
2025-09-04 15:41:18,545 [main] INFO WorkRoomWebApplication - ************* Click The Cable List Sub Menu  *****************
2025-09-04 15:41:20,541 [main] INFO WorkRoomWebApplication - *************  Get The List Of Cable inward Data *****************
2025-09-04 15:46:09,471 [main] INFO WorkRoomWebApplication - ************* Launching CHROME Browser *****************
2025-09-04 15:46:10,537 [main] INFO WorkRoomWebApplication - ************* Browser Launched and Maximized *****************
2025-09-04 15:46:10,698 [main] INFO WorkRoomWebApplication - ************* Get The Application URL  *****************
2025-09-04 15:46:12,982 [main] INFO WorkRoomWebApplication - *** Enter The Share Point Email Id ***
2025-09-04 15:46:13,744 [main] INFO WorkRoomWebApplication - *** click the next button ***
2025-09-04 15:46:13,860 [main] INFO WorkRoomWebApplication - *** Enter The Password ***
2025-09-04 15:46:15,153 [main] INFO WorkRoomWebApplication - *** clicked on the sign in Button ***
2025-09-04 15:46:16,889 [main] INFO WorkRoomWebApplication - ************* Click The Cable Manager Side Menu  *****************
2025-09-04 15:46:20,129 [main] INFO WorkRoomWebApplication - ************* Click The Cable List Sub Menu  *****************
2025-09-04 15:46:22,419 [main] INFO WorkRoomWebApplication - *************  Get The List Of Cable inward Data *****************
2025-09-04 15:48:03,113 [main] INFO WorkRoomWebApplication - ************* Launching CHROME Browser *****************
2025-09-04 15:48:04,273 [main] INFO WorkRoomWebApplication - ************* Browser Launched and Maximized *****************
2025-09-04 15:48:04,448 [main] INFO WorkRoomWebApplication - ************* Get The Application URL  *****************
2025-09-04 15:48:05,525 [main] INFO WorkRoomWebApplication - *** Enter The Share Point Email Id ***
2025-09-04 15:48:06,283 [main] INFO WorkRoomWebApplication - *** click the next button ***
2025-09-04 15:48:06,392 [main] INFO WorkRoomWebApplication - *** Enter The Password ***
2025-09-04 15:48:07,664 [main] INFO WorkRoomWebApplication - *** clicked on the sign in Button ***
2025-09-04 15:48:08,838 [main] INFO WorkRoomWebApplication - *** clicked on the master side menu ***
2025-09-04 15:48:17,302 [main] INFO WorkRoomWebApplication - *** clicked on the customer sub menu ***
2025-09-04 15:48:19,164 [main] INFO WorkRoomWebApplication - *** Get The List of Data of Customers  ***
2025-09-04 15:54:16,788 [main] INFO WorkRoomWebApplication - ************* Launching CHROME Browser *****************
2025-09-04 15:54:17,938 [main] INFO WorkRoomWebApplication - ************* Browser Launched and Maximized *****************
2025-09-04 15:54:18,087 [main] INFO WorkRoomWebApplication - ************* Get The Application URL  *****************
2025-09-04 15:54:19,429 [main] INFO WorkRoomWebApplication - *** Enter The Share Point Email Id ***
2025-09-04 15:54:20,803 [main] INFO WorkRoomWebApplication - *** click the next button ***
2025-09-04 15:54:20,914 [main] INFO WorkRoomWebApplication - *** Enter The Password ***
2025-09-04 15:54:22,229 [main] INFO WorkRoomWebApplication - *** clicked on the sign in Button ***
2025-09-04 15:54:23,790 [main] INFO WorkRoomWebApplication - ************* Click The Cable Manager Side Menu  *****************
2025-09-04 15:54:30,969 [main] INFO WorkRoomWebApplication - ************* Click The Cable List Sub Menu  *****************
2025-09-04 15:54:33,389 [main] INFO WorkRoomWebApplication - *************  Get The List Of Cable inward Data *****************
2025-09-04 15:59:16,375 [main] INFO WorkRoomWebApplication - ************* Launching CHROME Browser *****************
2025-09-04 15:59:17,437 [main] INFO WorkRoomWebApplication - ************* Browser Launched and Maximized *****************
2025-09-04 15:59:17,603 [main] INFO WorkRoomWebApplication - ************* Get The Application URL  *****************
2025-09-04 15:59:22,752 [main] INFO WorkRoomWebApplication - *** Enter The Share Point Email Id ***
2025-09-04 15:59:23,502 [main] INFO WorkRoomWebApplication - *** click the next button ***
2025-09-04 15:59:23,609 [main] INFO WorkRoomWebApplication - *** Enter The Password ***
2025-09-04 15:59:24,878 [main] INFO WorkRoomWebApplication - *** clicked on the sign in Button ***
2025-09-04 15:59:26,044 [main] INFO WorkRoomWebApplication - ************* Click The Cable Manager Side Menu  *****************
2025-09-04 15:59:28,454 [main] INFO WorkRoomWebApplication - ************* Click The Cable List Sub Menu  *****************
2025-09-04 15:59:30,597 [main] INFO WorkRoomWebApplication - *************  Get The List Of Cable inward Data *****************
2025-09-04 16:01:24,313 [main] INFO WorkRoomWebApplication - ************* Launching CHROME Browser *****************
2025-09-04 16:01:25,332 [main] INFO WorkRoomWebApplication - ************* Browser Launched and Maximized *****************
2025-09-04 16:01:25,521 [main] INFO WorkRoomWebApplication - ************* Get The Application URL  *****************
2025-09-04 16:01:26,711 [main] INFO WorkRoomWebApplication - *** Enter The Share Point Email Id ***
2025-09-04 16:01:27,460 [main] INFO WorkRoomWebApplication - *** click the next button ***
2025-09-04 16:01:27,566 [main] INFO WorkRoomWebApplication - *** Enter The Password ***
2025-09-04 16:01:28,834 [main] INFO WorkRoomWebApplication - *** clicked on the sign in Button ***
2025-09-04 16:01:30,276 [main] INFO WorkRoomWebApplication - ************* Click The Cable Manager Side Menu  *****************
2025-09-04 16:01:32,847 [main] INFO WorkRoomWebApplication - ************* Click The Cable List Sub Menu  *****************
2025-09-04 16:01:34,124 [main] INFO WorkRoomWebApplication - ************* Click The Cable List ADD Button  *****************
2025-09-04 16:01:35,394 [main] INFO WorkRoomWebApplication - ************* Fill All The Required Fields in the Material inward form *****************
2025-09-04 16:01:37,883 [main] INFO WorkRoomWebApplication - ************* Click The Save Button For The Material Inward Form *****************
2025-09-04 16:01:37,932 [main] INFO WorkRoomWebApplication - ************* Get The Success message and click on okay Button *****************
2025-09-04 16:01:38,642 [main] INFO WorkRoomWebApplication - ************* Launching CHROME Browser *****************
2025-09-04 16:01:39,245 [main] INFO WorkRoomWebApplication - ************* Browser Launched and Maximized *****************
2025-09-04 16:01:39,367 [main] INFO WorkRoomWebApplication - ************* Get The Application URL  *****************
2025-09-04 16:01:40,558 [main] INFO WorkRoomWebApplication - *** Enter The Share Point Email Id ***
2025-09-04 16:01:41,820 [main] INFO WorkRoomWebApplication - *** click the next button ***
2025-09-04 16:01:42,007 [main] INFO WorkRoomWebApplication - *** Enter The Password ***
2025-09-04 16:01:43,210 [main] INFO WorkRoomWebApplication - *** clicked on the sign in Button ***
2025-09-04 16:01:44,523 [main] INFO WorkRoomWebApplication - ************* Click The Cable Manager Side Menu  *****************
2025-09-04 16:01:47,134 [main] INFO WorkRoomWebApplication - ************* Click The Cable List Sub Menu  *****************
2025-09-04 16:01:48,662 [main] INFO WorkRoomWebApplication - *************  Get The List Of Cable inward Data *****************
2025-09-05 10:33:22,657 [main] INFO WorkRoomWebApplication - ************* Launching CHROME Browser *****************
2025-09-05 10:33:24,078 [main] INFO WorkRoomWebApplication - ************* Browser Launched and Maximized *****************
2025-09-05 10:33:24,344 [main] INFO WorkRoomWebApplication - ************* Get The Application URL  *****************
2025-09-05 10:33:25,351 [main] INFO WorkRoomWebApplication - *** Enter The Share Point Email Id ***
2025-09-05 10:33:26,148 [main] INFO WorkRoomWebApplication - *** click the next button ***
2025-09-05 10:33:26,288 [main] INFO WorkRoomWebApplication - *** Enter The Password ***
2025-09-05 10:33:27,993 [main] INFO WorkRoomWebApplication - *** clicked on the sign in Button ***
2025-09-05 10:33:29,864 [main] INFO WorkRoomWebApplication - ************* Click The Cable Manager Side Menu  *****************
2025-09-05 10:33:33,005 [main] INFO WorkRoomWebApplication - ************* Click The Cable List Sub Menu  *****************
2025-09-05 10:33:34,573 [main] INFO WorkRoomWebApplication - *************  Perform The Bulk Import Operations *****************
2025-09-08 17:39:58,038 [main] INFO MaterialManagementSharePointApplication - Browser launched in headless mode with enhanced options
2025-09-08 17:39:58,080 [main] INFO MaterialManagementSharePointApplication - ************* Get The Application URL  *****************
2025-09-08 17:40:02,222 [main] INFO MaterialManagementSharePointApplication - *** Enter The Share Point Email Id ***
2025-09-08 17:40:03,539 [main] INFO MaterialManagementSharePointApplication - *** click the next button ***
2025-09-08 17:40:03,700 [main] INFO MaterialManagementSharePointApplication - *** Enter The Password ***
2025-09-08 17:40:05,154 [main] INFO MaterialManagementSharePointApplication - *** clicked on the sign in Button ***
2025-09-08 17:40:07,363 [main] INFO MaterialManagementSharePointApplication - ************* Click The Cable Manager Side Menu  *****************
2025-09-08 17:40:18,258 [main] INFO MaterialManagementSharePointApplication - ************* Click The Cable List Sub Menu  *****************
2025-09-08 17:40:19,518 [main] INFO MaterialManagementSharePointApplication - *************  Click on The Select Columns Button *****************
2025-09-08 17:40:20,023 [main] INFO MaterialManagementSharePointApplication - *************  Selecting The Columns is Not Selected *****************
2025-09-08 17:42:16,801 [main] INFO WorkRoomWebApplication - ************* Remote WebDriver Launched *****************
2025-09-08 17:42:17,022 [main] INFO WorkRoomWebApplication - ************* Get The Application URL  *****************
2025-09-08 17:42:19,062 [main] INFO WorkRoomWebApplication - *** Enter The Share Point Email Id ***
2025-09-08 17:42:20,889 [main] INFO WorkRoomWebApplication - *** click the next button ***
2025-09-08 17:42:21,059 [main] INFO WorkRoomWebApplication - *** Enter The Password ***
2025-09-08 17:42:22,424 [main] INFO WorkRoomWebApplication - *** clicked on the sign in Button ***
2025-09-08 17:42:39,978 [main] INFO WorkRoomWebApplication - ************* Click The Cable Manager Side Menu  *****************
2025-09-08 17:42:40,548 [main] INFO WorkRoomWebApplication - ************* Click The Cable List Sub Menu  *****************
2025-09-08 17:42:42,763 [main] INFO WorkRoomWebApplication - *************  Click on The Select Columns Button *****************
2025-09-08 17:42:43,403 [main] INFO WorkRoomWebApplication - *************  Selecting The Columns is Not Selected *****************
2025-09-08 17:42:45,369 [main] INFO WorkRoomWebApplication - ************* Quitting Browser *****************
2025-09-08 17:42:45,496 [main] INFO WorkRoomWebApplication - ************* Browser Closed Successfully *****************
2025-09-08 17:53:19,073 [main] INFO WorkRoomWebApplication - ************* Remote WebDriver Launched *****************
2025-09-08 17:53:19,216 [main] INFO WorkRoomWebApplication - ************* Get The Application URL  *****************
2025-09-08 17:53:26,934 [main] INFO WorkRoomWebApplication - *** Enter The Share Point Email Id ***
2025-09-08 17:53:28,606 [main] INFO WorkRoomWebApplication - *** click the next button ***
2025-09-08 17:53:28,747 [main] INFO WorkRoomWebApplication - *** Enter The Password ***
2025-09-08 17:53:30,166 [main] INFO WorkRoomWebApplication - *** clicked on the sign in Button ***
2025-09-08 17:53:32,085 [main] INFO WorkRoomWebApplication - ************* Click The Cable Manager Side Menu  *****************
2025-09-08 17:53:44,921 [main] INFO WorkRoomWebApplication - ************* Click The Cable List Sub Menu  *****************
2025-09-08 17:53:47,563 [main] INFO WorkRoomWebApplication - *************  Click on The Select Columns Button *****************
2025-09-08 17:53:48,174 [main] INFO WorkRoomWebApplication - *************  Selecting The Columns is Not Selected *****************
2025-09-08 17:53:50,158 [main] INFO WorkRoomWebApplication - ************* Quitting Browser *****************
2025-09-08 17:53:50,283 [main] INFO WorkRoomWebApplication - ************* Browser Closed Successfully *****************
2025-09-08 18:23:59,390 [main] INFO WorkRoomWebApplication - ************* Remote WebDriver Launched *****************
2025-09-08 18:23:59,550 [main] INFO WorkRoomWebApplication - ************* Get The Application URL  *****************
2025-09-08 18:24:01,083 [main] INFO WorkRoomWebApplication - *** Enter The Share Point Email Id ***
2025-09-08 18:24:03,084 [main] INFO WorkRoomWebApplication - *** click the next button ***
2025-09-08 18:24:03,284 [main] INFO WorkRoomWebApplication - *** Enter The Password ***
2025-09-08 18:24:04,694 [main] INFO WorkRoomWebApplication - *** clicked on the sign in Button ***
2025-09-08 18:24:06,441 [main] INFO WorkRoomWebApplication - ************* Click The Cable Manager Side Menu  *****************
2025-09-08 18:24:11,131 [main] INFO WorkRoomWebApplication - ************* Click The Cable List Sub Menu  *****************
2025-09-08 18:24:13,915 [main] INFO WorkRoomWebApplication - *************  Click on The Select Columns Button *****************
2025-09-08 18:24:14,565 [main] INFO WorkRoomWebApplication - *************  Selecting The Columns is Not Selected *****************
2025-09-08 18:24:17,008 [main] INFO WorkRoomWebApplication - ************* Quitting Browser *****************
2025-09-08 18:24:17,146 [main] INFO WorkRoomWebApplication - ************* Browser Closed Successfully *****************
2025-09-08 18:24:40,780 [main] INFO WorkRoomWebApplication - ************* Remote WebDriver Launched *****************
2025-09-08 18:24:40,966 [main] INFO WorkRoomWebApplication - ************* Get The Application URL  *****************
2025-09-08 18:24:42,065 [main] INFO WorkRoomWebApplication - *** Enter The Share Point Email Id ***
2025-09-08 18:24:43,193 [main] INFO WorkRoomWebApplication - *** click the next button ***
2025-09-08 18:24:43,416 [main] INFO WorkRoomWebApplication - *** Enter The Password ***
2025-09-08 18:24:44,879 [main] INFO WorkRoomWebApplication - *** clicked on the sign in Button ***
2025-09-08 18:24:46,588 [main] INFO WorkRoomWebApplication - ************* Click The Cable Manager Side Menu  *****************
2025-09-08 18:24:54,948 [main] INFO WorkRoomWebApplication - ************* Click The Cable List Sub Menu  *****************
2025-09-08 18:24:57,099 [main] INFO WorkRoomWebApplication - *************  Click on The Select Columns Button *****************
2025-09-08 18:24:57,704 [main] INFO WorkRoomWebApplication - *************  Selecting The Columns is Not Selected *****************
2025-09-08 18:25:00,189 [main] INFO WorkRoomWebApplication - ************* Quitting Browser *****************
2025-09-08 18:25:00,306 [main] INFO WorkRoomWebApplication - ************* Browser Closed Successfully *****************
2025-09-08 18:30:36,662 [main] INFO MaterialManagementSharePointApplication - Browser launched in headless mode with enhanced options
2025-09-08 18:30:36,687 [main] INFO MaterialManagementSharePointApplication - ************* Get The Application URL  *****************
2025-09-08 18:30:38,185 [main] INFO MaterialManagementSharePointApplication - *** Enter The Share Point Email Id ***
2025-09-08 18:30:39,097 [main] INFO MaterialManagementSharePointApplication - *** click the next button ***
2025-09-08 18:30:39,200 [main] INFO MaterialManagementSharePointApplication - *** Enter The Password ***
2025-09-08 18:30:40,496 [main] INFO MaterialManagementSharePointApplication - *** clicked on the sign in Button ***
2025-09-08 18:30:41,666 [main] INFO MaterialManagementSharePointApplication - ************* Click The Cable Manager Side Menu  *****************
2025-09-08 18:30:54,066 [main] INFO MaterialManagementSharePointApplication - ************* Click The Cable List Sub Menu  *****************
2025-09-08 18:30:57,198 [main] INFO MaterialManagementSharePointApplication - *************  Click on The Select Columns Button *****************
2025-09-08 18:30:57,681 [main] INFO MaterialManagementSharePointApplication - *************  Selecting The Columns is Not Selected *****************
2025-09-17 10:28:45,643 [main] INFO WorkRoomWebApplication - ************* Launching CHROME Browser *****************
2025-09-17 10:28:48,396 [main] INFO WorkRoomWebApplication - ************* Browser Launched and Maximized *****************
2025-09-17 10:28:48,734 [main] INFO WorkRoomWebApplication - ************* Get The Application URL  *****************
2025-09-17 10:28:51,330 [main] INFO WorkRoomWebApplication - *** Enter The Share Point Email Id ***
2025-09-17 10:28:53,530 [main] INFO WorkRoomWebApplication - *** click the next button ***
2025-09-17 10:28:53,858 [main] INFO WorkRoomWebApplication - *** Enter The Password ***
2025-09-17 10:28:55,421 [main] INFO WorkRoomWebApplication - *** clicked on the sign in Button ***
2025-09-17 10:28:57,289 [main] INFO WorkRoomWebApplication - ************* Click The Cable Manager Side Menu  *****************
2025-09-17 10:29:10,077 [main] INFO WorkRoomWebApplication - ************* Click The Cable List Sub Menu  *****************
2025-09-17 10:29:20,291 [main] INFO WorkRoomWebApplication - *************  Click on The Select Columns Button *****************
2025-09-17 10:29:20,463 [main] INFO WorkRoomWebApplication - *************  Selecting The Columns is Not Selected *****************
2025-09-17 10:46:53,489 [main] INFO WorkRoomWebApplication - ************* Launching CHROME Browser *****************
2025-09-17 10:46:55,744 [main] INFO WorkRoomWebApplication - ************* Browser Launched and Maximized *****************
2025-09-17 10:46:56,076 [main] INFO WorkRoomWebApplication - ************* Get The Application URL  *****************
2025-09-17 10:47:01,712 [main] INFO WorkRoomWebApplication - *** Enter The Share Point Email Id ***
2025-09-17 10:47:03,014 [main] INFO WorkRoomWebApplication - *** click the next button ***
2025-09-17 10:47:03,380 [main] INFO WorkRoomWebApplication - *** Enter The Password ***
2025-09-17 10:47:07,572 [main] INFO WorkRoomWebApplication - *** clicked on the sign in Button ***
2025-09-17 10:47:42,668 [main] INFO WorkRoomWebApplication - *** clicked on the master side menu ***
2025-09-17 10:50:13,345 [main] INFO WorkRoomWebApplication - ************* Launching CHROME Browser *****************
2025-09-17 10:50:15,417 [main] INFO WorkRoomWebApplication - ************* Browser Launched and Maximized *****************
2025-09-17 10:50:15,684 [main] INFO WorkRoomWebApplication - ************* Get The Application URL  *****************
2025-09-17 10:50:18,136 [main] INFO WorkRoomWebApplication - *** Enter The Share Point Email Id ***
2025-09-17 10:50:19,165 [main] INFO WorkRoomWebApplication - *** click the next button ***
2025-09-17 10:50:19,394 [main] INFO WorkRoomWebApplication - *** Enter The Password ***
2025-09-17 10:50:21,167 [main] INFO WorkRoomWebApplication - *** clicked on the sign in Button ***
2025-09-17 10:50:52,247 [main] INFO WorkRoomWebApplication - *** clicked on the master side menu ***
2025-09-17 10:50:52,558 [main] INFO WorkRoomWebApplication - *** clicked on the customer sub menu ***
2025-09-17 10:51:02,586 [main] INFO WorkRoomWebApplication - *** clicked on the '+' icon ***
2025-09-17 10:51:23,156 [main] INFO WorkRoomWebApplication - *** Selected the Customer ***
2025-09-17 10:51:33,409 [main] INFO WorkRoomWebApplication - *** Filing up the Customer All the Required field ***
2025-09-17 10:51:43,850 [main] INFO WorkRoomWebApplication - *** clicked the submit button ***
2025-09-17 10:51:54,308 [main] INFO WorkRoomWebApplication - *** clicked the Success ok Button ***
2025-09-17 10:53:27,093 [main] INFO WorkRoomWebApplication - ************* Launching CHROME Browser *****************
2025-09-17 10:53:30,073 [main] INFO WorkRoomWebApplication - ************* Browser Launched and Maximized *****************
2025-09-17 10:53:30,662 [main] INFO WorkRoomWebApplication - ************* Get The Application URL  *****************
2025-09-17 10:53:32,452 [main] INFO WorkRoomWebApplication - *** Enter The Share Point Email Id ***
2025-09-17 10:53:34,376 [main] INFO WorkRoomWebApplication - *** click the next button ***
2025-09-17 10:53:35,035 [main] INFO WorkRoomWebApplication - *** Enter The Password ***
2025-09-17 10:53:37,017 [main] INFO WorkRoomWebApplication - *** clicked on the sign in Button ***
2025-09-17 10:54:11,466 [main] INFO WorkRoomWebApplication - *** clicked on the master side menu ***
2025-09-17 10:54:11,630 [main] INFO WorkRoomWebApplication - *** clicked on the customer sub menu ***
2025-09-17 10:54:56,034 [main] INFO WorkRoomWebApplication - ************* Launching CHROME Browser *****************
2025-09-17 10:54:57,885 [main] INFO WorkRoomWebApplication - ************* Browser Launched and Maximized *****************
2025-09-17 10:54:58,162 [main] INFO WorkRoomWebApplication - ************* Get The Application URL  *****************
2025-09-17 10:55:00,279 [main] INFO WorkRoomWebApplication - *** Enter The Share Point Email Id ***
2025-09-17 10:55:01,919 [main] INFO WorkRoomWebApplication - *** click the next button ***
2025-09-17 10:55:02,134 [main] INFO WorkRoomWebApplication - *** Enter The Password ***
2025-09-17 10:55:04,113 [main] INFO WorkRoomWebApplication - *** clicked on the sign in Button ***
2025-09-17 10:55:35,080 [main] INFO WorkRoomWebApplication - *** clicked on the master side menu ***
2025-09-17 10:55:35,439 [main] INFO WorkRoomWebApplication - *** clicked on the customer sub menu ***
2025-09-17 10:55:45,516 [main] INFO WorkRoomWebApplication - *** clicked on the '+' icon ***
2025-09-17 10:56:05,526 [main] INFO WorkRoomWebApplication - *** Selected the Customer ***
2025-09-17 10:56:15,966 [main] INFO WorkRoomWebApplication - *** Filing up the Customer All the Required field ***
2025-09-17 10:56:26,255 [main] INFO WorkRoomWebApplication - *** clicked the submit button ***
2025-09-17 10:56:36,282 [main] INFO WorkRoomWebApplication - *** clicked the Success ok Button ***
2025-09-17 11:00:27,707 [main] INFO WorkRoomWebApplication - ************* Launching CHROME Browser *****************
2025-09-17 11:00:30,008 [main] INFO WorkRoomWebApplication - ************* Browser Launched and Maximized *****************
2025-09-17 11:00:30,420 [main] INFO WorkRoomWebApplication - ************* Get The Application URL  *****************
2025-09-17 11:00:32,988 [main] INFO WorkRoomWebApplication - *** Enter The Share Point Email Id ***
2025-09-17 11:00:34,664 [main] INFO WorkRoomWebApplication - *** click the next button ***
2025-09-17 11:00:34,961 [main] INFO WorkRoomWebApplication - *** Enter The Password ***
2025-09-17 11:00:36,700 [main] INFO WorkRoomWebApplication - *** clicked on the sign in Button ***
2025-09-17 11:00:38,525 [main] INFO WorkRoomWebApplication - *** clicked on the master side menu ***
2025-09-17 11:00:48,641 [main] INFO WorkRoomWebApplication - *** clicked on the customer sub menu ***
2025-09-17 11:00:59,000 [main] INFO WorkRoomWebApplication - *** clicked on the '+' icon ***
2025-09-17 11:01:19,446 [main] INFO WorkRoomWebApplication - *** Selected the Customer ***
2025-09-17 11:01:29,522 [main] INFO WorkRoomWebApplication - *** Filing up the Customer All the Required field ***
2025-09-17 11:01:32,206 [main] INFO WorkRoomWebApplication - *** clicked the submit button ***
2025-09-17 11:01:32,293 [main] INFO WorkRoomWebApplication - *** clicked the Success ok Button ***
2025-09-29 11:35:40,220 [main] INFO WorkRoomWebApplication - ************* Launching CHROME Browser *****************
2025-09-29 11:35:42,154 [main] INFO WorkRoomWebApplication - ************* Browser Launched and Maximized *****************
2025-09-29 11:35:42,444 [main] INFO WorkRoomWebApplication - ************* Get The Application URL  *****************
2025-09-29 11:35:43,966 [main] INFO WorkRoomWebApplication - *** Enter The Share Point Email Id ***
2025-09-29 11:35:45,123 [main] INFO WorkRoomWebApplication - *** click the next button ***
2025-09-29 11:35:45,303 [main] INFO WorkRoomWebApplication - *** Enter The Password ***
2025-09-29 11:35:47,003 [main] INFO WorkRoomWebApplication - *** clicked on the sign in Button ***
2025-09-29 11:35:48,565 [main] INFO WorkRoomWebApplication - *** clicked on the customer sub menu ***
2025-09-29 11:35:58,867 [main] INFO WorkRoomWebApplication - *** clicked on the '+' icon ***
2025-09-29 11:36:19,310 [main] INFO WorkRoomWebApplication - *** Selected the Customer ***
2025-09-29 11:36:29,469 [main] INFO WorkRoomWebApplication - *** Filing up the Customer All the Required field ***
2025-09-29 11:36:39,853 [main] INFO WorkRoomWebApplication - *** clicked the submit button ***
2025-09-29 11:36:50,004 [main] INFO WorkRoomWebApplication - *** clicked the Success ok Button ***
2025-09-29 11:49:30,677 [main] INFO WorkRoomWebApplication - ************* Launching CHROME Browser *****************
2025-09-29 11:49:32,876 [main] INFO WorkRoomWebApplication - ************* Browser Launched and Maximized *****************
2025-09-29 11:49:33,203 [main] INFO WorkRoomWebApplication - ************* Get The Application URL  *****************
2025-09-29 11:49:34,534 [main] INFO WorkRoomWebApplication - *** Enter The Share Point Email Id ***
2025-09-29 11:49:35,753 [main] INFO WorkRoomWebApplication - *** click the next button ***
2025-09-29 11:49:36,097 [main] INFO WorkRoomWebApplication - *** Enter The Password ***
2025-09-29 11:49:37,847 [main] INFO WorkRoomWebApplication - *** clicked on the sign in Button ***
2025-09-29 11:49:39,484 [main] INFO WorkRoomWebApplication - *** clicked on the customer sub menu ***
2025-09-29 11:49:50,428 [main] INFO WorkRoomWebApplication - *** Filing up the Customer All the Required field ***
2025-09-29 11:50:00,930 [main] INFO WorkRoomWebApplication - *** clicked the submit button ***
2025-09-29 11:50:11,098 [main] INFO WorkRoomWebApplication - *** clicked the Success ok Button ***
2025-09-29 11:51:01,820 [main] INFO WorkRoomWebApplication - ************* Launching CHROME Browser *****************
2025-09-29 11:51:03,835 [main] INFO WorkRoomWebApplication - ************* Browser Launched and Maximized *****************
2025-09-29 11:51:04,076 [main] INFO WorkRoomWebApplication - ************* Get The Application URL  *****************
2025-09-29 11:51:05,220 [main] INFO WorkRoomWebApplication - *** Enter The Share Point Email Id ***
2025-09-29 11:51:06,382 [main] INFO WorkRoomWebApplication - *** click the next button ***
2025-09-29 11:51:06,634 [main] INFO WorkRoomWebApplication - *** Enter The Password ***
2025-09-29 11:51:08,311 [main] INFO WorkRoomWebApplication - *** clicked on the sign in Button ***
2025-09-29 11:51:09,973 [main] INFO WorkRoomWebApplication - *** clicked on the customer sub menu ***
2025-09-29 11:51:20,356 [main] INFO WorkRoomWebApplication - *** clicked on the '+' icon ***
2025-09-29 11:51:20,592 [main] INFO WorkRoomWebApplication - *** Selected the Customer ***
2025-09-29 11:51:22,242 [main] INFO WorkRoomWebApplication - *** Filing up the Customer All the Required field ***
2025-09-29 11:51:25,662 [main] INFO WorkRoomWebApplication - *** clicked the submit button ***
2025-09-29 11:51:25,821 [main] INFO WorkRoomWebApplication - *** clicked the Success ok Button ***
2025-09-29 11:52:40,600 [main] INFO WorkRoomWebApplication - ************* Launching CHROME Browser *****************
2025-09-29 11:52:42,547 [main] INFO WorkRoomWebApplication - ************* Browser Launched and Maximized *****************
2025-09-29 11:52:42,786 [main] INFO WorkRoomWebApplication - ************* Get The Application URL  *****************
2025-09-29 11:52:43,963 [main] INFO WorkRoomWebApplication - *** Enter The Share Point Email Id ***
2025-09-29 11:52:45,436 [main] INFO WorkRoomWebApplication - *** click the next button ***
2025-09-29 11:52:45,786 [main] INFO WorkRoomWebApplication - *** Enter The Password ***
2025-09-29 11:52:46,745 [main] INFO WorkRoomWebApplication - *** clicked on the sign in Button ***
2025-09-29 11:52:48,282 [main] INFO WorkRoomWebApplication - *** clicked on the customer sub menu ***
2025-09-29 11:52:54,868 [main] INFO WorkRoomWebApplication - *** clicked on the '+' icon ***
2025-09-29 11:52:55,100 [main] INFO WorkRoomWebApplication - *** Selected the Customer ***
2025-09-29 11:52:56,809 [main] INFO WorkRoomWebApplication - *** Clicking the Submit Button ***
2025-09-29 11:52:57,143 [main] INFO WorkRoomWebApplication - *** Checking For The Error Message ***
2025-09-29 11:54:04,590 [main] INFO WorkRoomWebApplication - ************* Launching CHROME Browser *****************
2025-09-29 11:54:06,357 [main] INFO WorkRoomWebApplication - ************* Browser Launched and Maximized *****************
2025-09-29 11:54:06,647 [main] INFO WorkRoomWebApplication - ************* Get The Application URL  *****************
2025-09-29 11:54:07,859 [main] INFO WorkRoomWebApplication - *** Enter The Share Point Email Id ***
2025-09-29 11:54:09,020 [main] INFO WorkRoomWebApplication - *** click the next button ***
2025-09-29 11:54:09,197 [main] INFO WorkRoomWebApplication - *** Enter The Password ***
2025-09-29 11:54:10,846 [main] INFO WorkRoomWebApplication - *** clicked on the sign in Button ***
2025-09-29 11:54:12,791 [main] INFO WorkRoomWebApplication - *** clicked on the customer sub menu ***
2025-09-29 11:54:23,727 [main] INFO WorkRoomWebApplication - *** Click On The Add Button '+' Icon ***
2025-09-29 11:54:23,930 [main] INFO WorkRoomWebApplication - *** Selecting The Customer Location Option ***
2025-09-29 11:54:25,524 [main] INFO WorkRoomWebApplication - *** Selecting The Customer Option  ***
2025-09-29 11:54:27,141 [main] INFO WorkRoomWebApplication - *** Select The SiteLocation if available ***
2025-09-29 11:54:28,590 [main] INFO WorkRoomWebApplication - *** Add The Loction  ***
2025-09-29 11:54:29,189 [main] INFO WorkRoomWebApplication - ***  Click The Submit Button ***
2025-09-29 11:54:29,372 [main] INFO WorkRoomWebApplication - *** Success Message For The Location Validation Done ***
2025-09-29 11:55:11,493 [main] INFO WorkRoomWebApplication - ************* Launching CHROME Browser *****************
2025-09-29 11:55:13,359 [main] INFO WorkRoomWebApplication - ************* Browser Launched and Maximized *****************
2025-09-29 11:55:13,608 [main] INFO WorkRoomWebApplication - ************* Get The Application URL  *****************
2025-09-29 11:55:14,861 [main] INFO WorkRoomWebApplication - *** Enter The Share Point Email Id ***
2025-09-29 11:55:16,080 [main] INFO WorkRoomWebApplication - *** click the next button ***
2025-09-29 11:55:16,390 [main] INFO WorkRoomWebApplication - *** Enter The Password ***
2025-09-29 11:55:18,138 [main] INFO WorkRoomWebApplication - *** clicked on the sign in Button ***
2025-09-29 11:55:20,193 [main] INFO WorkRoomWebApplication - *** clicked on the customer sub menu ***
2025-09-29 11:55:25,647 [main] INFO WorkRoomWebApplication - *** Get The List of Data of Customers  ***
2025-09-29 11:58:08,216 [main] INFO WorkRoomWebApplication - ************* Launching CHROME Browser *****************
2025-09-29 11:58:09,288 [main] INFO WorkRoomWebApplication - ************* Browser Launched and Maximized *****************
2025-09-29 11:58:09,457 [main] INFO WorkRoomWebApplication - ************* Get The Application URL  *****************
2025-09-29 11:58:10,675 [main] INFO WorkRoomWebApplication - *** Enter The Share Point Email Id ***
2025-09-29 11:58:11,436 [main] INFO WorkRoomWebApplication - *** click the next button ***
2025-09-29 11:58:11,550 [main] INFO WorkRoomWebApplication - *** Enter The Password ***
2025-09-29 11:58:12,937 [main] INFO WorkRoomWebApplication - *** clicked on the sign in Button ***
2025-09-29 11:58:14,241 [main] INFO WorkRoomWebApplication - *** clicked on the customer sub menu ***
2025-09-29 11:58:22,746 [main] INFO WorkRoomWebApplication - *** Check The View Of The Customer Data ***
2025-09-29 12:00:54,109 [main] INFO WorkRoomWebApplication - ************* Launching CHROME Browser *****************
2025-09-29 12:00:55,482 [main] INFO WorkRoomWebApplication - ************* Browser Launched and Maximized *****************
2025-09-29 12:00:55,805 [main] INFO WorkRoomWebApplication - ************* Get The Application URL  *****************
2025-09-29 12:00:56,845 [main] INFO WorkRoomWebApplication - *** Enter The Share Point Email Id ***
2025-09-29 12:00:57,756 [main] INFO WorkRoomWebApplication - *** click the next button ***
2025-09-29 12:00:57,911 [main] INFO WorkRoomWebApplication - *** Enter The Password ***
2025-09-29 12:00:59,468 [main] INFO WorkRoomWebApplication - *** clicked on the sign in Button ***
2025-09-29 12:01:00,785 [main] INFO WorkRoomWebApplication - *** clicked on the customer sub menu ***
2025-09-29 12:01:06,799 [main] INFO WorkRoomWebApplication - *** Check The View Of The Customer Data ***
2025-09-29 12:17:36,411 [main] INFO WorkRoomWebApplication - ************* Launching CHROME Browser *****************
2025-09-29 12:17:37,806 [main] INFO WorkRoomWebApplication - ************* Browser Launched and Maximized *****************
2025-09-29 12:17:38,084 [main] INFO WorkRoomWebApplication - ************* Get The Application URL  *****************
2025-09-29 12:17:39,194 [main] INFO WorkRoomWebApplication - *** Enter The Share Point Email Id ***
2025-09-29 12:17:40,021 [main] INFO WorkRoomWebApplication - *** click the next button ***
2025-09-29 12:17:40,173 [main] INFO WorkRoomWebApplication - *** Enter The Password ***
2025-09-29 12:17:41,864 [main] INFO WorkRoomWebApplication - *** clicked on the sign in Button ***
2025-09-29 12:17:43,628 [main] INFO WorkRoomWebApplication - *** clicked on the customer sub menu ***
2025-09-29 12:17:55,754 [main] INFO WorkRoomWebApplication - *** Check The View Of The Customer Data ***
2025-09-29 12:19:11,017 [main] INFO WorkRoomWebApplication - ************* Launching CHROME Browser *****************
2025-09-29 12:19:12,262 [main] INFO WorkRoomWebApplication - ************* Browser Launched and Maximized *****************
2025-09-29 12:19:12,507 [main] INFO WorkRoomWebApplication - ************* Get The Application URL  *****************
2025-09-29 12:19:14,357 [main] INFO WorkRoomWebApplication - *** Enter The Share Point Email Id ***
2025-09-29 12:19:15,308 [main] INFO WorkRoomWebApplication - *** click the next button ***
2025-09-29 12:19:15,483 [main] INFO WorkRoomWebApplication - *** Enter The Password ***
2025-09-29 12:19:16,920 [main] INFO WorkRoomWebApplication - *** clicked on the sign in Button ***
2025-09-29 12:19:18,521 [main] INFO WorkRoomWebApplication - ************* Quitting Browser *****************
2025-09-29 12:19:18,686 [main] INFO WorkRoomWebApplication - ************* Browser Closed Successfully *****************
2025-09-29 12:19:18,739 [main] INFO WorkRoomWebApplication - ************* Launching CHROME Browser *****************
2025-09-29 12:19:20,061 [main] INFO WorkRoomWebApplication - ************* Browser Launched and Maximized *****************
2025-09-29 12:19:20,338 [main] INFO WorkRoomWebApplication - ************* Get The Application URL  *****************
2025-09-29 12:19:21,488 [main] INFO WorkRoomWebApplication - *** Enter The Share Point Email Id ***
2025-09-29 12:19:22,935 [main] INFO WorkRoomWebApplication - *** click the next button ***
2025-09-29 12:19:23,057 [main] INFO WorkRoomWebApplication - *** Enter The Password ***
2025-09-29 12:19:24,268 [main] INFO WorkRoomWebApplication - *** clicked on the sign in Button ***
2025-09-29 12:19:25,535 [main] INFO WorkRoomWebApplication - *** clicked on the customer sub menu ***
2025-09-29 12:19:35,187 [main] INFO WorkRoomWebApplication - *** clicked on the '+' icon ***
2025-09-29 12:19:35,442 [main] INFO WorkRoomWebApplication - *** Selected the Customer ***
2025-09-29 12:19:36,574 [main] INFO WorkRoomWebApplication - *** Filing up the Customer All the Required field ***
2025-09-29 12:19:39,432 [main] INFO WorkRoomWebApplication - *** clicked the submit button ***
2025-09-29 12:19:39,586 [main] INFO WorkRoomWebApplication - *** clicked the Success ok Button ***
2025-09-29 12:19:40,814 [main] INFO WorkRoomWebApplication - ************* Quitting Browser *****************
2025-09-29 12:19:41,030 [main] INFO WorkRoomWebApplication - ************* Browser Closed Successfully *****************
2025-09-29 12:19:41,076 [main] INFO WorkRoomWebApplication - ************* Launching CHROME Browser *****************
2025-09-29 12:19:42,471 [main] INFO WorkRoomWebApplication - ************* Browser Launched and Maximized *****************
2025-09-29 12:19:42,704 [main] INFO WorkRoomWebApplication - ************* Get The Application URL  *****************
2025-09-29 12:19:43,739 [main] INFO WorkRoomWebApplication - *** Enter The Share Point Email Id ***
2025-09-29 12:19:44,932 [main] INFO WorkRoomWebApplication - *** click the next button ***
2025-09-29 12:19:45,089 [main] INFO WorkRoomWebApplication - *** Enter The Password ***
2025-09-29 12:19:46,500 [main] INFO WorkRoomWebApplication - *** clicked on the sign in Button ***
2025-09-29 12:19:47,784 [main] INFO WorkRoomWebApplication - *** clicked on the customer sub menu ***
2025-09-29 12:19:57,326 [main] INFO WorkRoomWebApplication - *** clicked on the '+' icon ***
2025-09-29 12:19:57,528 [main] INFO WorkRoomWebApplication - *** Selected the Customer ***
2025-09-29 12:19:58,794 [main] INFO WorkRoomWebApplication - *** Clicking the Submit Button ***
2025-09-29 12:19:59,147 [main] INFO WorkRoomWebApplication - *** Checking For The Error Message ***
2025-09-29 12:19:59,487 [main] INFO WorkRoomWebApplication - ************* Quitting Browser *****************
2025-09-29 12:19:59,615 [main] INFO WorkRoomWebApplication - ************* Browser Closed Successfully *****************
2025-09-29 12:19:59,642 [main] INFO WorkRoomWebApplication - ************* Launching CHROME Browser *****************
2025-09-29 12:20:00,495 [main] INFO WorkRoomWebApplication - ************* Browser Launched and Maximized *****************
2025-09-29 12:20:00,727 [main] INFO WorkRoomWebApplication - ************* Get The Application URL  *****************
2025-09-29 12:20:01,756 [main] INFO WorkRoomWebApplication - *** Enter The Share Point Email Id ***
2025-09-29 12:20:02,760 [main] INFO WorkRoomWebApplication - *** click the next button ***
2025-09-29 12:20:02,902 [main] INFO WorkRoomWebApplication - *** Enter The Password ***
2025-09-29 12:20:04,507 [main] INFO WorkRoomWebApplication - *** clicked on the sign in Button ***
2025-09-29 12:20:06,024 [main] INFO WorkRoomWebApplication - *** clicked on the customer sub menu ***
2025-09-29 12:20:24,522 [main] INFO WorkRoomWebApplication - *** Click On The Add Button '+' Icon ***
2025-09-29 12:20:24,673 [main] INFO WorkRoomWebApplication - *** Selecting The Customer Location Option ***
2025-09-29 12:20:26,013 [main] INFO WorkRoomWebApplication - *** Selecting The Customer Option  ***
2025-09-29 12:20:27,685 [main] INFO WorkRoomWebApplication - *** Select The SiteLocation if available ***
2025-09-29 12:20:28,998 [main] INFO WorkRoomWebApplication - *** Add The Loction  ***
2025-09-29 12:20:29,359 [main] INFO WorkRoomWebApplication - ***  Click The Submit Button ***
2025-09-29 12:20:29,479 [main] INFO WorkRoomWebApplication - *** Success Message For The Location Validation Done ***
2025-09-29 12:20:30,198 [main] INFO WorkRoomWebApplication - ************* Quitting Browser *****************
2025-09-29 12:20:30,325 [main] INFO WorkRoomWebApplication - ************* Browser Closed Successfully *****************
2025-09-29 12:20:30,351 [main] INFO WorkRoomWebApplication - ************* Launching CHROME Browser *****************
2025-09-29 12:20:31,700 [main] INFO WorkRoomWebApplication - ************* Browser Launched and Maximized *****************
2025-09-29 12:20:31,832 [main] INFO WorkRoomWebApplication - ************* Get The Application URL  *****************
2025-09-29 12:20:32,732 [main] INFO WorkRoomWebApplication - *** Enter The Share Point Email Id ***
2025-09-29 12:20:33,825 [main] INFO WorkRoomWebApplication - *** click the next button ***
2025-09-29 12:20:34,076 [main] INFO WorkRoomWebApplication - *** Enter The Password ***
2025-09-29 12:20:35,317 [main] INFO WorkRoomWebApplication - *** clicked on the sign in Button ***
2025-09-29 12:20:36,680 [main] INFO WorkRoomWebApplication - *** clicked on the customer sub menu ***
2025-09-29 12:20:47,443 [main] INFO WorkRoomWebApplication - *** Get The List of Data of Customers  ***
2025-09-29 12:20:58,875 [main] INFO WorkRoomWebApplication - ************* Quitting Browser *****************
2025-09-29 12:20:59,021 [main] INFO WorkRoomWebApplication - ************* Browser Closed Successfully *****************
2025-09-29 12:20:59,043 [main] INFO WorkRoomWebApplication - ************* Launching CHROME Browser *****************
2025-09-29 12:21:00,397 [main] INFO WorkRoomWebApplication - ************* Browser Launched and Maximized *****************
2025-09-29 12:21:00,546 [main] INFO WorkRoomWebApplication - ************* Get The Application URL  *****************
2025-09-29 12:21:01,586 [main] INFO WorkRoomWebApplication - *** Enter The Share Point Email Id ***
2025-09-29 12:21:02,660 [main] INFO WorkRoomWebApplication - *** click the next button ***
2025-09-29 12:21:02,848 [main] INFO WorkRoomWebApplication - *** Enter The Password ***
2025-09-29 12:21:04,054 [main] INFO WorkRoomWebApplication - *** clicked on the sign in Button ***
2025-09-29 12:21:05,826 [main] INFO WorkRoomWebApplication - *** clicked on the customer sub menu ***
2025-09-29 12:21:14,198 [main] INFO WorkRoomWebApplication - *** Check The View Of The Customer Data ***
2025-09-29 12:21:34,483 [main] INFO WorkRoomWebApplication - ************* Quitting Browser *****************
2025-09-29 12:21:34,595 [main] INFO WorkRoomWebApplication - ************* Browser Closed Successfully *****************
2025-09-29 12:55:42,814 [main] INFO WorkRoomWebApplication - ************* Launching CHROME Browser *****************
2025-09-29 12:55:43,767 [main] INFO WorkRoomWebApplication - ************* Browser Launched and Maximized *****************
2025-09-29 12:55:43,984 [main] INFO WorkRoomWebApplication - ************* Get The Application URL  *****************
2025-09-29 12:55:45,897 [main] INFO WorkRoomWebApplication - *** Enter The Share Point Email Id ***
2025-09-29 12:55:46,782 [main] INFO WorkRoomWebApplication - *** click the next button ***
2025-09-29 12:55:46,882 [main] INFO WorkRoomWebApplication - *** Enter The Password ***
2025-09-29 12:55:47,596 [main] INFO WorkRoomWebApplication - *** clicked on the sign in Button ***
2025-09-29 12:55:48,982 [main] INFO WorkRoomWebApplication - *** clicked on the customer sub menu ***
2025-09-29 12:55:52,821 [main] INFO WorkRoomWebApplication - *** Check The View Of The Customer Data ***
2025-09-29 12:55:52,925 [main] INFO WorkRoomWebApplication - ************* Quitting Browser *****************
2025-09-29 12:55:53,082 [main] INFO WorkRoomWebApplication - ************* Browser Closed Successfully *****************
2025-09-29 12:56:09,150 [main] INFO WorkRoomWebApplication - ************* Launching CHROME Browser *****************
2025-09-29 12:56:10,141 [main] INFO WorkRoomWebApplication - ************* Browser Launched and Maximized *****************
2025-09-29 12:56:10,367 [main] INFO WorkRoomWebApplication - ************* Get The Application URL  *****************
2025-09-29 12:56:11,586 [main] INFO WorkRoomWebApplication - *** Enter The Share Point Email Id ***
2025-09-29 12:56:12,351 [main] INFO WorkRoomWebApplication - *** click the next button ***
2025-09-29 12:56:12,455 [main] INFO WorkRoomWebApplication - *** Enter The Password ***
2025-09-29 12:56:13,748 [main] INFO WorkRoomWebApplication - *** clicked on the sign in Button ***
2025-09-29 12:56:14,912 [main] INFO WorkRoomWebApplication - *** clicked on the customer sub menu ***
2025-09-29 12:56:23,331 [main] INFO WorkRoomWebApplication - *** Check The View Of The Customer Data ***
2025-09-29 12:56:23,439 [main] INFO WorkRoomWebApplication - ************* Quitting Browser *****************
2025-09-29 12:56:23,562 [main] INFO WorkRoomWebApplication - ************* Browser Closed Successfully *****************
2025-09-29 12:57:01,527 [main] INFO WorkRoomWebApplication - ************* Launching CHROME Browser *****************
2025-09-29 12:57:02,705 [main] INFO WorkRoomWebApplication - ************* Browser Launched and Maximized *****************
2025-09-29 12:57:02,892 [main] INFO WorkRoomWebApplication - ************* Get The Application URL  *****************
2025-09-29 12:57:03,730 [main] INFO WorkRoomWebApplication - *** Enter The Share Point Email Id ***
2025-09-29 12:57:04,616 [main] INFO WorkRoomWebApplication - *** click the next button ***
2025-09-29 12:57:04,718 [main] INFO WorkRoomWebApplication - *** Enter The Password ***
2025-09-29 12:57:06,008 [main] INFO WorkRoomWebApplication - *** clicked on the sign in Button ***
2025-09-29 12:57:07,118 [main] INFO WorkRoomWebApplication - *** clicked on the customer sub menu ***
2025-09-29 12:57:11,277 [main] INFO WorkRoomWebApplication - *** Check The View Of The Customer Data ***
2025-09-29 12:59:56,481 [main] INFO WorkRoomWebApplication - ************* Launching CHROME Browser *****************
2025-09-29 12:59:57,517 [main] INFO WorkRoomWebApplication - ************* Browser Launched and Maximized *****************
2025-09-29 12:59:57,762 [main] INFO WorkRoomWebApplication - ************* Get The Application URL  *****************
2025-09-29 12:59:59,190 [main] INFO WorkRoomWebApplication - *** Enter The Share Point Email Id ***
2025-09-29 12:59:59,956 [main] INFO WorkRoomWebApplication - *** click the next button ***
2025-09-29 13:00:00,067 [main] INFO WorkRoomWebApplication - *** Enter The Password ***
2025-09-29 13:00:01,479 [main] INFO WorkRoomWebApplication - *** clicked on the sign in Button ***
2025-09-29 13:00:02,963 [main] INFO WorkRoomWebApplication - *** clicked on the customer sub menu ***
2025-09-29 13:00:13,708 [main] INFO WorkRoomWebApplication - *** Check The View Of The Customer Data ***
2025-10-06 11:53:37,332 [main] INFO WorkRoomWebApplication - ************* Launching CHROME Browser *****************
2025-10-06 11:53:39,557 [main] INFO WorkRoomWebApplication - ************* Browser Launched and Maximized *****************
2025-10-06 11:53:39,981 [main] INFO WorkRoomWebApplication - ************* Get The Application URL  *****************
2025-10-06 11:53:41,658 [main] INFO WorkRoomWebApplication - *** Enter The Share Point Email Id ***
2025-10-06 11:53:42,583 [main] INFO WorkRoomWebApplication - *** click the next button ***
2025-10-06 11:53:42,771 [main] INFO WorkRoomWebApplication - *** Enter The Password ***
2025-10-06 11:53:44,517 [main] INFO WorkRoomWebApplication - *** clicked on the sign in Button ***
2025-10-06 11:53:46,151 [main] INFO WorkRoomWebApplication - ************* Launching CHROME Browser *****************
2025-10-06 11:53:47,475 [main] INFO WorkRoomWebApplication - ************* Browser Launched and Maximized *****************
2025-10-06 11:53:47,599 [main] INFO WorkRoomWebApplication - ************* Get The Application URL  *****************
2025-10-06 11:53:48,509 [main] INFO WorkRoomWebApplication - *** Enter The Share Point Email Id ***
2025-10-06 11:53:49,718 [main] INFO WorkRoomWebApplication - *** click the next button ***
2025-10-06 11:53:49,961 [main] INFO WorkRoomWebApplication - *** Enter The Password ***
2025-10-06 11:53:51,373 [main] INFO WorkRoomWebApplication - *** clicked on the sign in Button ***
2025-10-06 11:53:53,348 [main] INFO WorkRoomWebApplication - *** clicked on the customer sub menu ***
2025-10-06 11:53:58,733 [main] INFO WorkRoomWebApplication - *** clicked on the '+' icon ***
2025-10-06 11:53:59,022 [main] INFO WorkRoomWebApplication - *** Selected the Customer ***
2025-10-06 11:54:00,840 [main] INFO WorkRoomWebApplication - *** Filing up the Customer All the Required field ***
2025-10-06 11:54:04,377 [main] INFO WorkRoomWebApplication - *** clicked the submit button ***
2025-10-06 11:54:04,592 [main] INFO WorkRoomWebApplication - *** clicked the Success ok Button ***
2025-10-06 11:54:05,462 [main] INFO WorkRoomWebApplication - ************* Launching CHROME Browser *****************
2025-10-06 11:54:06,578 [main] INFO WorkRoomWebApplication - ************* Browser Launched and Maximized *****************
2025-10-06 11:54:06,822 [main] INFO WorkRoomWebApplication - ************* Get The Application URL  *****************
2025-10-06 11:54:07,802 [main] INFO WorkRoomWebApplication - *** Enter The Share Point Email Id ***
2025-10-06 11:54:09,040 [main] INFO WorkRoomWebApplication - *** click the next button ***
2025-10-06 11:54:09,356 [main] INFO WorkRoomWebApplication - *** Enter The Password ***
2025-10-06 11:54:10,389 [main] INFO WorkRoomWebApplication - *** clicked on the sign in Button ***
2025-10-06 11:54:11,956 [main] INFO WorkRoomWebApplication - *** clicked on the customer sub menu ***
2025-10-06 11:54:16,594 [main] INFO WorkRoomWebApplication - *** clicked on the '+' icon ***
2025-10-06 11:54:16,744 [main] INFO WorkRoomWebApplication - *** Selected the Customer ***
2025-10-06 11:54:18,053 [main] INFO WorkRoomWebApplication - *** Clicking the Submit Button ***
2025-10-06 11:54:18,501 [main] INFO WorkRoomWebApplication - *** Checking For The Error Message ***
2025-10-06 11:54:19,837 [main] INFO WorkRoomWebApplication - ************* Launching CHROME Browser *****************
2025-10-06 11:54:20,905 [main] INFO WorkRoomWebApplication - ************* Browser Launched and Maximized *****************
2025-10-06 11:54:21,006 [main] INFO WorkRoomWebApplication - ************* Get The Application URL  *****************
2025-10-06 11:54:22,396 [main] INFO WorkRoomWebApplication - *** Enter The Share Point Email Id ***
2025-10-06 11:54:23,945 [main] INFO WorkRoomWebApplication - *** click the next button ***
2025-10-06 11:54:24,246 [main] INFO WorkRoomWebApplication - *** Enter The Password ***
2025-10-06 11:54:25,847 [main] INFO WorkRoomWebApplication - *** clicked on the sign in Button ***
2025-10-06 11:54:27,450 [main] INFO WorkRoomWebApplication - *** clicked on the customer sub menu ***
2025-10-06 11:54:33,032 [main] INFO WorkRoomWebApplication - *** Click On The Add Button '+' Icon ***
2025-10-06 11:54:33,182 [main] INFO WorkRoomWebApplication - *** Selecting The Customer Location Option ***
2025-10-06 11:54:34,875 [main] INFO WorkRoomWebApplication - *** Selecting The Customer Option  ***
2025-10-06 11:54:36,933 [main] INFO WorkRoomWebApplication - *** Select The SiteLocation if available ***
2025-10-06 11:54:38,782 [main] INFO WorkRoomWebApplication - *** Add The Loction  ***
2025-10-06 11:54:39,420 [main] INFO WorkRoomWebApplication - ***  Click The Submit Button ***
2025-10-06 11:54:39,727 [main] INFO WorkRoomWebApplication - *** Success Message For The Location Validation Done ***
2025-10-06 11:54:40,911 [main] INFO WorkRoomWebApplication - ************* Launching CHROME Browser *****************
2025-10-06 11:54:42,375 [main] INFO WorkRoomWebApplication - ************* Browser Launched and Maximized *****************
2025-10-06 11:54:42,643 [main] INFO WorkRoomWebApplication - ************* Get The Application URL  *****************
2025-10-06 11:54:48,054 [main] INFO WorkRoomWebApplication - *** Enter The Share Point Email Id ***
2025-10-06 11:54:49,553 [main] INFO WorkRoomWebApplication - *** click the next button ***
2025-10-06 11:54:49,710 [main] INFO WorkRoomWebApplication - *** Enter The Password ***
2025-10-06 11:54:51,245 [main] INFO WorkRoomWebApplication - *** clicked on the sign in Button ***
2025-10-06 11:54:52,954 [main] INFO WorkRoomWebApplication - *** clicked on the customer sub menu ***
2025-10-06 11:54:58,321 [main] INFO WorkRoomWebApplication - *** Get The List of Data of Customers  ***
2025-10-06 11:55:12,483 [main] INFO WorkRoomWebApplication - ************* Launching CHROME Browser *****************
2025-10-06 11:55:13,682 [main] INFO WorkRoomWebApplication - ************* Browser Launched and Maximized *****************
2025-10-06 11:55:13,980 [main] INFO WorkRoomWebApplication - ************* Get The Application URL  *****************
2025-10-06 11:55:14,959 [main] INFO WorkRoomWebApplication - *** Enter The Share Point Email Id ***
2025-10-06 11:55:16,031 [main] INFO WorkRoomWebApplication - *** click the next button ***
2025-10-06 11:55:16,194 [main] INFO WorkRoomWebApplication - *** Enter The Password ***
2025-10-06 11:55:17,529 [main] INFO WorkRoomWebApplication - *** clicked on the sign in Button ***
2025-10-06 11:55:19,055 [main] INFO WorkRoomWebApplication - *** clicked on the customer sub menu ***
2025-10-06 11:55:24,439 [main] INFO WorkRoomWebApplication - *** Check The View Of The Customer Data ***
2025-10-06 11:57:56,524 [main] INFO WorkRoomWebApplication - ************* Launching CHROME Browser *****************
2025-10-06 11:57:58,535 [main] INFO WorkRoomWebApplication - ************* Browser Launched and Maximized *****************
2025-10-06 11:57:58,933 [main] INFO WorkRoomWebApplication - ************* Get The Application URL  *****************
2025-10-06 11:58:00,261 [main] INFO WorkRoomWebApplication - *** Enter The Share Point Email Id ***
2025-10-06 11:58:01,511 [main] INFO WorkRoomWebApplication - *** click the next button ***
2025-10-06 11:58:01,704 [main] INFO WorkRoomWebApplication - *** Enter The Password ***
2025-10-06 11:58:03,471 [main] INFO WorkRoomWebApplication - *** clicked on the sign in Button ***
2025-10-06 11:58:05,048 [main] INFO WorkRoomWebApplication - ************* Launching CHROME Browser *****************
2025-10-06 11:58:06,455 [main] INFO WorkRoomWebApplication - ************* Browser Launched and Maximized *****************
2025-10-06 11:58:06,607 [main] INFO WorkRoomWebApplication - ************* Get The Application URL  *****************
2025-10-06 11:58:07,655 [main] INFO WorkRoomWebApplication - *** Enter The Share Point Email Id ***
2025-10-06 11:58:09,040 [main] INFO WorkRoomWebApplication - *** click the next button ***
2025-10-06 11:58:09,193 [main] INFO WorkRoomWebApplication - *** Enter The Password ***
2025-10-06 11:58:10,530 [main] INFO WorkRoomWebApplication - *** clicked on the sign in Button ***
2025-10-06 11:58:12,432 [main] INFO WorkRoomWebApplication - *** clicked on the customer sub menu ***
2025-10-06 11:58:19,301 [main] INFO WorkRoomWebApplication - *** clicked on the '+' icon ***
2025-10-06 11:58:19,457 [main] INFO WorkRoomWebApplication - *** Selected the Customer ***
2025-10-06 11:58:22,074 [main] INFO WorkRoomWebApplication - *** Filing up the Customer All the Required field ***
2025-10-06 11:58:25,234 [main] INFO WorkRoomWebApplication - *** clicked the submit button ***
2025-10-06 11:58:25,396 [main] INFO WorkRoomWebApplication - *** clicked the Success ok Button ***
2025-10-06 11:58:26,133 [main] INFO WorkRoomWebApplication - ************* Launching CHROME Browser *****************
2025-10-06 11:58:27,331 [main] INFO WorkRoomWebApplication - ************* Browser Launched and Maximized *****************
2025-10-06 11:58:27,445 [main] INFO WorkRoomWebApplication - ************* Get The Application URL  *****************
2025-10-06 11:58:28,794 [main] INFO WorkRoomWebApplication - *** Enter The Share Point Email Id ***
2025-10-06 11:58:30,441 [main] INFO WorkRoomWebApplication - *** click the next button ***
2025-10-06 11:58:30,756 [main] INFO WorkRoomWebApplication - *** Enter The Password ***
2025-10-06 11:58:32,113 [main] INFO WorkRoomWebApplication - *** clicked on the sign in Button ***
2025-10-06 11:58:33,769 [main] INFO WorkRoomWebApplication - *** clicked on the customer sub menu ***
2025-10-06 11:58:39,243 [main] INFO WorkRoomWebApplication - *** clicked on the '+' icon ***
2025-10-06 11:58:39,424 [main] INFO WorkRoomWebApplication - *** Selected the Customer ***
2025-10-06 11:58:40,618 [main] INFO WorkRoomWebApplication - *** Clicking the Submit Button ***
2025-10-06 11:58:40,939 [main] INFO WorkRoomWebApplication - *** Checking For The Error Message ***
2025-10-06 11:58:41,419 [main] INFO WorkRoomWebApplication - ************* Launching CHROME Browser *****************
2025-10-06 11:58:42,832 [main] INFO WorkRoomWebApplication - ************* Browser Launched and Maximized *****************
2025-10-06 11:58:42,931 [main] INFO WorkRoomWebApplication - ************* Get The Application URL  *****************
2025-10-06 11:58:44,529 [main] INFO WorkRoomWebApplication - *** Enter The Share Point Email Id ***
2025-10-06 11:58:46,096 [main] INFO WorkRoomWebApplication - *** click the next button ***
2025-10-06 11:58:46,309 [main] INFO WorkRoomWebApplication - *** Enter The Password ***
2025-10-06 11:58:47,656 [main] INFO WorkRoomWebApplication - *** clicked on the sign in Button ***
2025-10-06 11:58:49,212 [main] INFO WorkRoomWebApplication - *** clicked on the customer sub menu ***
2025-10-06 12:43:05,248 [main] INFO WorkRoomWebApplication - ************* Launching CHROME Browser *****************
2025-10-06 12:43:06,312 [main] INFO WorkRoomWebApplication - ************* Browser Launched and Maximized *****************
2025-10-06 12:43:06,578 [main] INFO WorkRoomWebApplication - ************* Get The Application URL  *****************
2025-10-06 12:43:07,604 [main] INFO WorkRoomWebApplication - *** Enter The Share Point Email Id ***
2025-10-06 12:43:08,396 [main] INFO WorkRoomWebApplication - *** click the next button ***
2025-10-06 12:43:08,509 [main] INFO WorkRoomWebApplication - *** Enter The Password ***
2025-10-06 12:43:09,940 [main] INFO WorkRoomWebApplication - *** clicked on the sign in Button ***
2025-10-06 12:43:11,379 [main] INFO WorkRoomWebApplication - *** click the Suppliers side menu ***
2025-10-06 12:43:21,843 [main] INFO WorkRoomWebApplication - *** Click on the Add button  ***
2025-10-06 12:43:32,329 [main] INFO WorkRoomWebApplication - ***  select the Suppliers dropdown ***
2025-10-08 15:27:40,826 [main] INFO WorkRoomWebApplication - ************* Launching CHROME Browser *****************
2025-10-08 15:27:42,973 [main] INFO WorkRoomWebApplication - ************* Browser Launched and Maximized *****************
2025-10-08 15:27:43,312 [main] INFO WorkRoomWebApplication - ************* Get The Application URL  *****************
2025-10-08 15:27:44,341 [main] INFO WorkRoomWebApplication - *** Enter The Share Point Email Id ***
2025-10-08 15:27:45,501 [main] INFO WorkRoomWebApplication - *** click the next button ***
2025-10-08 15:27:45,685 [main] INFO WorkRoomWebApplication - *** Enter The Password ***
2025-10-08 15:27:47,003 [main] INFO WorkRoomWebApplication - *** clicked on the sign in Button ***
2025-10-08 15:27:48,900 [main] INFO WorkRoomWebApplication - ************* Launching CHROME Browser *****************
2025-10-08 15:27:50,166 [main] INFO WorkRoomWebApplication - ************* Browser Launched and Maximized *****************
2025-10-08 15:27:50,306 [main] INFO WorkRoomWebApplication - ************* Get The Application URL  *****************
2025-10-08 15:27:51,160 [main] INFO WorkRoomWebApplication - *** Enter The Share Point Email Id ***
2025-10-08 15:27:52,465 [main] INFO WorkRoomWebApplication - *** click the next button ***
2025-10-08 15:27:52,721 [main] INFO WorkRoomWebApplication - *** Enter The Password ***
2025-10-08 15:27:54,075 [main] INFO WorkRoomWebApplication - *** clicked on the sign in Button ***
2025-10-08 15:27:55,521 [main] INFO WorkRoomWebApplication - *** clicked on the customer sub menu ***
2025-10-08 15:28:06,897 [main] INFO WorkRoomWebApplication - *** clicked on the '+' icon ***
2025-10-08 15:28:07,095 [main] INFO WorkRoomWebApplication - *** Selected the Customer ***
2025-10-08 15:28:08,375 [main] INFO WorkRoomWebApplication - *** Filing up the Customer All the Required field ***
2025-10-08 15:28:12,234 [main] INFO WorkRoomWebApplication - *** clicked the submit button ***
2025-10-08 15:28:12,400 [main] INFO WorkRoomWebApplication - *** clicked the Success ok Button ***
2025-10-08 15:28:13,173 [main] INFO WorkRoomWebApplication - ************* Launching CHROME Browser *****************
2025-10-08 15:28:14,584 [main] INFO WorkRoomWebApplication - ************* Browser Launched and Maximized *****************
2025-10-08 15:28:14,961 [main] INFO WorkRoomWebApplication - ************* Get The Application URL  *****************
2025-10-08 15:28:15,944 [main] INFO WorkRoomWebApplication - *** Enter The Share Point Email Id ***
2025-10-08 15:28:17,023 [main] INFO WorkRoomWebApplication - *** click the next button ***
2025-10-08 15:28:17,259 [main] INFO WorkRoomWebApplication - *** Enter The Password ***
2025-10-08 15:28:18,943 [main] INFO WorkRoomWebApplication - *** clicked on the sign in Button ***
2025-10-08 15:28:20,599 [main] INFO WorkRoomWebApplication - *** clicked on the customer sub menu ***
2025-10-08 15:28:30,434 [main] INFO WorkRoomWebApplication - *** clicked on the '+' icon ***
2025-10-08 15:28:30,690 [main] INFO WorkRoomWebApplication - *** Selected the Customer ***
2025-10-08 15:28:32,102 [main] INFO WorkRoomWebApplication - *** Clicking the Submit Button ***
2025-10-08 15:28:32,386 [main] INFO WorkRoomWebApplication - *** Checking For The Error Message ***
2025-10-08 15:28:32,945 [main] INFO WorkRoomWebApplication - ************* Launching CHROME Browser *****************
2025-10-08 15:28:34,484 [main] INFO WorkRoomWebApplication - ************* Browser Launched and Maximized *****************
2025-10-08 15:28:34,930 [main] INFO WorkRoomWebApplication - ************* Get The Application URL  *****************
2025-10-08 15:28:36,093 [main] INFO WorkRoomWebApplication - *** Enter The Share Point Email Id ***
2025-10-08 15:28:37,182 [main] INFO WorkRoomWebApplication - *** click the next button ***
2025-10-08 15:28:37,349 [main] INFO WorkRoomWebApplication - *** Enter The Password ***
2025-10-08 15:28:38,714 [main] INFO WorkRoomWebApplication - *** clicked on the sign in Button ***
2025-10-08 15:28:40,293 [main] INFO WorkRoomWebApplication - *** clicked on the customer sub menu ***
2025-10-08 15:28:49,894 [main] INFO WorkRoomWebApplication - *** Click On The Add Button '+' Icon ***
2025-10-08 15:28:50,052 [main] INFO WorkRoomWebApplication - *** Selecting The Customer Location Option ***
2025-10-08 15:28:54,376 [main] INFO WorkRoomWebApplication - *** Selecting The Customer Option  ***
2025-10-08 15:28:56,347 [main] INFO WorkRoomWebApplication - *** Select The SiteLocation if available ***
2025-10-08 15:28:58,013 [main] INFO WorkRoomWebApplication - *** Add The Loction  ***
2025-10-08 15:28:58,829 [main] INFO WorkRoomWebApplication - ***  Click The Submit Button ***
2025-10-08 15:28:59,182 [main] INFO WorkRoomWebApplication - *** Success Message For The Location Validation Done ***
2025-10-08 15:29:00,165 [main] INFO WorkRoomWebApplication - ************* Launching CHROME Browser *****************
2025-10-08 15:29:01,544 [main] INFO WorkRoomWebApplication - ************* Browser Launched and Maximized *****************
2025-10-08 15:29:01,718 [main] INFO WorkRoomWebApplication - ************* Get The Application URL  *****************
2025-10-08 15:29:02,937 [main] INFO WorkRoomWebApplication - *** Enter The Share Point Email Id ***
2025-10-08 15:29:03,995 [main] INFO WorkRoomWebApplication - *** click the next button ***
2025-10-08 15:29:04,171 [main] INFO WorkRoomWebApplication - *** Enter The Password ***
2025-10-08 15:29:05,599 [main] INFO WorkRoomWebApplication - *** clicked on the sign in Button ***
2025-10-08 15:29:06,969 [main] INFO WorkRoomWebApplication - *** clicked on the customer sub menu ***
2025-10-08 15:29:18,219 [main] INFO WorkRoomWebApplication - *** Get The List of Data of Customers  ***
2025-10-08 15:29:34,373 [main] INFO WorkRoomWebApplication - ************* Launching CHROME Browser *****************
2025-10-08 15:29:35,608 [main] INFO WorkRoomWebApplication - ************* Browser Launched and Maximized *****************
2025-10-08 15:29:35,832 [main] INFO WorkRoomWebApplication - ************* Get The Application URL  *****************
2025-10-08 15:29:36,991 [main] INFO WorkRoomWebApplication - *** Enter The Share Point Email Id ***
2025-10-08 15:29:38,084 [main] INFO WorkRoomWebApplication - *** click the next button ***
2025-10-08 15:29:38,483 [main] INFO WorkRoomWebApplication - *** Enter The Password ***
2025-10-08 15:29:40,247 [main] INFO WorkRoomWebApplication - *** clicked on the sign in Button ***
2025-10-08 15:29:41,985 [main] INFO WorkRoomWebApplication - *** clicked on the customer sub menu ***
2025-10-08 15:29:47,295 [main] INFO WorkRoomWebApplication - *** Check The View Of The Customer Data ***
2025-11-03 18:23:48,069 [main] INFO WorkRoomWebApplication - ************* Launching CHROME Browser *****************
2025-11-03 18:23:49,997 [main] INFO WorkRoomWebApplication - ************* Launching CHROME Browser *****************
2025-11-03 18:23:51,681 [main] INFO WorkRoomWebApplication - ************* Launching CHROME Browser *****************
2025-11-03 18:37:15,197 [main] INFO WorkRoomWebApplication - ************* Launching CHROME Browser *****************
2025-11-03 18:37:15,551 [main] INFO WorkRoomWebApplication - ************* Launching CHROME Browser *****************
2025-11-03 18:37:15,655 [main] INFO WorkRoomWebApplication - ************* Launching CHROME Browser *****************
2025-11-03 18:38:26,808 [main] INFO WorkRoomWebApplication - ************* Launching CHROME Browser *****************
2025-11-03 18:38:27,828 [main] INFO WorkRoomWebApplication - ************* Launching CHROME Browser *****************
2025-11-03 18:38:28,184 [main] INFO WorkRoomWebApplication - ************* Launching CHROME Browser *****************
2025-11-03 18:45:40,096 [main] INFO WorkRoomWebApplication - ************* Launching CHROME Browser *****************
2025-11-03 18:45:41,532 [main] INFO WorkRoomWebApplication - ************* Launching CHROME Browser *****************
2025-11-03 18:45:42,831 [main] INFO WorkRoomWebApplication - ************* Launching CHROME Browser *****************
2025-11-03 18:46:02,864 [main] INFO WorkRoomWebApplication - ************* Launching CHROME Browser *****************
2025-11-03 18:46:04,796 [main] INFO WorkRoomWebApplication - ************* Launching CHROME Browser *****************
2025-11-03 18:46:06,308 [main] INFO WorkRoomWebApplication - ************* Launching CHROME Browser *****************
2025-11-03 18:54:00,449 [main] INFO WorkRoomWebApplication - ************* Launching CHROME Browser *****************
2025-11-03 18:54:02,622 [main] INFO WorkRoomWebApplication - ************* Launching CHROME Browser *****************
2025-11-03 18:54:04,574 [main] INFO WorkRoomWebApplication - ************* Launching CHROME Browser *****************
2025-11-03 18:55:01,761 [main] INFO WorkRoomWebApplication - ************* Launching CHROME Browser *****************
2025-11-03 18:55:04,360 [main] INFO WorkRoomWebApplication - ************* Launching CHROME Browser *****************
2025-11-03 18:55:06,413 [main] INFO WorkRoomWebApplication - ************* Launching CHROME Browser *****************
2025-11-03 19:08:50,226 [main] INFO WorkRoomWebApplication - ************* Launching CHROME Browser *****************
2025-11-03 19:08:55,186 [main] INFO WorkRoomWebApplication - ************* Browser Launched and Maximized *****************
2025-11-03 19:08:55,548 [main] INFO WorkRoomWebApplication - ************* Get The Application URL  *****************
2025-11-03 19:08:58,989 [main] INFO WorkRoomWebApplication - *** Enter The Share Point Email Id ***
2025-11-03 19:09:00,526 [main] INFO WorkRoomWebApplication - *** click the next button ***
2025-11-03 19:09:00,680 [main] INFO WorkRoomWebApplication - *** Enter The Password ***
2025-11-03 19:09:02,106 [main] INFO WorkRoomWebApplication - *** clicked on the sign in Button ***
2025-11-03 19:09:03,825 [main] INFO WorkRoomWebApplication - *** click the subContractor side menu ***
2025-11-03 19:09:16,788 [main] INFO WorkRoomWebApplication - *** Click on the SubContractor Add button  ***
2025-11-03 19:09:27,100 [main] INFO WorkRoomWebApplication - ***  select the subContractor dropdown ***
2025-11-03 19:09:37,615 [main] INFO WorkRoomWebApplication - ***  Fill all the SubContractor required  details  ***
2025-11-03 19:09:47,804 [main] INFO WorkRoomWebApplication - ***  Click The Submit Button ***
2025-11-03 19:09:57,883 [main] ERROR WorkRoomWebApplication - Unexpected error occurred while clicking the submit button: Expected condition failed: waiting for visibility of element located by By.xpath: //button[@id='SaveBtn'] (tried for 10 second(s) with 500 milliseconds interval)
Build info: version: '4.29.0', revision: '5fc1ec94cb'
System info: os.name: 'Linux', os.arch: 'amd64', os.version: '6.14.0-33-generic', java.version: '17.0.16'
Driver info: org.openqa.selenium.chrome.ChromeDriver
Capabilities {acceptInsecureCerts: false, browserName: chrome, browserVersion: 142.0.7444.59, chrome: {chromedriverVersion: 142.0.7444.59 (4b8153ab58d3..., userDataDir: /tmp/chrome-user-data-ab29f...}, fedcm:accounts: true, goog:chromeOptions: {debuggerAddress: localhost:40241}, goog:processID: 326295, networkConnectionEnabled: false, pageLoadStrategy: normal, platformName: linux, proxy: Proxy(), se:cdp: ws://localhost:40241/devtoo..., se:cdpVersion: 142.0.7444.59, setWindowRect: true, strictFileInteractability: false, timeouts: {implicit: 0, pageLoad: 300000, script: 30000}, unhandledPromptBehavior: dismiss and notify, webauthn:extension:credBlob: true, webauthn:extension:largeBlob: true, webauthn:extension:minPinLength: true, webauthn:extension:prf: true, webauthn:virtualAuthenticators: true}
Session ID: d190296f723d4cc7419b4fb398ca6efd
org.openqa.selenium.TimeoutException: Expected condition failed: waiting for visibility of element located by By.xpath: //button[@id='SaveBtn'] (tried for 10 second(s) with 500 milliseconds interval)
Build info: version: '4.29.0', revision: '5fc1ec94cb'
System info: os.name: 'Linux', os.arch: 'amd64', os.version: '6.14.0-33-generic', java.version: '17.0.16'
Driver info: org.openqa.selenium.chrome.ChromeDriver
Capabilities {acceptInsecureCerts: false, browserName: chrome, browserVersion: 142.0.7444.59, chrome: {chromedriverVersion: 142.0.7444.59 (4b8153ab58d3..., userDataDir: /tmp/chrome-user-data-ab29f...}, fedcm:accounts: true, goog:chromeOptions: {debuggerAddress: localhost:40241}, goog:processID: 326295, networkConnectionEnabled: false, pageLoadStrategy: normal, platformName: linux, proxy: Proxy(), se:cdp: ws://localhost:40241/devtoo..., se:cdpVersion: 142.0.7444.59, setWindowRect: true, strictFileInteractability: false, timeouts: {implicit: 0, pageLoad: 300000, script: 30000}, unhandledPromptBehavior: dismiss and notify, webauthn:extension:credBlob: true, webauthn:extension:largeBlob: true, webauthn:extension:minPinLength: true, webauthn:extension:prf: true, webauthn:virtualAuthenticators: true}
Session ID: d190296f723d4cc7419b4fb398ca6efd
	at org.openqa.selenium.support.ui.WebDriverWait.timeoutException(WebDriverWait.java:84)
	at org.openqa.selenium.support.ui.FluentWait.until(FluentWait.java:228)
	at utilities.WaitHelper.WaitForElement1(WaitHelper.java:32)
	at pageobjects.MaterialManagementSubContractorMasterDataPage.sharepointSubContractorSubmitBtn(MaterialManagementSubContractorMasterDataPage.java:228)
	at stepDefinations.materialManagementSubContractorsMasterDataSteps.fill_all_the_sub_contractor_required_details_and_submit_the_details(materialManagementSubContractorsMasterDataSteps.java:34)
	at java.base/jdk.internal.reflect.NativeMethodAccessorImpl.invoke0(Native Method)
	at java.base/jdk.internal.reflect.NativeMethodAccessorImpl.invoke(NativeMethodAccessorImpl.java:77)
	at java.base/jdk.internal.reflect.DelegatingMethodAccessorImpl.invoke(DelegatingMethodAccessorImpl.java:43)
	at java.base/java.lang.reflect.Method.invoke(Method.java:569)
	at io.cucumber.java.Invoker.doInvoke(Invoker.java:66)
	at io.cucumber.java.Invoker.invoke(Invoker.java:24)
	at io.cucumber.java.AbstractGlueDefinition.invokeMethod(AbstractGlueDefinition.java:47)
	at io.cucumber.java.JavaStepDefinition.execute(JavaStepDefinition.java:29)
	at io.cucumber.core.runner.CoreStepDefinition.execute(CoreStepDefinition.java:66)
	at io.cucumber.core.runner.PickleStepDefinitionMatch.runStep(PickleStepDefinitionMatch.java:62)
	at io.cucumber.core.runner.ExecutionMode$1.execute(ExecutionMode.java:10)
	at io.cucumber.core.runner.TestStep.executeStep(TestStep.java:81)
	at io.cucumber.core.runner.TestStep.run(TestStep.java:53)
	at io.cucumber.core.runner.PickleStepTestStep.run(PickleStepTestStep.java:51)
	at io.cucumber.core.runner.TestCase.run(TestCase.java:84)
	at io.cucumber.core.runner.Runner.runPickle(Runner.java:75)
	at io.cucumber.junit.PickleRunners$NoStepDescriptions.lambda$run$0(PickleRunners.java:151)
	at io.cucumber.core.runtime.CucumberExecutionContext.lambda$runTestCase$5(CucumberExecutionContext.java:136)
	at io.cucumber.core.runtime.RethrowingThrowableCollector.executeAndThrow(RethrowingThrowableCollector.java:23)
	at io.cucumber.core.runtime.CucumberExecutionContext.runTestCase(CucumberExecutionContext.java:136)
	at io.cucumber.junit.PickleRunners$NoStepDescriptions.run(PickleRunners.java:148)
	at io.cucumber.junit.FeatureRunner.runChild(FeatureRunner.java:144)
	at io.cucumber.junit.FeatureRunner.runChild(FeatureRunner.java:28)
	at org.junit.runners.ParentRunner$4.run(ParentRunner.java:331)
	at org.junit.runners.ParentRunner$1.schedule(ParentRunner.java:79)
	at org.junit.runners.ParentRunner.runChildren(ParentRunner.java:329)
	at org.junit.runners.ParentRunner.access$100(ParentRunner.java:66)
	at org.junit.runners.ParentRunner$2.evaluate(ParentRunner.java:293)
	at org.junit.runners.ParentRunner$3.evaluate(ParentRunner.java:306)
	at org.junit.runners.ParentRunner.run(ParentRunner.java:413)
	at io.cucumber.junit.FeatureRunner.run(FeatureRunner.java:137)
	at io.cucumber.junit.Cucumber.runChild(Cucumber.java:199)
	at io.cucumber.junit.Cucumber.runChild(Cucumber.java:89)
	at org.junit.runners.ParentRunner$4.run(ParentRunner.java:331)
	at org.junit.runners.ParentRunner$1.schedule(ParentRunner.java:79)
	at org.junit.runners.ParentRunner.runChildren(ParentRunner.java:329)
	at org.junit.runners.ParentRunner.access$100(ParentRunner.java:66)
	at org.junit.runners.ParentRunner$2.evaluate(ParentRunner.java:293)
	at io.cucumber.core.runtime.CucumberExecutionContext.lambda$runFeatures$6(CucumberExecutionContext.java:147)
	at io.cucumber.core.runtime.CucumberExecutionContext.execute(CucumberExecutionContext.java:162)
	at io.cucumber.core.runtime.CucumberExecutionContext.runFeatures(CucumberExecutionContext.java:145)
	at io.cucumber.junit.Cucumber$StartAndFinishTestRun.evaluate(Cucumber.java:229)
	at org.junit.runners.ParentRunner$3.evaluate(ParentRunner.java:306)
	at org.junit.runners.ParentRunner.run(ParentRunner.java:413)
	at org.apache.maven.surefire.junit4.JUnit4Provider.execute(JUnit4Provider.java:316)
	at org.apache.maven.surefire.junit4.JUnit4Provider.executeWithRerun(JUnit4Provider.java:240)
	at org.apache.maven.surefire.junit4.JUnit4Provider.executeTestSet(JUnit4Provider.java:214)
	at org.apache.maven.surefire.junit4.JUnit4Provider.invoke(JUnit4Provider.java:155)
	at org.apache.maven.surefire.booter.ForkedBooter.runSuitesInProcess(ForkedBooter.java:385)
	at org.apache.maven.surefire.booter.ForkedBooter.execute(ForkedBooter.java:162)
	at org.apache.maven.surefire.booter.ForkedBooter.run(ForkedBooter.java:507)
	at org.apache.maven.surefire.booter.ForkedBooter.main(ForkedBooter.java:495)
2025-11-03 19:09:58,136 [main] INFO WorkRoomWebApplication - ************* Launching CHROME Browser *****************
2025-11-03 19:09:59,320 [main] INFO WorkRoomWebApplication - ************* Browser Launched and Maximized *****************
2025-11-03 19:09:59,520 [main] INFO WorkRoomWebApplication - ************* Get The Application URL  *****************
2025-11-03 19:10:03,634 [main] INFO WorkRoomWebApplication - *** Enter The Share Point Email Id ***
2025-11-03 19:10:04,853 [main] INFO WorkRoomWebApplication - *** click the next button ***
2025-11-03 19:10:05,072 [main] INFO WorkRoomWebApplication - *** Enter The Password ***
2025-11-03 19:10:07,607 [main] INFO WorkRoomWebApplication - *** clicked on the sign in Button ***
2025-11-03 19:10:09,951 [main] INFO WorkRoomWebApplication - *** click the subContractor side menu ***
2025-11-03 19:10:20,006 [main] INFO WorkRoomWebApplication - *** Click on the SubContractor Add button  ***
2025-11-03 19:10:30,516 [main] INFO WorkRoomWebApplication - ***  select the subContractor dropdown ***
2025-11-03 19:10:40,685 [main] INFO WorkRoomWebApplication - ***  click Sucontractor submit Button  ***
2025-11-03 19:10:50,885 [main] ERROR WorkRoomWebApplication - Unexpected error occurred while clicking the submit button: Expected condition failed: waiting for visibility of element located by By.xpath: //button[@id='SaveBtn'] (tried for 10 second(s) with 500 milliseconds interval)
Build info: version: '4.29.0', revision: '5fc1ec94cb'
System info: os.name: 'Linux', os.arch: 'amd64', os.version: '6.14.0-33-generic', java.version: '17.0.16'
Driver info: org.openqa.selenium.chrome.ChromeDriver
Capabilities {acceptInsecureCerts: false, browserName: chrome, browserVersion: 142.0.7444.59, chrome: {chromedriverVersion: 142.0.7444.59 (4b8153ab58d3..., userDataDir: /tmp/chrome-user-data-7d70e...}, fedcm:accounts: true, goog:chromeOptions: {debuggerAddress: localhost:45371}, goog:processID: 327862, networkConnectionEnabled: false, pageLoadStrategy: normal, platformName: linux, proxy: Proxy(), se:cdp: ws://localhost:45371/devtoo..., se:cdpVersion: 142.0.7444.59, setWindowRect: true, strictFileInteractability: false, timeouts: {implicit: 0, pageLoad: 300000, script: 30000}, unhandledPromptBehavior: dismiss and notify, webauthn:extension:credBlob: true, webauthn:extension:largeBlob: true, webauthn:extension:minPinLength: true, webauthn:extension:prf: true, webauthn:virtualAuthenticators: true}
Session ID: 6a8b3c8c8f96867987e149a43233fb81
org.openqa.selenium.TimeoutException: Expected condition failed: waiting for visibility of element located by By.xpath: //button[@id='SaveBtn'] (tried for 10 second(s) with 500 milliseconds interval)
Build info: version: '4.29.0', revision: '5fc1ec94cb'
System info: os.name: 'Linux', os.arch: 'amd64', os.version: '6.14.0-33-generic', java.version: '17.0.16'
Driver info: org.openqa.selenium.chrome.ChromeDriver
Capabilities {acceptInsecureCerts: false, browserName: chrome, browserVersion: 142.0.7444.59, chrome: {chromedriverVersion: 142.0.7444.59 (4b8153ab58d3..., userDataDir: /tmp/chrome-user-data-7d70e...}, fedcm:accounts: true, goog:chromeOptions: {debuggerAddress: localhost:45371}, goog:processID: 327862, networkConnectionEnabled: false, pageLoadStrategy: normal, platformName: linux, proxy: Proxy(), se:cdp: ws://localhost:45371/devtoo..., se:cdpVersion: 142.0.7444.59, setWindowRect: true, strictFileInteractability: false, timeouts: {implicit: 0, pageLoad: 300000, script: 30000}, unhandledPromptBehavior: dismiss and notify, webauthn:extension:credBlob: true, webauthn:extension:largeBlob: true, webauthn:extension:minPinLength: true, webauthn:extension:prf: true, webauthn:virtualAuthenticators: true}
Session ID: 6a8b3c8c8f96867987e149a43233fb81
	at org.openqa.selenium.support.ui.WebDriverWait.timeoutException(WebDriverWait.java:84)
	at org.openqa.selenium.support.ui.FluentWait.until(FluentWait.java:228)
	at utilities.WaitHelper.WaitForElement1(WaitHelper.java:32)
	at pageobjects.MaterialManagementSubContractorMasterDataPage.sharepointSubContractorSubmitBtn(MaterialManagementSubContractorMasterDataPage.java:228)
	at stepDefinations.materialManagementSubContractorsMasterDataSteps.click_sucontractor_submit_button_then_check_the_error_message_details(materialManagementSubContractorsMasterDataSteps.java:44)
	at java.base/jdk.internal.reflect.NativeMethodAccessorImpl.invoke0(Native Method)
	at java.base/jdk.internal.reflect.NativeMethodAccessorImpl.invoke(NativeMethodAccessorImpl.java:77)
	at java.base/jdk.internal.reflect.DelegatingMethodAccessorImpl.invoke(DelegatingMethodAccessorImpl.java:43)
	at java.base/java.lang.reflect.Method.invoke(Method.java:569)
	at io.cucumber.java.Invoker.doInvoke(Invoker.java:66)
	at io.cucumber.java.Invoker.invoke(Invoker.java:24)
	at io.cucumber.java.AbstractGlueDefinition.invokeMethod(AbstractGlueDefinition.java:47)
	at io.cucumber.java.JavaStepDefinition.execute(JavaStepDefinition.java:29)
	at io.cucumber.core.runner.CoreStepDefinition.execute(CoreStepDefinition.java:66)
	at io.cucumber.core.runner.PickleStepDefinitionMatch.runStep(PickleStepDefinitionMatch.java:62)
	at io.cucumber.core.runner.ExecutionMode$1.execute(ExecutionMode.java:10)
	at io.cucumber.core.runner.TestStep.executeStep(TestStep.java:81)
	at io.cucumber.core.runner.TestStep.run(TestStep.java:53)
	at io.cucumber.core.runner.PickleStepTestStep.run(PickleStepTestStep.java:51)
	at io.cucumber.core.runner.TestCase.run(TestCase.java:84)
	at io.cucumber.core.runner.Runner.runPickle(Runner.java:75)
	at io.cucumber.junit.PickleRunners$NoStepDescriptions.lambda$run$0(PickleRunners.java:151)
	at io.cucumber.core.runtime.CucumberExecutionContext.lambda$runTestCase$5(CucumberExecutionContext.java:136)
	at io.cucumber.core.runtime.RethrowingThrowableCollector.executeAndThrow(RethrowingThrowableCollector.java:23)
	at io.cucumber.core.runtime.CucumberExecutionContext.runTestCase(CucumberExecutionContext.java:136)
	at io.cucumber.junit.PickleRunners$NoStepDescriptions.run(PickleRunners.java:148)
	at io.cucumber.junit.FeatureRunner.runChild(FeatureRunner.java:144)
	at io.cucumber.junit.FeatureRunner.runChild(FeatureRunner.java:28)
	at org.junit.runners.ParentRunner$4.run(ParentRunner.java:331)
	at org.junit.runners.ParentRunner$1.schedule(ParentRunner.java:79)
	at org.junit.runners.ParentRunner.runChildren(ParentRunner.java:329)
	at org.junit.runners.ParentRunner.access$100(ParentRunner.java:66)
	at org.junit.runners.ParentRunner$2.evaluate(ParentRunner.java:293)
	at org.junit.runners.ParentRunner$3.evaluate(ParentRunner.java:306)
	at org.junit.runners.ParentRunner.run(ParentRunner.java:413)
	at io.cucumber.junit.FeatureRunner.run(FeatureRunner.java:137)
	at io.cucumber.junit.Cucumber.runChild(Cucumber.java:199)
	at io.cucumber.junit.Cucumber.runChild(Cucumber.java:89)
	at org.junit.runners.ParentRunner$4.run(ParentRunner.java:331)
	at org.junit.runners.ParentRunner$1.schedule(ParentRunner.java:79)
	at org.junit.runners.ParentRunner.runChildren(ParentRunner.java:329)
	at org.junit.runners.ParentRunner.access$100(ParentRunner.java:66)
	at org.junit.runners.ParentRunner$2.evaluate(ParentRunner.java:293)
	at io.cucumber.core.runtime.CucumberExecutionContext.lambda$runFeatures$6(CucumberExecutionContext.java:147)
	at io.cucumber.core.runtime.CucumberExecutionContext.execute(CucumberExecutionContext.java:162)
	at io.cucumber.core.runtime.CucumberExecutionContext.runFeatures(CucumberExecutionContext.java:145)
	at io.cucumber.junit.Cucumber$StartAndFinishTestRun.evaluate(Cucumber.java:229)
	at org.junit.runners.ParentRunner$3.evaluate(ParentRunner.java:306)
	at org.junit.runners.ParentRunner.run(ParentRunner.java:413)
	at org.apache.maven.surefire.junit4.JUnit4Provider.execute(JUnit4Provider.java:316)
	at org.apache.maven.surefire.junit4.JUnit4Provider.executeWithRerun(JUnit4Provider.java:240)
	at org.apache.maven.surefire.junit4.JUnit4Provider.executeTestSet(JUnit4Provider.java:214)
	at org.apache.maven.surefire.junit4.JUnit4Provider.invoke(JUnit4Provider.java:155)
	at org.apache.maven.surefire.booter.ForkedBooter.runSuitesInProcess(ForkedBooter.java:385)
	at org.apache.maven.surefire.booter.ForkedBooter.execute(ForkedBooter.java:162)
	at org.apache.maven.surefire.booter.ForkedBooter.run(ForkedBooter.java:507)
	at org.apache.maven.surefire.booter.ForkedBooter.main(ForkedBooter.java:495)
2025-11-03 19:10:51,229 [main] INFO WorkRoomWebApplication - ************* Launching CHROME Browser *****************
2025-11-03 19:10:52,385 [main] INFO WorkRoomWebApplication - ************* Browser Launched and Maximized *****************
2025-11-03 19:10:52,505 [main] INFO WorkRoomWebApplication - ************* Get The Application URL  *****************
2025-11-03 19:10:55,799 [main] INFO WorkRoomWebApplication - *** Enter The Share Point Email Id ***
2025-11-03 19:10:57,481 [main] INFO WorkRoomWebApplication - *** click the next button ***
2025-11-03 19:10:57,669 [main] INFO WorkRoomWebApplication - *** Enter The Password ***
2025-11-03 19:10:59,628 [main] INFO WorkRoomWebApplication - *** clicked on the sign in Button ***
2025-11-03 19:11:02,582 [main] INFO WorkRoomWebApplication - *** click the subContractor side menu ***
2025-11-13 14:52:53,913 [main] INFO WorkRoomWebApplication - ************* Launching CHROME Browser *****************
2025-11-13 14:52:55,163 [main] INFO WorkRoomWebApplication - ************* Browser Launched and Maximized *****************
2025-11-13 14:52:55,423 [main] INFO WorkRoomWebApplication - ************* Get The Application URL  *****************
2025-11-13 14:52:57,579 [main] INFO WorkRoomWebApplication - *** Enter The Share Point Email Id ***
2025-11-13 14:52:58,343 [main] INFO WorkRoomWebApplication - *** click the next button ***
2025-11-13 14:52:58,452 [main] INFO WorkRoomWebApplication - *** Enter The Password ***
2025-11-13 14:53:00,021 [main] INFO WorkRoomWebApplication - *** clicked on the sign in Button ***
2025-11-13 14:53:01,892 [main] INFO WorkRoomWebApplication - *** click the subContractor side menu ***
2025-11-13 14:53:34,398 [main] INFO WorkRoomWebApplication - ************* Launching CHROME Browser *****************
2025-11-13 14:53:35,678 [main] INFO WorkRoomWebApplication - ************* Browser Launched and Maximized *****************
2025-11-13 14:53:35,977 [main] INFO WorkRoomWebApplication - ************* Get The Application URL  *****************
2025-11-13 14:53:38,689 [main] INFO WorkRoomWebApplication - *** Enter The Share Point Email Id ***
2025-11-13 14:53:39,435 [main] INFO WorkRoomWebApplication - *** click the next button ***
2025-11-13 14:53:39,543 [main] INFO WorkRoomWebApplication - *** Enter The Password ***
2025-11-13 14:53:42,263 [main] INFO WorkRoomWebApplication - *** clicked on the sign in Button ***
2025-11-13 14:54:15,869 [main] INFO WorkRoomWebApplication - ************* Launching CHROME Browser *****************
2025-11-13 14:54:16,577 [main] INFO WorkRoomWebApplication - ************* Browser Launched and Maximized *****************
2025-11-13 14:54:16,655 [main] INFO WorkRoomWebApplication - ************* Get The Application URL  *****************
2025-11-13 14:54:21,020 [main] INFO WorkRoomWebApplication - *** Enter The Share Point Email Id ***
2025-11-13 14:54:22,425 [main] INFO WorkRoomWebApplication - *** click the next button ***
2025-11-13 14:54:22,672 [main] INFO WorkRoomWebApplication - *** Enter The Password ***
2025-11-13 14:54:25,122 [main] INFO WorkRoomWebApplication - *** clicked on the sign in Button ***
2025-11-13 15:01:51,335 [main] INFO WorkRoomWebApplication - ************* Launching CHROME Browser *****************
2025-11-13 15:01:52,475 [main] INFO WorkRoomWebApplication - ************* Browser Launched and Maximized *****************
2025-11-13 15:01:52,714 [main] INFO WorkRoomWebApplication - ************* Get The Application URL  *****************
2025-11-13 15:01:55,029 [main] INFO WorkRoomWebApplication - *** Enter The Share Point Email Id ***
2025-11-13 15:01:55,936 [main] INFO WorkRoomWebApplication - *** click the next button ***
2025-11-13 15:01:56,045 [main] INFO WorkRoomWebApplication - *** Enter The Password ***
2025-11-13 15:01:57,508 [main] INFO WorkRoomWebApplication - *** clicked on the sign in Button ***
2025-11-13 15:03:05,787 [main] INFO WorkRoomWebApplication - ************* Launching CHROME Browser *****************
2025-11-13 15:03:06,858 [main] INFO WorkRoomWebApplication - ************* Browser Launched and Maximized *****************
2025-11-13 15:03:07,074 [main] INFO WorkRoomWebApplication - ************* Get The Application URL  *****************
2025-11-13 15:03:53,152 [main] INFO WorkRoomWebApplication - *** Enter The Share Point Email Id ***
2025-11-13 15:04:16,189 [main] INFO WorkRoomWebApplication - ************* Launching CHROME Browser *****************
2025-11-13 15:04:17,244 [main] INFO WorkRoomWebApplication - ************* Browser Launched and Maximized *****************
2025-11-13 15:04:17,434 [main] INFO WorkRoomWebApplication - ************* Get The Application URL  *****************
2025-11-13 15:04:55,927 [main] INFO WorkRoomWebApplication - ************* Launching CHROME Browser *****************
2025-11-13 15:04:56,972 [main] INFO WorkRoomWebApplication - ************* Browser Launched and Maximized *****************
2025-11-13 15:04:57,133 [main] INFO WorkRoomWebApplication - ************* Get The Application URL  *****************
2025-11-13 15:05:48,864 [main] INFO WorkRoomWebApplication - ************* Launching CHROME Browser *****************
2025-11-13 15:05:49,929 [main] INFO WorkRoomWebApplication - ************* Browser Launched and Maximized *****************
2025-11-13 15:05:50,120 [main] INFO WorkRoomWebApplication - ************* Get The Application URL  *****************
2025-11-13 15:05:52,369 [main] INFO WorkRoomWebApplication - *** Enter The Share Point Email Id ***
2025-11-13 15:05:53,163 [main] INFO WorkRoomWebApplication - *** click the next button ***
2025-11-13 15:05:53,273 [main] INFO WorkRoomWebApplication - *** Enter The Password ***
2025-11-13 15:05:54,648 [main] INFO WorkRoomWebApplication - *** clicked on the sign in Button ***
2025-11-13 15:06:39,790 [main] INFO WorkRoomWebApplication - ************* Launching CHROME Browser *****************
2025-11-13 15:06:40,849 [main] INFO WorkRoomWebApplication - ************* Browser Launched and Maximized *****************
2025-11-13 15:06:41,074 [main] INFO WorkRoomWebApplication - ************* Get The Application URL  *****************
2025-11-13 15:06:43,203 [main] INFO WorkRoomWebApplication - *** Enter The Share Point Email Id ***
2025-11-13 15:06:43,952 [main] INFO WorkRoomWebApplication - *** click the next button ***
2025-11-13 15:06:44,071 [main] INFO WorkRoomWebApplication - *** Enter The Password ***
2025-11-13 15:06:45,715 [main] INFO WorkRoomWebApplication - *** clicked on the sign in Button ***
2025-11-13 15:07:00,033 [main] INFO WorkRoomWebApplication - *** clicked on the customer sub menu ***
2025-11-13 15:07:03,784 [main] INFO WorkRoomWebApplication - *** clicked on the '+' icon ***
2025-11-13 15:07:04,211 [main] INFO WorkRoomWebApplication - *** Selected the Customer ***
2025-11-13 15:07:07,191 [main] INFO WorkRoomWebApplication - *** Filing up the Customer All the Required field ***
2025-11-13 15:07:09,163 [main] INFO WorkRoomWebApplication - *** clicked the submit button ***
2025-11-13 15:07:09,258 [main] INFO WorkRoomWebApplication - *** clicked the Success ok Button ***
2025-11-13 15:07:10,476 [main] INFO WorkRoomWebApplication - ************* Launching CHROME Browser *****************
2025-11-13 15:07:11,397 [main] INFO WorkRoomWebApplication - ************* Browser Launched and Maximized *****************
2025-11-13 15:07:11,660 [main] INFO WorkRoomWebApplication - ************* Get The Application URL  *****************
2025-11-13 15:07:13,919 [main] INFO WorkRoomWebApplication - *** Enter The Share Point Email Id ***
2025-11-13 15:07:15,575 [main] INFO WorkRoomWebApplication - *** click the next button ***
2025-11-13 15:07:15,977 [main] INFO WorkRoomWebApplication - *** Enter The Password ***
2025-11-13 15:07:17,441 [main] INFO WorkRoomWebApplication - *** clicked on the sign in Button ***
2025-11-13 15:07:18,046 [main] INFO WorkRoomWebApplication - *** clicked on the customer sub menu ***
2025-11-13 15:07:33,440 [main] INFO WorkRoomWebApplication - *** clicked on the '+' icon ***
2025-11-13 15:07:53,769 [main] INFO WorkRoomWebApplication - *** Selected the Customer ***
2025-11-13 15:08:04,003 [main] INFO WorkRoomWebApplication - *** Clicking the Submit Button ***
2025-11-13 15:08:14,134 [main] INFO WorkRoomWebApplication - *** Checking For The Error Message ***
2025-11-13 15:08:24,376 [main] INFO WorkRoomWebApplication - ************* Launching CHROME Browser *****************
2025-11-13 15:08:24,969 [main] INFO WorkRoomWebApplication - ************* Browser Launched and Maximized *****************
2025-11-13 15:08:25,126 [main] INFO WorkRoomWebApplication - ************* Get The Application URL  *****************
2025-11-13 15:08:27,845 [main] INFO WorkRoomWebApplication - *** Enter The Share Point Email Id ***
2025-11-13 15:08:28,583 [main] INFO WorkRoomWebApplication - *** click the next button ***
2025-11-13 15:08:28,723 [main] INFO WorkRoomWebApplication - *** Enter The Password ***
2025-11-13 15:08:29,967 [main] INFO WorkRoomWebApplication - *** clicked on the sign in Button ***
2025-11-13 15:08:30,522 [main] INFO WorkRoomWebApplication - *** clicked on the customer sub menu ***
2025-11-13 15:08:42,815 [main] INFO WorkRoomWebApplication - *** Click On The Add Button '+' Icon ***
2025-11-13 15:08:42,926 [main] INFO WorkRoomWebApplication - *** Selecting The Customer Location Option ***
2025-11-13 15:08:45,634 [main] INFO WorkRoomWebApplication - *** Selecting The Customer Option  ***
2025-11-13 15:08:47,362 [main] INFO WorkRoomWebApplication - *** Select The SiteLocation if available ***
2025-11-13 15:08:48,654 [main] INFO WorkRoomWebApplication - *** Add The Loction  ***
2025-11-13 15:08:58,834 [main] INFO WorkRoomWebApplication - ***  Click The Submit Button ***
2025-11-13 15:08:59,995 [main] INFO WorkRoomWebApplication - *** Success Message For The Location Validation Done ***
2025-11-13 15:09:00,385 [main] INFO WorkRoomWebApplication - ************* Launching CHROME Browser *****************
2025-11-13 15:09:01,003 [main] INFO WorkRoomWebApplication - ************* Browser Launched and Maximized *****************
2025-11-13 15:09:01,063 [main] INFO WorkRoomWebApplication - ************* Get The Application URL  *****************
2025-11-13 15:09:03,480 [main] INFO WorkRoomWebApplication - *** Enter The Share Point Email Id ***
2025-11-13 15:09:04,752 [main] INFO WorkRoomWebApplication - *** click the next button ***
2025-11-13 15:09:04,840 [main] INFO WorkRoomWebApplication - *** Enter The Password ***
2025-11-13 15:09:06,084 [main] INFO WorkRoomWebApplication - *** clicked on the sign in Button ***
2025-11-13 15:09:10,500 [main] INFO WorkRoomWebApplication - *** clicked on the customer sub menu ***
2025-11-13 15:09:16,690 [main] INFO WorkRoomWebApplication - *** Get The List of Data of Customers  ***
2025-11-13 15:09:23,061 [main] INFO WorkRoomWebApplication - ************* Launching CHROME Browser *****************
2025-11-13 15:09:23,634 [main] INFO WorkRoomWebApplication - ************* Browser Launched and Maximized *****************
2025-11-13 15:09:23,778 [main] INFO WorkRoomWebApplication - ************* Get The Application URL  *****************
2025-11-13 15:09:26,268 [main] INFO WorkRoomWebApplication - *** Enter The Share Point Email Id ***
2025-11-13 15:09:26,999 [main] INFO WorkRoomWebApplication - *** click the next button ***
2025-11-13 15:09:27,106 [main] INFO WorkRoomWebApplication - *** Enter The Password ***
2025-11-13 15:09:28,601 [main] INFO WorkRoomWebApplication - *** clicked on the sign in Button ***
2025-11-13 15:09:29,180 [main] INFO WorkRoomWebApplication - *** clicked on the customer sub menu ***
2025-11-13 15:09:47,349 [main] INFO WorkRoomWebApplication - *** Check The View Of The Customer Data ***
2025-11-13 15:12:57,763 [main] INFO WorkRoomWebApplication - ************* Launching CHROME Browser *****************
2025-11-13 15:12:58,798 [main] INFO WorkRoomWebApplication - ************* Browser Launched and Maximized *****************
2025-11-13 15:12:58,930 [main] INFO WorkRoomWebApplication - ************* Get The Application URL  *****************
2025-11-13 15:13:00,661 [main] INFO WorkRoomWebApplication - *** Enter The Share Point Email Id ***
2025-11-13 15:13:01,947 [main] INFO WorkRoomWebApplication - *** click the next button ***
2025-11-13 15:13:02,055 [main] INFO WorkRoomWebApplication - *** Enter The Password ***
2025-11-13 15:13:03,463 [main] INFO WorkRoomWebApplication - *** clicked on the sign in Button ***
2025-11-13 15:13:04,061 [main] INFO WorkRoomWebApplication - *** clicked on the customer sub menu ***
2025-11-13 15:13:09,282 [main] INFO WorkRoomWebApplication - *** clicked on the '+' icon ***
2025-11-13 15:13:09,599 [main] INFO WorkRoomWebApplication - *** Selected the Customer ***
2025-11-13 15:13:11,505 [main] INFO WorkRoomWebApplication - *** Clicking the Submit Button ***
2025-11-13 15:13:11,928 [main] INFO WorkRoomWebApplication - *** Checking For The Error Message ***
2025-11-15 12:50:03,312 [main] INFO WorkRoomWebApplication - ************* Launching CHROME Browser *****************
2025-11-15 12:50:05,229 [main] INFO WorkRoomWebApplication - ************* Browser Launched and Maximized *****************
2025-11-15 12:50:05,357 [main] INFO WorkRoomWebApplication - ************* Get The Application URL  *****************
2025-11-15 12:50:18,414 [main] INFO WorkRoomWebApplication - *** Enter The Share Point Email Id ***
2025-11-15 12:50:19,526 [main] INFO WorkRoomWebApplication - *** click the next button ***
2025-11-15 12:50:19,786 [main] INFO WorkRoomWebApplication - *** Enter The Password ***
2025-11-15 12:50:21,515 [main] INFO WorkRoomWebApplication - *** clicked on the sign in Button ***
2025-11-15 12:50:22,356 [main] INFO WorkRoomWebApplication - *** clicked on the customer sub menu ***
2025-11-15 12:50:34,852 [main] INFO WorkRoomWebApplication - *** clicked on the '+' icon ***
2025-11-15 12:50:36,501 [main] INFO WorkRoomWebApplication - *** Selected the Customer ***
2025-11-15 12:50:40,173 [main] INFO WorkRoomWebApplication - *** Clicking the Submit Button ***
2025-11-15 12:50:40,452 [main] INFO WorkRoomWebApplication - *** Checking For The Error Message ***
2025-11-24 14:45:26,686 [main] INFO WorkRoomWebApplication - ************* Launching CHROME Browser *****************
2025-11-24 14:45:27,750 [main] INFO WorkRoomWebApplication - ************* Browser Launched and Maximized *****************
2025-11-24 14:45:27,873 [main] INFO WorkRoomWebApplication - ************* Get The Application URL  *****************
2025-11-24 14:45:41,422 [main] INFO WorkRoomWebApplication - *** Enter The Share Point Email Id ***
2025-11-24 14:45:42,307 [main] INFO WorkRoomWebApplication - *** click the next button ***
2025-11-24 14:45:42,413 [main] INFO WorkRoomWebApplication - *** Enter The Password ***
2025-11-24 14:45:43,688 [main] INFO WorkRoomWebApplication - *** clicked on the sign in Button ***
2025-11-24 14:45:44,054 [main] INFO WorkRoomWebApplication - *** clicked on the customer sub menu ***
2025-11-24 14:45:54,112 [main] INFO WorkRoomWebApplication - *** clicked on the '+' icon ***
2025-11-24 14:46:14,287 [main] INFO WorkRoomWebApplication - *** Selected the Customer ***
2025-11-24 14:46:33,660 [main] INFO WorkRoomWebApplication - ************* Launching CHROME Browser *****************
2025-11-24 14:46:34,668 [main] INFO WorkRoomWebApplication - ************* Browser Launched and Maximized *****************
2025-11-24 14:46:34,810 [main] INFO WorkRoomWebApplication - ************* Get The Application URL  *****************
2025-11-24 14:46:40,407 [main] INFO WorkRoomWebApplication - *** Enter The Share Point Email Id ***
2025-11-24 14:46:41,175 [main] INFO WorkRoomWebApplication - *** click the next button ***
2025-11-24 14:46:41,290 [main] INFO WorkRoomWebApplication - *** Enter The Password ***
2025-11-24 14:46:42,676 [main] INFO WorkRoomWebApplication - *** clicked on the sign in Button ***
2025-11-24 14:46:43,049 [main] INFO WorkRoomWebApplication - *** clicked on the customer sub menu ***
2025-11-24 14:46:53,248 [main] INFO WorkRoomWebApplication - *** clicked on the '+' icon ***
2025-11-24 14:47:13,432 [main] INFO WorkRoomWebApplication - *** Selected the Customer ***
2025-11-24 14:47:23,629 [main] INFO WorkRoomWebApplication - *** Clicking the Submit Button ***
2025-12-19 10:37:52,228 [main] INFO WorkRoomWebApplication - ************* Launching CHROME Browser *****************
2025-12-19 10:37:54,566 [main] INFO WorkRoomWebApplication - ************* Browser Launched and Maximized *****************
2025-12-19 10:37:54,744 [main] INFO WorkRoomWebApplication - ************* Get The Application URL  *****************
2025-12-19 10:38:04,162 [main] INFO WorkRoomWebApplication - *** Enter The Share Point Email Id ***
2025-12-19 10:38:05,783 [main] INFO WorkRoomWebApplication - *** click the next button ***
2025-12-19 10:38:05,950 [main] INFO WorkRoomWebApplication - *** Enter The Password ***
2025-12-19 10:38:07,771 [main] INFO WorkRoomWebApplication - *** clicked on the sign in Button ***
2025-12-19 10:38:08,494 [main] INFO WorkRoomWebApplication - *** clicked on the customer sub menu ***
2025-12-19 10:38:18,751 [main] INFO WorkRoomWebApplication - *** clicked on the '+' icon ***
2025-12-19 10:38:39,223 [main] INFO WorkRoomWebApplication - *** Selected the Customer ***
2025-12-19 10:38:49,591 [main] INFO WorkRoomWebApplication - *** Clicking the Submit Button ***
2025-12-19 10:38:59,705 [main] INFO WorkRoomWebApplication - *** Checking For The Error Message ***
2025-12-19 10:40:04,841 [main] INFO WorkRoomWebApplication - ************* Launching CHROME Browser *****************
2025-12-19 10:40:06,964 [main] INFO WorkRoomWebApplication - ************* Browser Launched and Maximized *****************
2025-12-19 10:40:07,036 [main] INFO WorkRoomWebApplication - ************* Get The Application URL  *****************
2025-12-19 10:40:10,548 [main] INFO WorkRoomWebApplication - *** Enter The Share Point Email Id ***
2025-12-19 10:40:12,357 [main] INFO WorkRoomWebApplication - *** click the next button ***
2025-12-19 10:40:12,517 [main] INFO WorkRoomWebApplication - *** Enter The Password ***
2025-12-19 10:40:14,156 [main] INFO WorkRoomWebApplication - *** clicked on the sign in Button ***
2025-12-19 10:40:14,767 [main] INFO WorkRoomWebApplication - *** clicked on the customer sub menu ***
2025-12-19 10:40:25,117 [main] INFO WorkRoomWebApplication - *** clicked on the '+' icon ***
2025-12-19 10:40:45,237 [main] INFO WorkRoomWebApplication - *** Selected the Customer ***
2025-12-19 10:40:55,558 [main] INFO WorkRoomWebApplication - *** Clicking the Submit Button ***
2025-12-19 10:41:05,765 [main] INFO WorkRoomWebApplication - *** Checking For The Error Message ***
2025-12-19 10:42:48,107 [main] INFO WorkRoomWebApplication - ************* Launching CHROME Browser *****************
2025-12-19 10:42:49,943 [main] INFO WorkRoomWebApplication - ************* Browser Launched and Maximized *****************
2025-12-19 10:42:50,052 [main] INFO WorkRoomWebApplication - ************* Get The Application URL  *****************
2025-12-19 10:42:53,972 [main] INFO WorkRoomWebApplication - *** Enter The Share Point Email Id ***
2025-12-19 10:42:55,402 [main] INFO WorkRoomWebApplication - *** click the next button ***
2025-12-19 10:42:55,697 [main] INFO WorkRoomWebApplication - *** Enter The Password ***
2025-12-19 10:42:57,980 [main] INFO WorkRoomWebApplication - *** clicked on the sign in Button ***
2025-12-19 10:42:59,503 [main] INFO WorkRoomWebApplication - *** clicked on the customer sub menu ***
2025-12-19 10:43:09,848 [main] INFO WorkRoomWebApplication - *** clicked on the '+' icon ***
2025-12-19 10:44:53,446 [main] INFO WorkRoomWebApplication - ************* Launching CHROME Browser *****************
2025-12-19 10:44:55,075 [main] INFO WorkRoomWebApplication - ************* Browser Launched and Maximized *****************
2025-12-19 10:44:55,291 [main] INFO WorkRoomWebApplication - ************* Get The Application URL  *****************
2025-12-19 10:45:00,019 [main] INFO WorkRoomWebApplication - *** Enter The Share Point Email Id ***
2025-12-19 10:45:01,484 [main] INFO WorkRoomWebApplication - *** click the next button ***
2025-12-19 10:45:01,741 [main] INFO WorkRoomWebApplication - *** Enter The Password ***
2025-12-19 10:45:03,560 [main] INFO WorkRoomWebApplication - *** clicked on the sign in Button ***
2025-12-19 10:45:19,294 [main] INFO WorkRoomWebApplication - ************* Launching CHROME Browser *****************
2025-12-19 10:45:20,140 [main] INFO WorkRoomWebApplication - ************* Browser Launched and Maximized *****************
2025-12-19 10:45:20,389 [main] INFO WorkRoomWebApplication - ************* Get The Application URL  *****************
2025-12-19 10:45:26,802 [main] INFO WorkRoomWebApplication - *** Enter The Share Point Email Id ***
2025-12-19 10:45:29,107 [main] INFO WorkRoomWebApplication - *** click the next button ***
2025-12-19 10:45:29,484 [main] INFO WorkRoomWebApplication - *** Enter The Password ***
2025-12-19 10:45:32,317 [main] INFO WorkRoomWebApplication - *** clicked on the sign in Button ***
2025-12-19 10:46:18,036 [main] INFO WorkRoomWebApplication - *** clicked on the customer sub menu ***
2025-12-19 10:46:20,330 [main] INFO WorkRoomWebApplication - *** clicked on the '+' icon ***
2025-12-19 10:46:20,663 [main] INFO WorkRoomWebApplication - *** Selected the Customer ***
2025-12-19 10:46:23,846 [main] INFO WorkRoomWebApplication - *** Filing up the Customer All the Required field ***
2025-12-19 10:46:30,132 [main] INFO WorkRoomWebApplication - *** clicked the submit button ***
2025-12-19 10:46:30,534 [main] INFO WorkRoomWebApplication - *** clicked the Success ok Button ***
2025-12-19 10:46:31,660 [main] INFO WorkRoomWebApplication - ************* Launching CHROME Browser *****************
2025-12-19 10:46:33,244 [main] INFO WorkRoomWebApplication - ************* Browser Launched and Maximized *****************
2025-12-19 10:46:33,747 [main] INFO WorkRoomWebApplication - ************* Get The Application URL  *****************
2025-12-19 10:46:42,282 [main] INFO WorkRoomWebApplication - *** Enter The Share Point Email Id ***
2025-12-19 10:46:44,056 [main] INFO WorkRoomWebApplication - *** click the next button ***
2025-12-19 10:46:44,316 [main] INFO WorkRoomWebApplication - *** Enter The Password ***
2025-12-19 10:46:46,862 [main] INFO WorkRoomWebApplication - *** clicked on the sign in Button ***
2025-12-19 10:46:50,394 [main] INFO WorkRoomWebApplication - *** clicked on the customer sub menu ***
2025-12-19 10:47:14,309 [main] INFO WorkRoomWebApplication - *** clicked on the '+' icon ***
2025-12-19 10:47:15,515 [main] INFO WorkRoomWebApplication - *** Selected the Customer ***
2025-12-19 10:47:18,728 [main] INFO WorkRoomWebApplication - *** Clicking the Submit Button ***
2025-12-19 10:47:19,102 [main] INFO WorkRoomWebApplication - *** Checking For The Error Message ***
2025-12-19 10:47:19,879 [main] INFO WorkRoomWebApplication - ************* Launching CHROME Browser *****************
2025-12-19 10:47:20,762 [main] INFO WorkRoomWebApplication - ************* Browser Launched and Maximized *****************
2025-12-19 10:47:20,987 [main] INFO WorkRoomWebApplication - ************* Get The Application URL  *****************
2025-12-19 10:47:26,599 [main] INFO WorkRoomWebApplication - *** Enter The Share Point Email Id ***
2025-12-19 10:47:28,232 [main] INFO WorkRoomWebApplication - *** click the next button ***
2025-12-19 10:47:28,503 [main] INFO WorkRoomWebApplication - *** Enter The Password ***
2025-12-19 10:47:30,191 [main] INFO WorkRoomWebApplication - *** clicked on the sign in Button ***
2025-12-19 10:47:49,204 [main] INFO WorkRoomWebApplication - *** clicked on the customer sub menu ***
2025-12-19 10:47:51,534 [main] INFO WorkRoomWebApplication - *** Click On The Add Button '+' Icon ***
2025-12-19 10:47:51,697 [main] INFO WorkRoomWebApplication - *** Selecting The Customer Location Option ***
2025-12-19 10:47:53,553 [main] INFO WorkRoomWebApplication - *** Selecting The Customer Option  ***
2025-12-19 10:47:55,336 [main] INFO WorkRoomWebApplication - *** Select The SiteLocation if available ***
2025-12-19 10:47:57,145 [main] INFO WorkRoomWebApplication - *** Add The Loction  ***
2025-12-19 10:47:57,795 [main] INFO WorkRoomWebApplication - ***  Click The Submit Button ***
2025-12-19 10:47:58,144 [main] INFO WorkRoomWebApplication - *** Success Message For The Location Validation Done ***
2025-12-19 10:47:58,703 [main] INFO WorkRoomWebApplication - ************* Launching CHROME Browser *****************
2025-12-19 10:47:59,656 [main] INFO WorkRoomWebApplication - ************* Browser Launched and Maximized *****************
2025-12-19 10:47:59,882 [main] INFO WorkRoomWebApplication - ************* Get The Application URL  *****************
2025-12-19 10:48:03,396 [main] INFO WorkRoomWebApplication - *** Enter The Share Point Email Id ***
2025-12-19 10:48:05,217 [main] INFO WorkRoomWebApplication - *** click the next button ***
2025-12-19 10:48:05,460 [main] INFO WorkRoomWebApplication - *** Enter The Password ***
2025-12-19 10:48:07,591 [main] INFO WorkRoomWebApplication - *** clicked on the sign in Button ***
2025-12-19 10:48:09,366 [main] INFO WorkRoomWebApplication - *** clicked on the customer sub menu ***
2025-12-19 10:48:19,634 [main] INFO WorkRoomWebApplication - *** Get The List of Data of Customers  ***
2025-12-19 10:48:38,226 [main] INFO WorkRoomWebApplication - ************* Launching CHROME Browser *****************
2025-12-19 10:48:39,284 [main] INFO WorkRoomWebApplication - ************* Browser Launched and Maximized *****************
2025-12-19 10:48:39,512 [main] INFO WorkRoomWebApplication - ************* Get The Application URL  *****************
2025-12-19 10:48:43,973 [main] INFO WorkRoomWebApplication - *** Enter The Share Point Email Id ***
2025-12-19 10:48:45,984 [main] INFO WorkRoomWebApplication - *** click the next button ***
2025-12-19 10:48:46,288 [main] INFO WorkRoomWebApplication - *** Enter The Password ***
2025-12-19 10:48:48,515 [main] INFO WorkRoomWebApplication - *** clicked on the sign in Button ***
2025-12-19 10:48:50,724 [main] INFO WorkRoomWebApplication - *** clicked on the customer sub menu ***
2025-12-19 10:49:00,564 [main] INFO WorkRoomWebApplication - *** Check The View Of The Customer Data ***
2025-12-19 15:57:18,156 [main] INFO WorkRoomWebApplication - ************* Launching CHROME Browser *****************
2025-12-19 15:57:23,603 [main] INFO WorkRoomWebApplication - ************* Browser Launched and Maximized *****************
2025-12-19 15:57:24,155 [main] INFO WorkRoomWebApplication - ************* Get The Application URL  *****************
2025-12-19 15:57:27,149 [main] INFO WorkRoomWebApplication - *** Enter The Share Point Email Id ***
2025-12-19 15:57:29,812 [main] INFO WorkRoomWebApplication - *** click the next button ***
2025-12-19 15:57:30,422 [main] INFO WorkRoomWebApplication - *** Enter The Password ***
2025-12-19 15:57:32,862 [main] INFO WorkRoomWebApplication - *** clicked on the sign in Button ***
2025-12-19 15:57:36,453 [main] INFO WorkRoomWebApplication - *** clicked on the customer sub menu ***
2025-12-19 15:57:51,177 [main] INFO WorkRoomWebApplication - *** clicked on the '+' icon ***
2025-12-19 15:57:52,747 [main] INFO WorkRoomWebApplication - *** Selected the Customer ***
2025-12-19 15:57:55,985 [main] INFO WorkRoomWebApplication - *** Clicking the Submit Button ***
2025-12-19 15:57:56,601 [main] INFO WorkRoomWebApplication - *** Checking For The Error Message ***
2025-12-19 15:59:15,535 [main] INFO WorkRoomWebApplication - ************* Launching CHROME Browser *****************
2025-12-19 15:59:20,738 [main] INFO WorkRoomWebApplication - ************* Browser Launched and Maximized *****************
2025-12-19 15:59:21,534 [main] INFO WorkRoomWebApplication - ************* Get The Application URL  *****************
2025-12-19 15:59:24,556 [main] INFO WorkRoomWebApplication - *** Enter The Share Point Email Id ***
2025-12-19 15:59:27,195 [main] INFO WorkRoomWebApplication - *** click the next button ***
2025-12-19 15:59:27,744 [main] INFO WorkRoomWebApplication - *** Enter The Password ***
2025-12-19 15:59:30,255 [main] INFO WorkRoomWebApplication - *** clicked on the sign in Button ***
2025-12-19 15:59:33,587 [main] INFO WorkRoomWebApplication - *** clicked on the customer sub menu ***
2025-12-19 15:59:50,428 [main] INFO WorkRoomWebApplication - *** clicked on the '+' icon ***
2025-12-19 15:59:51,130 [main] INFO WorkRoomWebApplication - *** Selected the Customer ***
2025-12-19 15:59:55,908 [main] INFO WorkRoomWebApplication - *** Clicking the Submit Button ***
2025-12-19 15:59:56,575 [main] INFO WorkRoomWebApplication - *** Checking For The Error Message ***
2026-01-08 10:41:13,124 [main] INFO WorkRoomWebApplication - ************* Launching CHROME Browser *****************
2026-01-08 10:41:15,109 [main] INFO WorkRoomWebApplication - ************* Browser Launched and Maximized *****************
2026-01-08 10:41:15,362 [main] INFO WorkRoomWebApplication - ************* Get The Application URL  *****************
2026-01-08 10:41:16,536 [main] INFO WorkRoomWebApplication - *** Enter The Share Point Email Id ***
2026-01-08 10:41:17,909 [main] INFO WorkRoomWebApplication - *** click the next button ***
2026-01-08 10:41:18,233 [main] INFO WorkRoomWebApplication - *** Enter The Password ***
2026-01-08 10:41:20,062 [main] INFO WorkRoomWebApplication - *** clicked on the sign in Button ***
2026-01-08 10:41:21,899 [main] INFO WorkRoomWebApplication - ************* Quitting Browser *****************
2026-01-08 10:41:22,143 [main] INFO WorkRoomWebApplication - ************* Browser Closed Successfully *****************
2026-01-08 10:42:37,095 [main] INFO WorkRoomWebApplication - ************* Launching CHROME Browser *****************
2026-01-08 10:42:38,944 [main] INFO WorkRoomWebApplication - ************* Browser Launched and Maximized *****************
2026-01-08 10:42:39,192 [main] INFO WorkRoomWebApplication - ************* Get The Application URL  *****************
2026-01-08 10:42:40,589 [main] INFO WorkRoomWebApplication - *** Enter The Share Point Email Id ***
2026-01-08 10:42:41,991 [main] INFO WorkRoomWebApplication - *** click the next button ***
2026-01-08 10:42:42,311 [main] INFO WorkRoomWebApplication - *** Enter The Password ***
2026-01-08 10:42:43,944 [main] INFO WorkRoomWebApplication - *** clicked on the sign in Button ***
2026-01-08 10:42:45,655 [main] INFO WorkRoomWebApplication - ************* Quitting Browser *****************
2026-01-08 10:42:45,982 [main] INFO WorkRoomWebApplication - ************* Browser Closed Successfully *****************
2026-01-08 10:45:41,676 [main] INFO WorkRoomWebApplication - ************* Launching CHROME Browser *****************
2026-01-08 10:45:43,487 [main] INFO WorkRoomWebApplication - ************* Browser Launched and Maximized *****************
2026-01-08 10:45:43,973 [main] INFO WorkRoomWebApplication - ************* Get The Application URL  *****************
2026-01-08 10:45:45,336 [main] INFO WorkRoomWebApplication - *** Enter The Share Point Email Id ***
2026-01-08 10:45:46,782 [main] INFO WorkRoomWebApplication - *** click the next button ***
2026-01-08 10:45:47,156 [main] INFO WorkRoomWebApplication - *** Enter The Password ***
2026-01-08 10:45:48,451 [main] INFO WorkRoomWebApplication - *** clicked on the sign in Button ***
2026-01-08 11:34:37,972 [main] INFO WorkRoomWebApplication - ************* Launching CHROME Browser *****************
2026-01-08 11:34:39,706 [main] INFO WorkRoomWebApplication - ************* Browser Launched and Maximized *****************
2026-01-08 11:34:39,952 [main] INFO WorkRoomWebApplication - ************* Get The Application URL  *****************
2026-01-08 11:34:41,155 [main] INFO WorkRoomWebApplication - *** Enter The Share Point Email Id ***
2026-01-08 11:34:42,428 [main] INFO WorkRoomWebApplication - *** click the next button ***
2026-01-08 11:34:42,841 [main] INFO WorkRoomWebApplication - *** Enter The Password ***
2026-01-08 11:34:44,798 [main] INFO WorkRoomWebApplication - *** clicked on the sign in Button ***
2026-01-08 11:34:46,662 [main] INFO WorkRoomWebApplication - *** click the Reconcillation and reports main Menu***
2026-01-08 11:35:00,008 [main] INFO WorkRoomWebApplication - *** click the Subs Unit price Sub Menu**
2026-01-08 11:35:02,353 [main] INFO WorkRoomWebApplication - *** click the Add button of subcontractor unit price**
2026-01-08 11:35:02,723 [main] INFO WorkRoomWebApplication - *** Entering the itemcode**
2026-01-08 11:45:24,977 [main] INFO WorkRoomWebApplication - ************* Launching CHROME Browser *****************
2026-01-08 11:45:25,964 [main] INFO WorkRoomWebApplication - ************* Browser Launched and Maximized *****************
2026-01-08 11:45:26,237 [main] INFO WorkRoomWebApplication - ************* Get The Application URL  *****************
2026-01-08 11:45:27,722 [main] INFO WorkRoomWebApplication - *** Enter The Share Point Email Id ***
2026-01-08 11:45:28,849 [main] INFO WorkRoomWebApplication - *** click the next button ***
2026-01-08 11:45:28,969 [main] INFO WorkRoomWebApplication - *** Enter The Password ***
2026-01-08 11:45:30,417 [main] INFO WorkRoomWebApplication - *** clicked on the sign in Button ***
2026-01-08 11:45:31,861 [main] INFO WorkRoomWebApplication - *** click the Reconcillation and reports main Menu***
2026-01-08 11:45:40,423 [main] INFO WorkRoomWebApplication - *** click the Subs Unit price Sub Menu**
2026-01-08 11:45:42,621 [main] INFO WorkRoomWebApplication - *** click the Add button of subcontractor unit price**
2026-01-08 11:45:42,828 [main] INFO WorkRoomWebApplication - *** Entering the itemcode**
2026-01-08 11:57:49,245 [main] INFO WorkRoomWebApplication - ************* Launching CHROME Browser *****************
2026-01-08 11:58:18,540 [main] INFO WorkRoomWebApplication - ************* Launching CHROME Browser *****************
2026-01-08 11:58:19,567 [main] INFO WorkRoomWebApplication - ************* Browser Launched and Maximized *****************
2026-01-08 11:58:19,800 [main] INFO WorkRoomWebApplication - ************* Get The Application URL  *****************
2026-01-08 11:58:20,895 [main] INFO WorkRoomWebApplication - *** Enter The Share Point Email Id ***
2026-01-08 11:58:21,826 [main] INFO WorkRoomWebApplication - *** click the next button ***
2026-01-08 11:58:21,958 [main] INFO WorkRoomWebApplication - *** Enter The Password ***
2026-01-08 11:58:23,492 [main] INFO WorkRoomWebApplication - *** clicked on the sign in Button ***
2026-01-08 11:58:25,088 [main] INFO WorkRoomWebApplication - *** click the Reconcillation and reports main Menu***
2026-01-08 11:58:27,497 [main] INFO WorkRoomWebApplication - *** click the Subs Unit price Sub Menu**
2026-01-08 11:58:29,451 [main] INFO WorkRoomWebApplication - *** click the Add button of subcontractor unit price**
2026-01-08 11:58:29,557 [main] INFO WorkRoomWebApplication - *** Entering the itemcode**
2026-01-08 12:01:18,252 [main] INFO WorkRoomWebApplication - ************* Launching CHROME Browser *****************
2026-01-08 12:01:19,263 [main] INFO WorkRoomWebApplication - ************* Browser Launched and Maximized *****************
2026-01-08 12:01:19,476 [main] INFO WorkRoomWebApplication - ************* Get The Application URL  *****************
2026-01-08 12:01:20,529 [main] INFO WorkRoomWebApplication - *** Enter The Share Point Email Id ***
2026-01-08 12:01:21,377 [main] INFO WorkRoomWebApplication - *** click the next button ***
2026-01-08 12:01:21,500 [main] INFO WorkRoomWebApplication - *** Enter The Password ***
2026-01-08 12:01:22,836 [main] INFO WorkRoomWebApplication - *** clicked on the sign in Button ***
2026-01-08 12:01:24,513 [main] INFO WorkRoomWebApplication - *** click the Reconcillation and reports main Menu***
2026-01-08 12:01:27,380 [main] INFO WorkRoomWebApplication - *** click the Subs Unit price Sub Menu**
2026-01-08 12:01:29,441 [main] INFO WorkRoomWebApplication - *** click the Add button of subcontractor unit price**
2026-01-08 12:01:29,588 [main] INFO WorkRoomWebApplication - *** Entering the itemcode**
2026-01-08 12:11:48,255 [main] INFO WorkRoomWebApplication - ************* Launching CHROME Browser *****************
2026-01-08 12:11:49,263 [main] INFO WorkRoomWebApplication - ************* Browser Launched and Maximized *****************
2026-01-08 12:11:49,465 [main] INFO WorkRoomWebApplication - ************* Get The Application URL  *****************
2026-01-08 12:11:51,129 [main] INFO WorkRoomWebApplication - *** Enter The Share Point Email Id ***
2026-01-08 12:11:52,034 [main] INFO WorkRoomWebApplication - *** click the next button ***
2026-01-08 12:11:52,172 [main] INFO WorkRoomWebApplication - *** Enter The Password ***
2026-01-08 12:11:53,521 [main] INFO WorkRoomWebApplication - *** clicked on the sign in Button ***
2026-01-08 12:11:54,892 [main] INFO WorkRoomWebApplication - *** click the Reconcillation and reports main Menu***
2026-01-08 12:12:03,094 [main] INFO WorkRoomWebApplication - *** click the Subs Unit price Sub Menu**
2026-01-08 12:12:04,976 [main] INFO WorkRoomWebApplication - *** click the Add button of subcontractor unit price**
2026-01-08 12:12:05,087 [main] INFO WorkRoomWebApplication - *** Entering the itemcode**
2026-01-08 12:15:47,252 [main] INFO WorkRoomWebApplication - ************* Launching CHROME Browser *****************
2026-01-08 12:15:48,251 [main] INFO WorkRoomWebApplication - ************* Browser Launched and Maximized *****************
2026-01-08 12:15:48,487 [main] INFO WorkRoomWebApplication - ************* Get The Application URL  *****************
2026-01-08 12:15:49,590 [main] INFO WorkRoomWebApplication - *** Enter The Share Point Email Id ***
2026-01-08 12:15:50,514 [main] INFO WorkRoomWebApplication - *** click the next button ***
2026-01-08 12:15:50,643 [main] INFO WorkRoomWebApplication - *** Enter The Password ***
2026-01-08 12:15:52,629 [main] INFO WorkRoomWebApplication - *** clicked on the sign in Button ***
2026-01-08 12:15:53,918 [main] INFO WorkRoomWebApplication - *** click the Reconcillation and reports main Menu***
2026-01-08 12:15:57,293 [main] INFO WorkRoomWebApplication - *** click the Subs Unit price Sub Menu**
2026-01-08 12:15:58,928 [main] INFO WorkRoomWebApplication - *** click the Add button of subcontractor unit price**
2026-01-08 12:15:59,035 [main] INFO WorkRoomWebApplication - *** Entering the itemcode**
2026-01-08 12:22:30,964 [main] INFO WorkRoomWebApplication - ************* Launching CHROME Browser *****************
2026-01-08 12:22:32,076 [main] INFO WorkRoomWebApplication - ************* Browser Launched and Maximized *****************
2026-01-08 12:22:32,261 [main] INFO WorkRoomWebApplication - ************* Get The Application URL  *****************
2026-01-08 12:22:33,474 [main] INFO WorkRoomWebApplication - *** Enter The Share Point Email Id ***
2026-01-08 12:22:34,327 [main] INFO WorkRoomWebApplication - *** click the next button ***
2026-01-08 12:22:34,502 [main] INFO WorkRoomWebApplication - *** Enter The Password ***
2026-01-08 12:22:35,834 [main] INFO WorkRoomWebApplication - *** clicked on the sign in Button ***
2026-01-08 12:22:37,214 [main] INFO WorkRoomWebApplication - *** click the Reconcillation and reports main Menu***
2026-01-08 12:22:40,082 [main] INFO WorkRoomWebApplication - *** click the Subs Unit price Sub Menu**
2026-01-08 12:22:42,080 [main] INFO WorkRoomWebApplication - *** click the Add button of subcontractor unit price**
2026-01-08 12:22:42,231 [main] INFO WorkRoomWebApplication - *** Entering the itemcode**
2026-01-08 12:28:32,273 [main] INFO WorkRoomWebApplication - ************* Launching CHROME Browser *****************
2026-01-08 12:28:33,192 [main] INFO WorkRoomWebApplication - ************* Browser Launched and Maximized *****************
2026-01-08 12:28:33,377 [main] INFO WorkRoomWebApplication - ************* Get The Application URL  *****************
2026-01-08 12:28:34,422 [main] INFO WorkRoomWebApplication - *** Enter The Share Point Email Id ***
2026-01-08 12:28:35,291 [main] INFO WorkRoomWebApplication - *** click the next button ***
2026-01-08 12:28:35,412 [main] INFO WorkRoomWebApplication - *** Enter The Password ***
2026-01-08 12:28:36,757 [main] INFO WorkRoomWebApplication - *** clicked on the sign in Button ***
2026-01-08 12:28:38,079 [main] INFO WorkRoomWebApplication - *** click the Reconcillation and reports main Menu***
2026-01-08 12:28:50,303 [main] INFO WorkRoomWebApplication - *** click the Subs Unit price Sub Menu**
2026-01-08 12:28:52,512 [main] INFO WorkRoomWebApplication - *** click the Add button of subcontractor unit price**
2026-01-08 12:28:52,698 [main] INFO WorkRoomWebApplication - *** Entering the itemcode**
2026-01-08 12:32:18,625 [main] INFO WorkRoomWebApplication - ************* Launching CHROME Browser *****************
2026-01-08 12:32:19,675 [main] INFO WorkRoomWebApplication - ************* Browser Launched and Maximized *****************
2026-01-08 12:32:19,869 [main] INFO WorkRoomWebApplication - ************* Get The Application URL  *****************
2026-01-08 12:32:21,013 [main] INFO WorkRoomWebApplication - *** Enter The Share Point Email Id ***
2026-01-08 12:32:21,945 [main] INFO WorkRoomWebApplication - *** click the next button ***
2026-01-08 12:32:22,052 [main] INFO WorkRoomWebApplication - *** Enter The Password ***
2026-01-08 12:32:23,268 [main] INFO WorkRoomWebApplication - *** clicked on the sign in Button ***
2026-01-08 12:32:24,435 [main] INFO WorkRoomWebApplication - *** click the Reconcillation and reports main Menu***
2026-01-08 12:32:26,864 [main] INFO WorkRoomWebApplication - *** click the Subs Unit price Sub Menu**
2026-01-08 12:32:28,635 [main] INFO WorkRoomWebApplication - *** click the Add button of subcontractor unit price**
2026-01-08 12:32:28,788 [main] INFO WorkRoomWebApplication - *** Entering the itemcode**
2026-01-08 12:32:59,104 [main] INFO WorkRoomWebApplication - ************* Launching CHROME Browser *****************
2026-01-08 12:33:00,226 [main] INFO WorkRoomWebApplication - ************* Browser Launched and Maximized *****************
2026-01-08 12:33:00,456 [main] INFO WorkRoomWebApplication - ************* Get The Application URL  *****************
2026-01-08 12:33:01,652 [main] INFO WorkRoomWebApplication - *** Enter The Share Point Email Id ***
2026-01-08 12:33:02,519 [main] INFO WorkRoomWebApplication - *** click the next button ***
2026-01-08 12:33:02,653 [main] INFO WorkRoomWebApplication - *** Enter The Password ***
2026-01-08 12:33:04,332 [main] INFO WorkRoomWebApplication - *** clicked on the sign in Button ***
2026-01-08 12:33:05,874 [main] INFO WorkRoomWebApplication - *** click the Reconcillation and reports main Menu***
2026-01-08 12:33:08,563 [main] INFO WorkRoomWebApplication - *** click the Subs Unit price Sub Menu**
2026-01-08 12:33:10,353 [main] INFO WorkRoomWebApplication - *** click the Add button of subcontractor unit price**
2026-01-08 12:33:10,503 [main] INFO WorkRoomWebApplication - *** Entering the itemcode**
2026-01-08 12:33:44,473 [main] INFO WorkRoomWebApplication - ************* Launching CHROME Browser *****************
2026-01-08 12:33:45,469 [main] INFO WorkRoomWebApplication - ************* Browser Launched and Maximized *****************
2026-01-08 12:33:45,690 [main] INFO WorkRoomWebApplication - ************* Get The Application URL  *****************
2026-01-08 12:33:46,894 [main] INFO WorkRoomWebApplication - *** Enter The Share Point Email Id ***
2026-01-08 12:33:47,767 [main] INFO WorkRoomWebApplication - *** click the next button ***
2026-01-08 12:33:47,906 [main] INFO WorkRoomWebApplication - *** Enter The Password ***
2026-01-08 12:33:49,296 [main] INFO WorkRoomWebApplication - *** clicked on the sign in Button ***
2026-01-08 12:33:51,003 [main] INFO WorkRoomWebApplication - *** click the Reconcillation and reports main Menu***
2026-01-08 12:33:53,590 [main] INFO WorkRoomWebApplication - *** click the Subs Unit price Sub Menu**
2026-01-08 12:34:04,317 [main] INFO WorkRoomWebApplication - *** click the Add button of subcontractor unit price**
2026-01-08 12:34:04,519 [main] INFO WorkRoomWebApplication - *** Entering the itemcode**
2026-01-08 12:39:38,193 [main] INFO WorkRoomWebApplication - ************* Launching CHROME Browser *****************
2026-01-08 12:39:39,197 [main] INFO WorkRoomWebApplication - ************* Browser Launched and Maximized *****************
2026-01-08 12:39:39,404 [main] INFO WorkRoomWebApplication - ************* Get The Application URL  *****************
2026-01-08 12:39:40,272 [main] INFO WorkRoomWebApplication - *** Enter The Share Point Email Id ***
2026-01-08 12:39:41,194 [main] INFO WorkRoomWebApplication - *** click the next button ***
2026-01-08 12:39:41,319 [main] INFO WorkRoomWebApplication - *** Enter The Password ***
2026-01-08 12:39:42,655 [main] INFO WorkRoomWebApplication - *** clicked on the sign in Button ***
2026-01-08 12:39:44,218 [main] INFO WorkRoomWebApplication - *** click the Reconcillation and reports main Menu***
2026-01-08 12:39:46,584 [main] INFO WorkRoomWebApplication - *** click the Subs Unit price Sub Menu**
2026-01-08 12:39:48,751 [main] INFO WorkRoomWebApplication - *** click the Add button of subcontractor unit price**
2026-01-08 12:39:48,898 [main] INFO WorkRoomWebApplication - *** Entering the itemcode**
2026-01-08 12:47:22,258 [main] INFO WorkRoomWebApplication - ************* Launching CHROME Browser *****************
2026-01-08 12:47:23,360 [main] INFO WorkRoomWebApplication - ************* Browser Launched and Maximized *****************
2026-01-08 12:47:23,491 [main] INFO WorkRoomWebApplication - ************* Get The Application URL  *****************
2026-01-08 12:47:26,297 [main] INFO WorkRoomWebApplication - *** Enter The Share Point Email Id ***
2026-01-08 12:47:27,336 [main] INFO WorkRoomWebApplication - *** click the next button ***
2026-01-08 12:47:27,473 [main] INFO WorkRoomWebApplication - *** Enter The Password ***
2026-01-08 12:47:29,884 [main] INFO WorkRoomWebApplication - *** clicked on the sign in Button ***
2026-01-08 12:47:31,141 [main] INFO WorkRoomWebApplication - *** click the Reconcillation and reports main Menu***
2026-01-08 12:47:34,780 [main] INFO WorkRoomWebApplication - *** click the Subs Unit price Sub Menu**
2026-01-08 12:47:36,910 [main] INFO WorkRoomWebApplication - *** click the Add button of subcontractor unit price**
2026-01-08 12:47:37,057 [main] INFO WorkRoomWebApplication - *** Entering the itemcode**
2026-01-08 12:47:37,806 [main] INFO WorkRoomWebApplication - *** Entering the materialName**
2026-01-08 12:47:38,121 [main] INFO WorkRoomWebApplication - *** Entering the UOM**
2026-01-08 12:47:38,316 [main] INFO WorkRoomWebApplication - *** Click The DropDown**
2026-01-08 12:47:38,531 [main] INFO WorkRoomWebApplication - *** List of Subcontractorse**
2026-01-08 12:47:39,284 [main] INFO WorkRoomWebApplication - *** Random sub contractor selecting**
2026-01-08 12:47:40,482 [main] INFO WorkRoomWebApplication - *** Entering the UnitPrice**
2026-01-08 12:47:40,751 [main] INFO WorkRoomWebApplication - *** Selecting The Date **
2026-01-08 12:47:40,994 [main] INFO WorkRoomWebApplication - *** Clicked The saveButton**
2026-01-08 12:47:41,117 [main] INFO WorkRoomWebApplication - *** Clicked Okay Button**
2026-01-08 13:00:00,558 [main] INFO WorkRoomWebApplication - ************* Launching CHROME Browser *****************
2026-01-08 13:00:01,512 [main] INFO WorkRoomWebApplication - ************* Browser Launched and Maximized *****************
2026-01-08 13:00:01,750 [main] INFO WorkRoomWebApplication - ************* Get The Application URL  *****************
2026-01-08 13:00:03,045 [main] INFO WorkRoomWebApplication - *** Enter The Share Point Email Id ***
2026-01-08 13:00:03,812 [main] INFO WorkRoomWebApplication - *** click the next button ***
2026-01-08 13:00:03,927 [main] INFO WorkRoomWebApplication - *** Enter The Password ***
2026-01-08 13:00:05,742 [main] INFO WorkRoomWebApplication - *** clicked on the sign in Button ***
2026-01-08 13:00:06,890 [main] INFO WorkRoomWebApplication - *** click the Reconcillation and reports main Menu***
2026-01-08 13:00:10,001 [main] INFO WorkRoomWebApplication - *** click the Subs Unit price Sub Menu**
2026-01-08 13:00:12,006 [main] INFO WorkRoomWebApplication - *** click the Add button of subcontractor unit price**
2026-01-08 13:00:12,109 [main] INFO WorkRoomWebApplication - *** Entering the itemcode**
2026-01-08 13:00:12,914 [main] INFO WorkRoomWebApplication - *** Entering the materialName**
2026-01-08 13:00:13,240 [main] INFO WorkRoomWebApplication - *** Entering the UOM**
2026-01-08 13:00:13,390 [main] INFO WorkRoomWebApplication - *** Click The DropDown**
2026-01-08 13:00:13,491 [main] INFO WorkRoomWebApplication - *** List of Subcontractorse**
2026-01-08 13:00:13,873 [main] INFO WorkRoomWebApplication - *** Random sub contractor selecting**
2026-01-08 13:00:15,071 [main] INFO WorkRoomWebApplication - *** Entering the UnitPrice**
2026-01-08 13:00:15,251 [main] INFO WorkRoomWebApplication - *** Selecting The Date **
2026-01-08 13:00:15,418 [main] INFO WorkRoomWebApplication - *** Clicked The saveButton**
2026-01-08 13:00:15,508 [main] INFO WorkRoomWebApplication - *** Clicked Okay Button**
2026-01-08 13:00:16,222 [main] INFO WorkRoomWebApplication - ************* Launching CHROME Browser *****************
2026-01-08 13:00:17,047 [main] INFO WorkRoomWebApplication - ************* Browser Launched and Maximized *****************
2026-01-08 13:00:17,407 [main] INFO WorkRoomWebApplication - ************* Get The Application URL  *****************
2026-01-08 13:00:18,658 [main] INFO WorkRoomWebApplication - *** Enter The Share Point Email Id ***
2026-01-08 13:00:19,725 [main] INFO WorkRoomWebApplication - *** click the next button ***
2026-01-08 13:00:19,858 [main] INFO WorkRoomWebApplication - *** Enter The Password ***
2026-01-08 13:00:21,044 [main] INFO WorkRoomWebApplication - *** clicked on the sign in Button ***
2026-01-08 13:00:22,802 [main] INFO WorkRoomWebApplication - *** click the Reconcillation and reports main Menu***
2026-01-08 13:00:28,295 [main] INFO WorkRoomWebApplication - *** click the Subs Unit price Sub Menu**
2026-01-08 13:00:30,118 [main] INFO WorkRoomWebApplication - *** click the Add button of subcontractor unit price**
2026-01-08 13:00:30,233 [main] INFO WorkRoomWebApplication - *** Clicks The Okay Button **
2026-01-08 13:00:40,284 [main] INFO WorkRoomWebApplication - *** Find The Count of Error Message **
2026-01-08 13:01:49,610 [main] INFO WorkRoomWebApplication - ************* Launching CHROME Browser *****************
2026-01-08 13:01:50,630 [main] INFO WorkRoomWebApplication - ************* Browser Launched and Maximized *****************
2026-01-08 13:01:50,842 [main] INFO WorkRoomWebApplication - ************* Get The Application URL  *****************
2026-01-08 13:01:51,996 [main] INFO WorkRoomWebApplication - *** Enter The Share Point Email Id ***
2026-01-08 13:01:52,893 [main] INFO WorkRoomWebApplication - *** click the next button ***
2026-01-08 13:01:52,993 [main] INFO WorkRoomWebApplication - *** Enter The Password ***
2026-01-08 13:01:54,315 [main] INFO WorkRoomWebApplication - *** clicked on the sign in Button ***
2026-01-08 13:01:55,423 [main] INFO WorkRoomWebApplication - *** click the Reconcillation and reports main Menu***
2026-01-08 13:02:09,289 [main] INFO WorkRoomWebApplication - *** click the Subs Unit price Sub Menu**
2026-01-08 13:02:11,442 [main] INFO WorkRoomWebApplication - *** click the Add button of subcontractor unit price**
2026-01-08 13:02:11,853 [main] INFO WorkRoomWebApplication - *** Entering the itemcode**
2026-01-08 13:02:13,072 [main] INFO WorkRoomWebApplication - *** Entering the materialName**
2026-01-08 13:02:13,279 [main] INFO WorkRoomWebApplication - *** Entering the UOM**
2026-01-08 13:02:13,455 [main] INFO WorkRoomWebApplication - *** Click The DropDown**
2026-01-08 13:02:13,565 [main] INFO WorkRoomWebApplication - *** List of Subcontractorse**
2026-01-08 13:02:13,962 [main] INFO WorkRoomWebApplication - *** Random sub contractor selecting**
2026-01-08 13:02:15,115 [main] INFO WorkRoomWebApplication - *** Entering the UnitPrice**
2026-01-08 13:02:15,294 [main] INFO WorkRoomWebApplication - *** Selecting The Date **
2026-01-08 13:02:15,506 [main] INFO WorkRoomWebApplication - *** Clicked The saveButton**
2026-01-08 13:02:15,626 [main] INFO WorkRoomWebApplication - *** Clicked Okay Button**
2026-01-08 13:02:16,379 [main] INFO WorkRoomWebApplication - ************* Launching CHROME Browser *****************
2026-01-08 13:02:17,328 [main] INFO WorkRoomWebApplication - ************* Browser Launched and Maximized *****************
2026-01-08 13:02:17,466 [main] INFO WorkRoomWebApplication - ************* Get The Application URL  *****************
2026-01-08 13:02:18,475 [main] INFO WorkRoomWebApplication - *** Enter The Share Point Email Id ***
2026-01-08 13:02:19,391 [main] INFO WorkRoomWebApplication - *** click the next button ***
2026-01-08 13:02:19,507 [main] INFO WorkRoomWebApplication - *** Enter The Password ***
2026-01-08 13:02:20,934 [main] INFO WorkRoomWebApplication - *** clicked on the sign in Button ***
2026-01-08 13:02:23,125 [main] INFO WorkRoomWebApplication - *** click the Reconcillation and reports main Menu***
2026-01-08 13:02:41,773 [main] INFO WorkRoomWebApplication - *** click the Subs Unit price Sub Menu**
2026-01-08 13:02:43,764 [main] INFO WorkRoomWebApplication - *** click the Add button of subcontractor unit price**
2026-01-08 13:02:43,919 [main] INFO WorkRoomWebApplication - *** Clicks The Okay Button **
2026-01-08 13:02:44,682 [main] INFO WorkRoomWebApplication - *** Find The Count of Error Message **
2026-01-09 12:12:26,376 [main] INFO WorkRoomWebApplication - ************* Launching CHROME Browser *****************
2026-01-09 12:12:27,673 [main] INFO WorkRoomWebApplication - ************* Browser Launched and Maximized *****************
2026-01-09 12:12:27,802 [main] INFO WorkRoomWebApplication - ************* Get The Application URL  *****************
2026-01-09 12:13:56,159 [main] INFO WorkRoomWebApplication - *** Enter The Share Point Email Id ***
2026-01-09 12:13:57,490 [main] INFO WorkRoomWebApplication - *** click the next button ***
2026-01-09 12:13:57,617 [main] INFO WorkRoomWebApplication - *** Enter The Password ***
2026-01-09 12:13:58,969 [main] INFO WorkRoomWebApplication - *** clicked on the sign in Button ***
2026-01-09 12:14:05,972 [main] INFO WorkRoomWebApplication - *** click the Reconcillation and reports main Menu***
2026-01-09 12:14:06,104 [main] INFO WorkRoomWebApplication - *** click the Subs Unit price Sub Menu**
2026-01-09 12:14:07,916 [main] INFO WorkRoomWebApplication - *** click the Add button of subcontractor unit price**
2026-01-09 12:14:08,033 [main] INFO WorkRoomWebApplication - *** Entering the itemcode**
2026-01-09 12:14:08,818 [main] INFO WorkRoomWebApplication - *** Entering the materialName**
2026-01-09 12:14:09,010 [main] INFO WorkRoomWebApplication - *** Entering the UOM**
2026-01-09 12:14:09,481 [main] INFO WorkRoomWebApplication - *** Click The DropDown**
2026-01-09 12:14:09,586 [main] INFO WorkRoomWebApplication - *** List of Subcontractorse**
2026-01-09 12:14:10,043 [main] INFO WorkRoomWebApplication - *** Random sub contractor selecting**
2026-01-09 12:14:11,191 [main] INFO WorkRoomWebApplication - *** Entering the UnitPrice**
2026-01-09 12:14:11,404 [main] INFO WorkRoomWebApplication - *** Selecting The Date **
2026-01-09 12:14:11,616 [main] INFO WorkRoomWebApplication - *** Clicked The saveButton**
2026-01-09 12:14:11,730 [main] INFO WorkRoomWebApplication - *** Clicked Okay Button**
2026-01-09 12:54:49,785 [main] INFO WorkRoomWebApplication - ************* Launching CHROME Browser *****************
2026-01-09 12:54:51,776 [main] INFO WorkRoomWebApplication - ************* Browser Launched and Maximized *****************
2026-01-09 12:54:51,915 [main] INFO WorkRoomWebApplication - ************* Get The Application URL  *****************
2026-01-09 12:54:53,427 [main] INFO WorkRoomWebApplication - *** Enter The Share Point Email Id ***
2026-01-09 12:54:54,638 [main] INFO WorkRoomWebApplication - *** click the next button ***
2026-01-09 12:54:54,995 [main] INFO WorkRoomWebApplication - *** Enter The Password ***
2026-01-09 12:54:56,666 [main] INFO WorkRoomWebApplication - *** clicked on the sign in Button ***
2026-01-09 12:54:58,684 [main] INFO WorkRoomWebApplication - *** click the Reconcillation and reports main Menu***
2026-01-09 12:55:09,525 [main] INFO WorkRoomWebApplication - *** click the Subs Unit price Sub Menu**
2026-01-09 12:56:57,737 [main] INFO WorkRoomWebApplication - ************* Launching CHROME Browser *****************
2026-01-09 12:56:59,922 [main] INFO WorkRoomWebApplication - ************* Browser Launched and Maximized *****************
2026-01-09 12:57:00,177 [main] INFO WorkRoomWebApplication - ************* Get The Application URL  *****************
2026-01-09 12:57:01,860 [main] INFO WorkRoomWebApplication - *** Enter The Share Point Email Id ***
2026-01-09 12:57:03,111 [main] INFO WorkRoomWebApplication - *** click the next button ***
2026-01-09 12:57:03,495 [main] INFO WorkRoomWebApplication - *** Enter The Password ***
2026-01-09 12:57:40,544 [main] INFO WorkRoomWebApplication - ************* Launching CHROME Browser *****************
2026-01-09 12:57:42,761 [main] INFO WorkRoomWebApplication - ************* Browser Launched and Maximized *****************
2026-01-09 12:57:42,996 [main] INFO WorkRoomWebApplication - ************* Get The Application URL  *****************
2026-01-09 12:57:44,087 [main] INFO WorkRoomWebApplication - *** Enter The Share Point Email Id ***
2026-01-09 12:57:45,609 [main] INFO WorkRoomWebApplication - *** click the next button ***
2026-01-09 12:57:45,778 [main] INFO WorkRoomWebApplication - *** Enter The Password ***
2026-01-09 12:57:47,124 [main] INFO WorkRoomWebApplication - *** clicked on the sign in Button ***
2026-01-09 12:58:19,964 [main] INFO WorkRoomWebApplication - ************* Launching CHROME Browser *****************
2026-01-09 12:58:21,874 [main] INFO WorkRoomWebApplication - ************* Browser Launched and Maximized *****************
2026-01-09 12:58:21,988 [main] INFO WorkRoomWebApplication - ************* Get The Application URL  *****************
2026-01-09 12:58:23,454 [main] INFO WorkRoomWebApplication - *** Enter The Share Point Email Id ***
2026-01-09 12:58:25,180 [main] INFO WorkRoomWebApplication - *** click the next button ***
2026-01-09 12:58:25,579 [main] INFO WorkRoomWebApplication - *** Enter The Password ***
2026-01-09 12:58:27,371 [main] INFO WorkRoomWebApplication - *** clicked on the sign in Button ***
2026-01-09 12:59:27,136 [main] INFO WorkRoomWebApplication - ************* Launching CHROME Browser *****************
2026-01-09 12:59:29,010 [main] INFO WorkRoomWebApplication - ************* Browser Launched and Maximized *****************
2026-01-09 12:59:29,310 [main] INFO WorkRoomWebApplication - ************* Get The Application URL  *****************
2026-01-09 12:59:31,078 [main] INFO WorkRoomWebApplication - *** Enter The Share Point Email Id ***
2026-01-09 12:59:32,282 [main] INFO WorkRoomWebApplication - *** click the next button ***
2026-01-09 12:59:32,592 [main] INFO WorkRoomWebApplication - *** Enter The Password ***
2026-01-09 12:59:34,264 [main] INFO WorkRoomWebApplication - *** clicked on the sign in Button ***
2026-01-09 13:01:07,624 [main] INFO WorkRoomWebApplication - ************* Launching CHROME Browser *****************
2026-01-09 13:01:09,558 [main] INFO WorkRoomWebApplication - ************* Browser Launched and Maximized *****************
2026-01-09 13:01:09,677 [main] INFO WorkRoomWebApplication - ************* Get The Application URL  *****************
2026-01-09 13:01:11,134 [main] INFO WorkRoomWebApplication - *** Enter The Share Point Email Id ***
2026-01-09 13:01:12,462 [main] INFO WorkRoomWebApplication - *** click the next button ***
2026-01-09 13:01:12,842 [main] INFO WorkRoomWebApplication - *** Enter The Password ***
2026-01-09 13:01:14,573 [main] INFO WorkRoomWebApplication - *** clicked on the sign in Button ***
2026-01-09 13:05:58,062 [main] INFO WorkRoomWebApplication - ************* Launching CHROME Browser *****************
2026-01-09 13:06:00,339 [main] INFO WorkRoomWebApplication - ************* Browser Launched and Maximized *****************
2026-01-09 13:06:00,470 [main] INFO WorkRoomWebApplication - ************* Get The Application URL  *****************
2026-01-09 13:06:01,901 [main] INFO WorkRoomWebApplication - *** Enter The Share Point Email Id ***
2026-01-09 13:06:02,893 [main] INFO WorkRoomWebApplication - *** click the next button ***
2026-01-09 13:06:03,160 [main] INFO WorkRoomWebApplication - *** Enter The Password ***
2026-01-09 13:06:04,888 [main] INFO WorkRoomWebApplication - *** clicked on the sign in Button ***
2026-01-09 13:06:40,659 [main] INFO WorkRoomWebApplication - ************* Launching CHROME Browser *****************
2026-01-09 13:06:42,615 [main] INFO WorkRoomWebApplication - ************* Browser Launched and Maximized *****************
2026-01-09 13:06:42,751 [main] INFO WorkRoomWebApplication - ************* Get The Application URL  *****************
2026-01-09 13:06:44,459 [main] INFO WorkRoomWebApplication - *** Enter The Share Point Email Id ***
2026-01-09 13:06:45,336 [main] INFO WorkRoomWebApplication - *** click the next button ***
2026-01-09 13:06:45,536 [main] INFO WorkRoomWebApplication - *** Enter The Password ***
2026-01-09 13:06:47,397 [main] INFO WorkRoomWebApplication - *** clicked on the sign in Button ***
2026-01-09 13:07:15,810 [main] INFO WorkRoomWebApplication - ************* Launching CHROME Browser *****************
2026-01-09 13:07:17,644 [main] INFO WorkRoomWebApplication - ************* Browser Launched and Maximized *****************
2026-01-09 13:07:17,804 [main] INFO WorkRoomWebApplication - ************* Get The Application URL  *****************
2026-01-09 13:07:19,506 [main] INFO WorkRoomWebApplication - *** Enter The Share Point Email Id ***
2026-01-09 13:07:20,751 [main] INFO WorkRoomWebApplication - *** click the next button ***
2026-01-09 13:07:20,961 [main] INFO WorkRoomWebApplication - *** Enter The Password ***
2026-01-09 13:07:22,660 [main] INFO WorkRoomWebApplication - *** clicked on the sign in Button ***
2026-01-09 13:08:17,820 [main] INFO WorkRoomWebApplication - ************* Launching CHROME Browser *****************
2026-01-09 13:08:20,436 [main] INFO WorkRoomWebApplication - ************* Browser Launched and Maximized *****************
2026-01-09 13:08:20,577 [main] INFO WorkRoomWebApplication - ************* Get The Application URL  *****************
2026-01-09 13:08:47,300 [main] INFO WorkRoomWebApplication - *** Enter The Share Point Email Id ***
2026-01-09 13:08:48,169 [main] INFO WorkRoomWebApplication - *** click the next button ***
2026-01-09 13:08:48,445 [main] INFO WorkRoomWebApplication - *** Enter The Password ***
2026-01-09 13:08:50,079 [main] INFO WorkRoomWebApplication - *** clicked on the sign in Button ***
2026-01-09 13:12:46,649 [main] INFO WorkRoomWebApplication - ************* Launching CHROME Browser *****************
2026-01-09 13:12:48,375 [main] INFO WorkRoomWebApplication - ************* Browser Launched and Maximized *****************
2026-01-09 13:12:48,544 [main] INFO WorkRoomWebApplication - ************* Get The Application URL  *****************
2026-01-09 13:12:49,866 [main] INFO WorkRoomWebApplication - *** Enter The Share Point Email Id ***
2026-01-09 13:12:51,234 [main] INFO WorkRoomWebApplication - *** click the next button ***
2026-01-09 13:12:51,516 [main] INFO WorkRoomWebApplication - *** Enter The Password ***
2026-01-09 13:12:52,601 [main] INFO WorkRoomWebApplication - *** clicked on the sign in Button ***
2026-01-09 13:14:00,056 [main] INFO WorkRoomWebApplication - ************* Launching CHROME Browser *****************
2026-01-09 13:14:01,935 [main] INFO WorkRoomWebApplication - ************* Browser Launched and Maximized *****************
2026-01-09 13:14:02,086 [main] INFO WorkRoomWebApplication - ************* Get The Application URL  *****************
2026-01-09 13:14:03,476 [main] INFO WorkRoomWebApplication - *** Enter The Share Point Email Id ***
2026-01-09 13:14:05,159 [main] INFO WorkRoomWebApplication - *** click the next button ***
2026-01-09 13:14:05,480 [main] INFO WorkRoomWebApplication - *** Enter The Password ***
2026-01-09 13:14:07,202 [main] INFO WorkRoomWebApplication - *** clicked on the sign in Button ***
2026-01-09 13:14:13,261 [main] INFO WorkRoomWebApplication - ************* Launching CHROME Browser *****************
2026-01-09 13:14:15,055 [main] INFO WorkRoomWebApplication - ************* Browser Launched and Maximized *****************
2026-01-09 13:14:15,379 [main] INFO WorkRoomWebApplication - ************* Get The Application URL  *****************
2026-01-09 13:14:16,757 [main] INFO WorkRoomWebApplication - *** Enter The Share Point Email Id ***
2026-01-09 13:14:18,410 [main] INFO WorkRoomWebApplication - *** click the next button ***
2026-01-09 13:14:18,660 [main] INFO WorkRoomWebApplication - *** Enter The Password ***
2026-01-09 13:14:20,027 [main] INFO WorkRoomWebApplication - *** clicked on the sign in Button ***
2026-01-09 13:14:32,321 [main] INFO WorkRoomWebApplication - ************* Launching CHROME Browser *****************
2026-01-09 13:14:33,452 [main] INFO WorkRoomWebApplication - ************* Browser Launched and Maximized *****************
2026-01-09 13:14:33,901 [main] INFO WorkRoomWebApplication - ************* Get The Application URL  *****************
2026-01-09 13:14:35,100 [main] INFO WorkRoomWebApplication - *** Enter The Share Point Email Id ***
2026-01-09 13:14:36,354 [main] INFO WorkRoomWebApplication - *** click the next button ***
2026-01-09 13:14:36,564 [main] INFO WorkRoomWebApplication - *** Enter The Password ***
2026-01-09 13:14:37,934 [main] INFO WorkRoomWebApplication - *** clicked on the sign in Button ***
2026-01-09 13:16:24,949 [main] INFO WorkRoomWebApplication - ************* Launching CHROME Browser *****************
2026-01-09 13:16:27,237 [main] INFO WorkRoomWebApplication - ************* Browser Launched and Maximized *****************
2026-01-09 13:16:27,394 [main] INFO WorkRoomWebApplication - ************* Get The Application URL  *****************
2026-01-09 13:16:29,011 [main] INFO WorkRoomWebApplication - *** Enter The Share Point Email Id ***
2026-01-09 13:16:30,548 [main] INFO WorkRoomWebApplication - *** click the next button ***
2026-01-09 13:16:30,928 [main] INFO WorkRoomWebApplication - *** Enter The Password ***
2026-01-09 13:16:32,447 [main] INFO WorkRoomWebApplication - *** clicked on the sign in Button ***
2026-01-09 13:18:02,310 [main] INFO WorkRoomWebApplication - ************* Launching CHROME Browser *****************
2026-01-09 13:18:04,132 [main] INFO WorkRoomWebApplication - ************* Browser Launched and Maximized *****************
2026-01-09 13:18:04,294 [main] INFO WorkRoomWebApplication - ************* Get The Application URL  *****************
2026-01-09 13:18:05,611 [main] INFO WorkRoomWebApplication - *** Enter The Share Point Email Id ***
2026-01-09 13:18:06,978 [main] INFO WorkRoomWebApplication - *** click the next button ***
2026-01-09 13:18:07,350 [main] INFO WorkRoomWebApplication - *** Enter The Password ***
2026-01-09 13:18:09,171 [main] INFO WorkRoomWebApplication - *** clicked on the sign in Button ***
2026-01-09 13:39:32,992 [main] INFO WorkRoomWebApplication - ************* Launching CHROME Browser *****************
2026-01-09 13:39:35,107 [main] INFO WorkRoomWebApplication - ************* Browser Launched and Maximized *****************
2026-01-09 13:39:35,365 [main] INFO WorkRoomWebApplication - ************* Get The Application URL  *****************
2026-01-09 13:39:38,046 [main] INFO WorkRoomWebApplication - *** Enter The Share Point Email Id ***
2026-01-09 13:39:39,038 [main] INFO WorkRoomWebApplication - *** click the next button ***
2026-01-09 13:39:39,284 [main] INFO WorkRoomWebApplication - *** Enter The Password ***
2026-01-09 13:39:41,119 [main] INFO WorkRoomWebApplication - *** clicked on the sign in Button ***
2026-01-09 14:54:40,405 [main] INFO WorkRoomWebApplication - ************* Launching CHROME Browser *****************
2026-01-09 14:54:42,993 [main] INFO WorkRoomWebApplication - ************* Browser Launched and Maximized *****************
2026-01-09 14:54:43,113 [main] INFO WorkRoomWebApplication - ************* Get The Application URL  *****************
2026-01-09 14:54:44,422 [main] INFO WorkRoomWebApplication - *** Enter The Share Point Email Id ***
2026-01-09 14:54:45,786 [main] INFO WorkRoomWebApplication - *** click the next button ***
2026-01-09 14:54:46,138 [main] INFO WorkRoomWebApplication - *** Enter The Password ***
2026-01-09 14:54:48,003 [main] INFO WorkRoomWebApplication - *** clicked on the sign in Button ***
2026-01-09 14:59:49,484 [main] INFO WorkRoomWebApplication - ************* Launching CHROME Browser *****************
2026-01-09 14:59:51,565 [main] INFO WorkRoomWebApplication - ************* Browser Launched and Maximized *****************
2026-01-09 14:59:51,715 [main] INFO WorkRoomWebApplication - ************* Get The Application URL  *****************
2026-01-09 14:59:53,296 [main] INFO WorkRoomWebApplication - *** Enter The Share Point Email Id ***
2026-01-09 14:59:54,709 [main] INFO WorkRoomWebApplication - *** click the next button ***
2026-01-09 14:59:54,906 [main] INFO WorkRoomWebApplication - *** Enter The Password ***
2026-01-09 14:59:56,539 [main] INFO WorkRoomWebApplication - *** clicked on the sign in Button ***
2026-01-09 15:01:07,402 [main] INFO WorkRoomWebApplication - ************* Launching CHROME Browser *****************
2026-01-09 15:01:09,236 [main] INFO WorkRoomWebApplication - ************* Browser Launched and Maximized *****************
2026-01-09 15:01:09,505 [main] INFO WorkRoomWebApplication - ************* Get The Application URL  *****************
2026-01-09 15:01:10,984 [main] INFO WorkRoomWebApplication - *** Enter The Share Point Email Id ***
2026-01-09 15:01:12,102 [main] INFO WorkRoomWebApplication - *** click the next button ***
2026-01-09 15:01:12,427 [main] INFO WorkRoomWebApplication - *** Enter The Password ***
2026-01-09 15:01:13,564 [main] INFO WorkRoomWebApplication - *** clicked on the sign in Button ***
2026-01-09 15:01:55,250 [main] INFO WorkRoomWebApplication - ************* Launching CHROME Browser *****************
2026-01-09 15:01:57,209 [main] INFO WorkRoomWebApplication - ************* Browser Launched and Maximized *****************
2026-01-09 15:01:57,484 [main] INFO WorkRoomWebApplication - ************* Get The Application URL  *****************
2026-01-09 15:01:58,878 [main] INFO WorkRoomWebApplication - *** Enter The Share Point Email Id ***
2026-01-09 15:01:59,831 [main] INFO WorkRoomWebApplication - *** click the next button ***
2026-01-09 15:02:00,092 [main] INFO WorkRoomWebApplication - *** Enter The Password ***
2026-01-09 15:02:01,872 [main] INFO WorkRoomWebApplication - *** clicked on the sign in Button ***
2026-01-09 15:02:03,613 [main] INFO WorkRoomWebApplication - *** click the Reconcillation and reports main Menu***
2026-01-09 15:02:07,424 [main] INFO WorkRoomWebApplication - *** click the Subs Unit price Sub Menu**
2026-01-09 15:02:10,660 [main] INFO WorkRoomWebApplication - *** click the Add button of subcontractor unit price**
2026-01-09 15:02:10,848 [main] INFO WorkRoomWebApplication - *** Entering the itemcode**
2026-01-09 15:02:12,418 [main] INFO WorkRoomWebApplication - *** Entering the materialName**
2026-01-09 15:02:12,864 [main] INFO WorkRoomWebApplication - *** Entering the UOM**
2026-01-09 15:02:13,393 [main] INFO WorkRoomWebApplication - *** Click The DropDown**
2026-01-09 15:02:13,639 [main] INFO WorkRoomWebApplication - *** List of Subcontractorse**
2026-01-09 15:02:15,226 [main] INFO WorkRoomWebApplication - *** Random sub contractor selecting**
2026-01-09 15:02:16,742 [main] INFO WorkRoomWebApplication - *** Entering the UnitPrice**
2026-01-09 15:02:17,292 [main] INFO WorkRoomWebApplication - *** Selecting The Date **
2026-01-09 15:02:17,982 [main] INFO WorkRoomWebApplication - *** Clicked The saveButton**
2026-01-09 15:02:18,389 [main] INFO WorkRoomWebApplication - *** Clicked Okay Button**
2026-01-09 15:02:19,831 [main] INFO WorkRoomWebApplication - ************* Launching CHROME Browser *****************
2026-01-09 15:02:20,943 [main] INFO WorkRoomWebApplication - ************* Browser Launched and Maximized *****************
2026-01-09 15:02:21,273 [main] INFO WorkRoomWebApplication - ************* Get The Application URL  *****************
2026-01-09 15:02:22,316 [main] INFO WorkRoomWebApplication - *** Enter The Share Point Email Id ***
2026-01-09 15:02:23,574 [main] INFO WorkRoomWebApplication - *** click the next button ***
2026-01-09 15:02:23,767 [main] INFO WorkRoomWebApplication - *** Enter The Password ***
2026-01-09 15:02:25,196 [main] INFO WorkRoomWebApplication - *** clicked on the sign in Button ***
2026-01-09 15:02:27,528 [main] INFO WorkRoomWebApplication - *** click the Reconcillation and reports main Menu***
2026-01-09 15:02:31,796 [main] INFO WorkRoomWebApplication - *** click the Subs Unit price Sub Menu**
2026-01-09 15:02:35,609 [main] INFO WorkRoomWebApplication - *** click the Add button of subcontractor unit price**
2026-01-09 15:02:35,787 [main] INFO WorkRoomWebApplication - *** Clicks The Okay Button **
2026-01-09 15:02:36,824 [main] INFO WorkRoomWebApplication - *** Find The Count of Error Message **
2026-01-09 15:02:37,120 [main] INFO WorkRoomWebApplication - ************* Launching CHROME Browser *****************
2026-01-09 15:02:38,054 [main] INFO WorkRoomWebApplication - ************* Browser Launched and Maximized *****************
2026-01-09 15:02:38,441 [main] INFO WorkRoomWebApplication - ************* Get The Application URL  *****************
2026-01-09 15:02:39,715 [main] INFO WorkRoomWebApplication - *** Enter The Share Point Email Id ***
2026-01-09 15:02:41,943 [main] INFO WorkRoomWebApplication - *** click the next button ***
2026-01-09 15:02:42,382 [main] INFO WorkRoomWebApplication - *** Enter The Password ***
2026-01-09 15:02:44,245 [main] INFO WorkRoomWebApplication - *** clicked on the sign in Button ***
2026-01-09 15:02:47,058 [main] INFO WorkRoomWebApplication - *** click the Reconcillation and reports main Menu***
2026-01-09 15:03:00,479 [main] INFO WorkRoomWebApplication - *** click the Subs Unit price Sub Menu**
2026-01-09 15:07:27,751 [main] INFO WorkRoomWebApplication - ************* Launching CHROME Browser *****************
2026-01-09 15:07:29,773 [main] INFO WorkRoomWebApplication - ************* Browser Launched and Maximized *****************
2026-01-09 15:07:29,882 [main] INFO WorkRoomWebApplication - ************* Get The Application URL  *****************
2026-01-09 15:07:31,264 [main] INFO WorkRoomWebApplication - *** Enter The Share Point Email Id ***
2026-01-09 15:07:32,945 [main] INFO WorkRoomWebApplication - *** click the next button ***
2026-01-09 15:07:33,348 [main] INFO WorkRoomWebApplication - *** Enter The Password ***
2026-01-09 15:07:34,688 [main] INFO WorkRoomWebApplication - *** clicked on the sign in Button ***
2026-01-09 15:07:36,640 [main] INFO WorkRoomWebApplication - *** click the Reconcillation and reports main Menu***
2026-01-09 15:07:41,122 [main] INFO WorkRoomWebApplication - *** click the Subs Unit price Sub Menu**
2026-01-09 15:08:40,769 [main] INFO WorkRoomWebApplication - ************* Launching CHROME Browser *****************
2026-01-09 15:08:42,882 [main] INFO WorkRoomWebApplication - ************* Browser Launched and Maximized *****************
2026-01-09 15:08:43,026 [main] INFO WorkRoomWebApplication - ************* Get The Application URL  *****************
2026-01-09 15:08:44,418 [main] INFO WorkRoomWebApplication - *** Enter The Share Point Email Id ***
2026-01-09 15:08:46,099 [main] INFO WorkRoomWebApplication - *** click the next button ***
2026-01-09 15:08:46,461 [main] INFO WorkRoomWebApplication - *** Enter The Password ***
2026-01-09 15:08:48,219 [main] INFO WorkRoomWebApplication - *** clicked on the sign in Button ***
2026-01-09 15:08:49,927 [main] INFO WorkRoomWebApplication - *** click the Reconcillation and reports main Menu***
2026-01-09 15:08:54,072 [main] INFO WorkRoomWebApplication - *** click the Subs Unit price Sub Menu**
2026-01-09 15:12:15,728 [main] INFO WorkRoomWebApplication - ************* Launching CHROME Browser *****************
2026-01-09 15:12:18,228 [main] INFO WorkRoomWebApplication - ************* Browser Launched and Maximized *****************
2026-01-09 15:12:18,340 [main] INFO WorkRoomWebApplication - ************* Get The Application URL  *****************
2026-01-09 15:12:19,518 [main] INFO WorkRoomWebApplication - *** Enter The Share Point Email Id ***
2026-01-09 15:12:21,305 [main] INFO WorkRoomWebApplication - *** click the next button ***
2026-01-09 15:12:21,625 [main] INFO WorkRoomWebApplication - *** Enter The Password ***
2026-01-09 15:12:23,131 [main] INFO WorkRoomWebApplication - *** clicked on the sign in Button ***
2026-01-09 15:12:24,746 [main] INFO WorkRoomWebApplication - *** click the Reconcillation and reports main Menu***
2026-01-09 15:12:28,286 [main] INFO WorkRoomWebApplication - *** click the Subs Unit price Sub Menu**
2026-01-09 15:13:14,666 [main] INFO WorkRoomWebApplication - ************* Launching CHROME Browser *****************
2026-01-09 15:13:17,606 [main] INFO WorkRoomWebApplication - ************* Browser Launched and Maximized *****************
2026-01-09 15:13:17,983 [main] INFO WorkRoomWebApplication - ************* Get The Application URL  *****************
2026-01-09 15:13:19,257 [main] INFO WorkRoomWebApplication - *** Enter The Share Point Email Id ***
2026-01-09 15:13:20,983 [main] INFO WorkRoomWebApplication - *** click the next button ***
2026-01-09 15:13:21,176 [main] INFO WorkRoomWebApplication - *** Enter The Password ***
2026-01-09 15:13:22,655 [main] INFO WorkRoomWebApplication - *** clicked on the sign in Button ***
2026-01-09 15:13:55,130 [main] INFO WorkRoomWebApplication - ************* Launching CHROME Browser *****************
2026-01-09 15:13:57,351 [main] INFO WorkRoomWebApplication - ************* Browser Launched and Maximized *****************
2026-01-09 15:13:57,491 [main] INFO WorkRoomWebApplication - ************* Get The Application URL  *****************
2026-01-09 15:13:58,753 [main] INFO WorkRoomWebApplication - *** Enter The Share Point Email Id ***
2026-01-09 15:14:00,482 [main] INFO WorkRoomWebApplication - *** click the next button ***
2026-01-09 15:14:00,770 [main] INFO WorkRoomWebApplication - *** Enter The Password ***
2026-01-09 15:14:02,779 [main] INFO WorkRoomWebApplication - *** clicked on the sign in Button ***
2026-01-09 15:21:15,283 [main] INFO WorkRoomWebApplication - ************* Launching CHROME Browser *****************
2026-01-09 15:21:17,237 [main] INFO WorkRoomWebApplication - ************* Browser Launched and Maximized *****************
2026-01-09 15:21:17,550 [main] INFO WorkRoomWebApplication - ************* Get The Application URL  *****************
2026-01-09 15:21:19,024 [main] INFO WorkRoomWebApplication - *** Enter The Share Point Email Id ***
2026-01-09 15:21:19,918 [main] INFO WorkRoomWebApplication - *** click the next button ***
2026-01-09 15:21:20,127 [main] INFO WorkRoomWebApplication - *** Enter The Password ***
2026-01-09 15:21:22,068 [main] INFO WorkRoomWebApplication - *** clicked on the sign in Button ***
2026-01-09 15:21:55,855 [main] INFO WorkRoomWebApplication - ************* Launching CHROME Browser *****************
2026-01-09 15:21:57,939 [main] INFO WorkRoomWebApplication - ************* Browser Launched and Maximized *****************
2026-01-09 15:21:58,058 [main] INFO WorkRoomWebApplication - ************* Get The Application URL  *****************
2026-01-09 15:21:59,797 [main] INFO WorkRoomWebApplication - *** Enter The Share Point Email Id ***
2026-01-09 15:22:00,903 [main] INFO WorkRoomWebApplication - *** click the next button ***
2026-01-09 15:22:01,144 [main] INFO WorkRoomWebApplication - *** Enter The Password ***
2026-01-09 15:22:02,865 [main] INFO WorkRoomWebApplication - *** clicked on the sign in Button ***
2026-01-09 15:25:22,984 [main] INFO WorkRoomWebApplication - ************* Launching CHROME Browser *****************
2026-01-09 15:25:24,840 [main] INFO WorkRoomWebApplication - ************* Browser Launched and Maximized *****************
2026-01-09 15:25:24,993 [main] INFO WorkRoomWebApplication - ************* Get The Application URL  *****************
2026-01-09 15:25:26,668 [main] INFO WorkRoomWebApplication - *** Enter The Share Point Email Id ***
2026-01-09 15:25:28,016 [main] INFO WorkRoomWebApplication - *** click the next button ***
2026-01-09 15:25:28,253 [main] INFO WorkRoomWebApplication - *** Enter The Password ***
2026-01-09 15:25:30,089 [main] INFO WorkRoomWebApplication - *** clicked on the sign in Button ***
2026-01-09 15:26:56,290 [main] INFO WorkRoomWebApplication - ************* Launching CHROME Browser *****************
2026-01-09 15:26:58,137 [main] INFO WorkRoomWebApplication - ************* Browser Launched and Maximized *****************
2026-01-09 15:26:58,249 [main] INFO WorkRoomWebApplication - ************* Get The Application URL  *****************
2026-01-09 15:26:59,973 [main] INFO WorkRoomWebApplication - *** Enter The Share Point Email Id ***
2026-01-09 15:27:00,926 [main] INFO WorkRoomWebApplication - *** click the next button ***
2026-01-09 15:27:01,141 [main] INFO WorkRoomWebApplication - *** Enter The Password ***
2026-01-09 15:27:02,966 [main] INFO WorkRoomWebApplication - *** clicked on the sign in Button ***
2026-01-09 15:29:16,523 [main] INFO WorkRoomWebApplication - ************* Launching CHROME Browser *****************
2026-01-09 15:29:18,277 [main] INFO WorkRoomWebApplication - ************* Browser Launched and Maximized *****************
2026-01-09 15:29:18,764 [main] INFO WorkRoomWebApplication - ************* Get The Application URL  *****************
2026-01-09 15:29:19,968 [main] INFO WorkRoomWebApplication - *** Enter The Share Point Email Id ***
2026-01-09 15:29:21,564 [main] INFO WorkRoomWebApplication - *** click the next button ***
2026-01-09 15:29:21,840 [main] INFO WorkRoomWebApplication - *** Enter The Password ***
2026-01-09 15:29:23,494 [main] INFO WorkRoomWebApplication - *** clicked on the sign in Button ***
2026-01-09 15:29:25,628 [main] INFO WorkRoomWebApplication - *** click the Reconcillation and reports main Menu***
2026-01-09 15:29:37,938 [main] INFO WorkRoomWebApplication - *** click the Subs Unit price Sub Menu**
2026-01-09 15:29:40,183 [main] INFO WorkRoomWebApplication - *** click the Add button of subcontractor unit price**
2026-01-09 15:29:40,461 [main] INFO WorkRoomWebApplication - *** Entering the itemcode**
2026-01-09 15:29:41,565 [main] INFO WorkRoomWebApplication - *** Entering the materialName**
2026-01-09 15:29:41,848 [main] INFO WorkRoomWebApplication - *** Entering the UOM**
2026-01-09 15:29:42,129 [main] INFO WorkRoomWebApplication - *** Click The DropDown**
2026-01-09 15:29:42,312 [main] INFO WorkRoomWebApplication - *** List of Subcontractorse**
2026-01-09 15:29:43,350 [main] INFO WorkRoomWebApplication - *** Random sub contractor selecting**
2026-01-09 15:29:44,969 [main] INFO WorkRoomWebApplication - *** Entering the UnitPrice**
2026-01-09 15:29:45,443 [main] INFO WorkRoomWebApplication - *** Selecting The Date **
2026-01-09 15:29:45,812 [main] INFO WorkRoomWebApplication - *** Clicked The saveButton**
2026-01-09 15:29:45,978 [main] INFO WorkRoomWebApplication - *** Clicked Okay Button**
2026-01-09 15:29:46,957 [main] INFO WorkRoomWebApplication - ************* Launching CHROME Browser *****************
2026-01-09 15:29:48,287 [main] INFO WorkRoomWebApplication - ************* Browser Launched and Maximized *****************
2026-01-09 15:29:48,719 [main] INFO WorkRoomWebApplication - ************* Get The Application URL  *****************
2026-01-09 15:29:50,254 [main] INFO WorkRoomWebApplication - *** Enter The Share Point Email Id ***
2026-01-09 15:29:52,013 [main] INFO WorkRoomWebApplication - *** click the next button ***
2026-01-09 15:29:52,268 [main] INFO WorkRoomWebApplication - *** Enter The Password ***
2026-01-09 15:29:53,652 [main] INFO WorkRoomWebApplication - *** clicked on the sign in Button ***
2026-01-09 15:29:55,057 [main] INFO WorkRoomWebApplication - *** click the Reconcillation and reports main Menu***
2026-01-09 15:30:04,611 [main] INFO WorkRoomWebApplication - *** click the Subs Unit price Sub Menu**
2026-01-09 15:30:07,039 [main] INFO WorkRoomWebApplication - *** click the Add button of subcontractor unit price**
2026-01-09 15:30:07,496 [main] INFO WorkRoomWebApplication - *** Clicks The Okay Button **
2026-01-09 15:30:09,103 [main] INFO WorkRoomWebApplication - *** Find The Count of Error Message **
2026-01-09 15:30:09,466 [main] INFO WorkRoomWebApplication - ************* Launching CHROME Browser *****************
2026-01-09 15:30:10,406 [main] INFO WorkRoomWebApplication - ************* Browser Launched and Maximized *****************
2026-01-09 15:30:10,811 [main] INFO WorkRoomWebApplication - ************* Get The Application URL  *****************
2026-01-09 15:30:11,866 [main] INFO WorkRoomWebApplication - *** Enter The Share Point Email Id ***
2026-01-09 15:30:13,372 [main] INFO WorkRoomWebApplication - *** click the next button ***
2026-01-09 15:30:13,543 [main] INFO WorkRoomWebApplication - *** Enter The Password ***
2026-01-09 15:30:15,242 [main] INFO WorkRoomWebApplication - *** clicked on the sign in Button ***
2026-01-09 15:30:17,914 [main] INFO WorkRoomWebApplication - *** click the Reconcillation and reports main Menu***
2026-01-09 15:31:06,505 [main] INFO WorkRoomWebApplication - ************* Launching CHROME Browser *****************
2026-01-09 15:31:09,167 [main] INFO WorkRoomWebApplication - ************* Browser Launched and Maximized *****************
2026-01-09 15:31:09,383 [main] INFO WorkRoomWebApplication - ************* Get The Application URL  *****************
2026-01-09 15:31:10,702 [main] INFO WorkRoomWebApplication - *** Enter The Share Point Email Id ***
2026-01-09 15:31:12,256 [main] INFO WorkRoomWebApplication - *** click the next button ***
2026-01-09 15:31:12,522 [main] INFO WorkRoomWebApplication - *** Enter The Password ***
2026-01-09 15:31:13,758 [main] INFO WorkRoomWebApplication - *** clicked on the sign in Button ***
2026-01-09 15:31:16,015 [main] INFO WorkRoomWebApplication - *** click the Reconcillation and reports main Menu***
2026-01-09 15:31:27,462 [main] INFO WorkRoomWebApplication - *** click the Subs Unit price Sub Menu**
2026-01-09 15:41:31,744 [main] INFO WorkRoomWebApplication - ************* Launching CHROME Browser *****************
2026-01-09 15:41:33,974 [main] INFO WorkRoomWebApplication - ************* Browser Launched and Maximized *****************
2026-01-09 15:41:34,243 [main] INFO WorkRoomWebApplication - ************* Get The Application URL  *****************
2026-01-09 15:41:35,585 [main] INFO WorkRoomWebApplication - *** Enter The Share Point Email Id ***
2026-01-09 15:41:36,822 [main] INFO WorkRoomWebApplication - *** click the next button ***
2026-01-09 15:41:37,041 [main] INFO WorkRoomWebApplication - *** Enter The Password ***
2026-01-09 15:41:38,368 [main] INFO WorkRoomWebApplication - *** clicked on the sign in Button ***
2026-01-09 15:41:40,546 [main] INFO WorkRoomWebApplication - *** click the Reconcillation and reports main Menu***
2026-01-09 15:41:43,862 [main] INFO WorkRoomWebApplication - *** click the Subs Unit price Sub Menu**
2026-01-09 15:41:46,294 [main] INFO WorkRoomWebApplication - *** Table List Data  **
2026-01-09 15:42:44,014 [main] INFO WorkRoomWebApplication - ************* Launching CHROME Browser *****************
2026-01-09 15:42:46,907 [main] INFO WorkRoomWebApplication - ************* Browser Launched and Maximized *****************
2026-01-09 15:42:47,170 [main] INFO WorkRoomWebApplication - ************* Get The Application URL  *****************
2026-01-09 15:42:48,473 [main] INFO WorkRoomWebApplication - *** Enter The Share Point Email Id ***
2026-01-09 15:42:49,994 [main] INFO WorkRoomWebApplication - *** click the next button ***
2026-01-09 15:42:50,227 [main] INFO WorkRoomWebApplication - *** Enter The Password ***
2026-01-09 15:42:51,644 [main] INFO WorkRoomWebApplication - *** clicked on the sign in Button ***
2026-01-09 15:42:53,092 [main] INFO WorkRoomWebApplication - *** click the Reconcillation and reports main Menu***
2026-01-09 15:43:00,995 [main] INFO WorkRoomWebApplication - *** click the Subs Unit price Sub Menu**
2026-01-09 15:43:04,395 [main] INFO WorkRoomWebApplication - *** Table List Data  **
2026-01-09 15:44:15,097 [main] INFO WorkRoomWebApplication - ************* Launching CHROME Browser *****************
2026-01-09 15:44:17,404 [main] INFO WorkRoomWebApplication - ************* Browser Launched and Maximized *****************
2026-01-09 15:44:17,785 [main] INFO WorkRoomWebApplication - ************* Get The Application URL  *****************
2026-01-09 15:44:19,138 [main] INFO WorkRoomWebApplication - *** Enter The Share Point Email Id ***
2026-01-09 15:44:20,114 [main] INFO WorkRoomWebApplication - *** click the next button ***
2026-01-09 15:44:20,337 [main] INFO WorkRoomWebApplication - *** Enter The Password ***
2026-01-09 15:44:22,192 [main] INFO WorkRoomWebApplication - *** clicked on the sign in Button ***
2026-01-09 15:44:37,731 [main] INFO WorkRoomWebApplication - *** click the Reconcillation and reports main Menu***
2026-01-09 15:44:37,936 [main] INFO WorkRoomWebApplication - *** click the Subs Unit price Sub Menu**
2026-01-09 15:44:40,207 [main] INFO WorkRoomWebApplication - *** Table List Data  **
2026-01-09 15:45:46,641 [main] INFO WorkRoomWebApplication - ************* Launching CHROME Browser *****************
2026-01-09 15:45:48,868 [main] INFO WorkRoomWebApplication - ************* Browser Launched and Maximized *****************
2026-01-09 15:45:49,158 [main] INFO WorkRoomWebApplication - ************* Get The Application URL  *****************
2026-01-09 15:45:55,450 [main] INFO WorkRoomWebApplication - *** Enter The Share Point Email Id ***
2026-01-09 15:45:57,203 [main] INFO WorkRoomWebApplication - *** click the next button ***
2026-01-09 15:45:57,405 [main] INFO WorkRoomWebApplication - *** Enter The Password ***
2026-01-09 15:45:58,759 [main] INFO WorkRoomWebApplication - *** clicked on the sign in Button ***
2026-01-09 15:46:00,585 [main] INFO WorkRoomWebApplication - *** click the Reconcillation and reports main Menu***
2026-01-09 15:46:10,690 [main] INFO WorkRoomWebApplication - *** click the Subs Unit price Sub Menu**
2026-01-09 15:46:13,726 [main] INFO WorkRoomWebApplication - *** click the Add button of subcontractor unit price**
2026-01-09 15:46:14,000 [main] INFO WorkRoomWebApplication - *** Entering the itemcode**
2026-01-09 15:46:15,134 [main] INFO WorkRoomWebApplication - *** Entering the materialName**
2026-01-09 15:46:15,410 [main] INFO WorkRoomWebApplication - *** Entering the UOM**
2026-01-09 15:46:15,698 [main] INFO WorkRoomWebApplication - *** Click The DropDown**
2026-01-09 15:46:15,881 [main] INFO WorkRoomWebApplication - *** List of Subcontractorse**
2026-01-09 15:46:16,618 [main] INFO WorkRoomWebApplication - *** Random sub contractor selecting**
2026-01-09 15:46:17,910 [main] INFO WorkRoomWebApplication - *** Entering the UnitPrice**
2026-01-09 15:46:18,402 [main] INFO WorkRoomWebApplication - *** Selecting The Date **
2026-01-09 15:46:18,912 [main] INFO WorkRoomWebApplication - *** Clicked The saveButton**
2026-01-09 15:46:19,099 [main] INFO WorkRoomWebApplication - *** Clicked Okay Button**
2026-01-09 15:46:20,062 [main] INFO WorkRoomWebApplication - ************* Launching CHROME Browser *****************
2026-01-09 15:46:21,344 [main] INFO WorkRoomWebApplication - ************* Browser Launched and Maximized *****************
2026-01-09 15:46:21,494 [main] INFO WorkRoomWebApplication - ************* Get The Application URL  *****************
2026-01-09 15:46:22,642 [main] INFO WorkRoomWebApplication - *** Enter The Share Point Email Id ***
2026-01-09 15:46:24,435 [main] INFO WorkRoomWebApplication - *** click the next button ***
2026-01-09 15:46:24,715 [main] INFO WorkRoomWebApplication - *** Enter The Password ***
2026-01-09 15:46:26,224 [main] INFO WorkRoomWebApplication - *** clicked on the sign in Button ***
2026-01-09 15:46:27,765 [main] INFO WorkRoomWebApplication - *** click the Reconcillation and reports main Menu***
2026-01-09 15:46:35,788 [main] INFO WorkRoomWebApplication - *** click the Subs Unit price Sub Menu**
2026-01-09 15:46:38,147 [main] INFO WorkRoomWebApplication - *** click the Add button of subcontractor unit price**
2026-01-09 15:46:38,698 [main] INFO WorkRoomWebApplication - *** Clicks The Okay Button **
2026-01-09 15:46:40,237 [main] INFO WorkRoomWebApplication - *** Find The Count of Error Message **
2026-01-09 15:46:40,648 [main] INFO WorkRoomWebApplication - ************* Launching CHROME Browser *****************
2026-01-09 15:46:41,898 [main] INFO WorkRoomWebApplication - ************* Browser Launched and Maximized *****************
2026-01-09 15:46:42,390 [main] INFO WorkRoomWebApplication - ************* Get The Application URL  *****************
2026-01-09 15:46:43,560 [main] INFO WorkRoomWebApplication - *** Enter The Share Point Email Id ***
2026-01-09 15:46:45,059 [main] INFO WorkRoomWebApplication - *** click the next button ***
2026-01-09 15:46:45,263 [main] INFO WorkRoomWebApplication - *** Enter The Password ***
2026-01-09 15:46:46,639 [main] INFO WorkRoomWebApplication - *** clicked on the sign in Button ***
2026-01-09 15:46:48,569 [main] INFO WorkRoomWebApplication - *** click the Reconcillation and reports main Menu***
2026-01-09 15:46:51,827 [main] INFO WorkRoomWebApplication - *** click the Subs Unit price Sub Menu**
2026-01-09 15:46:55,764 [main] INFO WorkRoomWebApplication - *** Table List Data  **
2026-01-09 16:03:17,114 [main] INFO WorkRoomWebApplication - ************* Launching CHROME Browser *****************
2026-01-09 16:03:18,555 [main] INFO WorkRoomWebApplication - ************* Browser Launched and Maximized *****************
2026-01-09 16:03:18,716 [main] INFO WorkRoomWebApplication - ************* Get The Application URL  *****************
2026-01-09 16:03:19,773 [main] INFO WorkRoomWebApplication - *** Enter The Share Point Email Id ***
2026-01-09 16:03:20,815 [main] INFO WorkRoomWebApplication - *** click the next button ***
2026-01-09 16:03:20,991 [main] INFO WorkRoomWebApplication - *** Enter The Password ***
2026-01-09 16:03:22,399 [main] INFO WorkRoomWebApplication - *** clicked on the sign in Button ***
2026-01-09 16:03:24,185 [main] INFO WorkRoomWebApplication - *** click the Reconcillation and reports main Menu***
2026-01-09 16:03:26,941 [main] INFO WorkRoomWebApplication - *** click the Subs Unit price Sub Menu**
2026-01-09 16:03:28,656 [main] INFO WorkRoomWebApplication - *** Table List Data  **
2026-01-09 16:06:08,859 [main] INFO WorkRoomWebApplication - ************* Launching CHROME Browser *****************
2026-01-09 16:06:10,114 [main] INFO WorkRoomWebApplication - ************* Browser Launched and Maximized *****************
2026-01-09 16:06:10,208 [main] INFO WorkRoomWebApplication - ************* Get The Application URL  *****************
2026-01-09 16:06:11,271 [main] INFO WorkRoomWebApplication - *** Enter The Share Point Email Id ***
2026-01-09 16:06:12,282 [main] INFO WorkRoomWebApplication - *** click the next button ***
2026-01-09 16:06:12,626 [main] INFO WorkRoomWebApplication - *** Enter The Password ***
2026-01-09 16:06:13,430 [main] INFO WorkRoomWebApplication - *** clicked on the sign in Button ***
2026-01-09 16:06:15,296 [main] INFO WorkRoomWebApplication - *** click the Reconcillation and reports main Menu***
2026-01-09 16:06:17,412 [main] INFO WorkRoomWebApplication - *** click the Subs Unit price Sub Menu**
2026-01-09 16:06:19,389 [main] INFO WorkRoomWebApplication - *** Table List Data  **
2026-01-09 16:23:15,669 [main] INFO WorkRoomWebApplication - ************* Launching CHROME Browser *****************
2026-01-09 16:23:16,990 [main] INFO WorkRoomWebApplication - ************* Browser Launched and Maximized *****************
2026-01-09 16:23:17,112 [main] INFO WorkRoomWebApplication - ************* Get The Application URL  *****************
2026-01-09 16:23:18,093 [main] INFO WorkRoomWebApplication - *** Enter The Share Point Email Id ***
2026-01-09 16:23:19,249 [main] INFO WorkRoomWebApplication - *** click the next button ***
2026-01-09 16:23:19,517 [main] INFO WorkRoomWebApplication - *** Enter The Password ***
2026-01-09 16:23:21,006 [main] INFO WorkRoomWebApplication - *** clicked on the sign in Button ***
2026-01-09 16:23:22,293 [main] INFO WorkRoomWebApplication - *** click the Reconcillation and reports main Menu***
2026-01-09 16:23:25,022 [main] INFO WorkRoomWebApplication - *** click the Subs Unit price Sub Menu**
2026-01-09 16:23:26,156 [main] INFO WorkRoomWebApplication - *** Table List Data  **
2026-01-09 16:24:12,650 [main] INFO WorkRoomWebApplication - ************* Launching CHROME Browser *****************
2026-01-09 16:24:13,726 [main] INFO WorkRoomWebApplication - ************* Browser Launched and Maximized *****************
2026-01-09 16:24:13,953 [main] INFO WorkRoomWebApplication - ************* Get The Application URL  *****************
2026-01-09 16:24:16,391 [main] INFO WorkRoomWebApplication - *** Enter The Share Point Email Id ***
2026-01-09 16:24:17,218 [main] INFO WorkRoomWebApplication - *** click the next button ***
2026-01-09 16:24:17,359 [main] INFO WorkRoomWebApplication - *** Enter The Password ***
2026-01-09 16:24:18,641 [main] INFO WorkRoomWebApplication - *** clicked on the sign in Button ***
2026-01-09 16:24:20,025 [main] INFO WorkRoomWebApplication - *** click the Reconcillation and reports main Menu***
2026-01-09 16:24:23,040 [main] INFO WorkRoomWebApplication - *** click the Subs Unit price Sub Menu**
2026-01-09 16:24:25,008 [main] INFO WorkRoomWebApplication - *** Table List Data  **
2026-01-09 16:27:20,832 [main] INFO WorkRoomWebApplication - ************* Launching CHROME Browser *****************
2026-01-09 16:27:21,963 [main] INFO WorkRoomWebApplication - ************* Browser Launched and Maximized *****************
2026-01-09 16:27:22,118 [main] INFO WorkRoomWebApplication - ************* Get The Application URL  *****************
2026-01-09 16:27:23,529 [main] INFO WorkRoomWebApplication - *** Enter The Share Point Email Id ***
2026-01-09 16:27:25,152 [main] INFO WorkRoomWebApplication - *** click the next button ***
2026-01-09 16:27:25,315 [main] INFO WorkRoomWebApplication - *** Enter The Password ***
2026-01-09 16:27:26,607 [main] INFO WorkRoomWebApplication - *** clicked on the sign in Button ***
2026-01-09 16:27:28,144 [main] INFO WorkRoomWebApplication - *** click the Reconcillation and reports main Menu***
2026-01-09 16:27:31,079 [main] INFO WorkRoomWebApplication - *** click the Subs Unit price Sub Menu**
2026-01-09 16:27:32,782 [main] INFO WorkRoomWebApplication - *** Table List Data  **
2026-01-09 16:28:14,032 [main] INFO WorkRoomWebApplication - ************* Launching CHROME Browser *****************
2026-01-09 16:28:15,709 [main] INFO WorkRoomWebApplication - ************* Browser Launched and Maximized *****************
2026-01-09 16:28:15,925 [main] INFO WorkRoomWebApplication - ************* Get The Application URL  *****************
2026-01-09 16:28:17,017 [main] INFO WorkRoomWebApplication - *** Enter The Share Point Email Id ***
2026-01-09 16:28:17,903 [main] INFO WorkRoomWebApplication - *** click the next button ***
2026-01-09 16:28:18,058 [main] INFO WorkRoomWebApplication - *** Enter The Password ***
2026-01-09 16:28:19,586 [main] INFO WorkRoomWebApplication - *** clicked on the sign in Button ***
2026-01-09 16:28:25,700 [main] INFO WorkRoomWebApplication - *** click the Reconcillation and reports main Menu***
2026-01-09 16:28:26,141 [main] INFO WorkRoomWebApplication - *** click the Subs Unit price Sub Menu**
2026-01-09 16:28:28,954 [main] INFO WorkRoomWebApplication - *** click the Add button of subcontractor unit price**
2026-01-09 16:28:29,119 [main] INFO WorkRoomWebApplication - *** Entering the itemcode**
2026-01-09 16:28:30,075 [main] INFO WorkRoomWebApplication - *** Entering the materialName**
2026-01-09 16:28:30,292 [main] INFO WorkRoomWebApplication - *** Entering the UOM**
2026-01-09 16:28:30,507 [main] INFO WorkRoomWebApplication - *** Click The DropDown**
2026-01-09 16:28:30,650 [main] INFO WorkRoomWebApplication - *** List of Subcontractorse**
2026-01-09 16:28:31,199 [main] INFO WorkRoomWebApplication - *** Random sub contractor selecting**
2026-01-09 16:28:32,550 [main] INFO WorkRoomWebApplication - *** Entering the UnitPrice**
2026-01-09 16:28:33,047 [main] INFO WorkRoomWebApplication - *** Selecting The Date **
2026-01-09 16:28:33,394 [main] INFO WorkRoomWebApplication - *** Clicked The saveButton**
2026-01-09 16:28:33,574 [main] INFO WorkRoomWebApplication - *** Clicked Okay Button**
2026-01-09 16:28:34,335 [main] INFO WorkRoomWebApplication - ************* Launching CHROME Browser *****************
2026-01-09 16:28:35,332 [main] INFO WorkRoomWebApplication - ************* Browser Launched and Maximized *****************
2026-01-09 16:28:35,451 [main] INFO WorkRoomWebApplication - ************* Get The Application URL  *****************
2026-01-09 16:28:37,394 [main] INFO WorkRoomWebApplication - *** Enter The Share Point Email Id ***
2026-01-09 16:28:38,396 [main] INFO WorkRoomWebApplication - *** click the next button ***
2026-01-09 16:28:38,523 [main] INFO WorkRoomWebApplication - *** Enter The Password ***
2026-01-09 16:28:39,774 [main] INFO WorkRoomWebApplication - *** clicked on the sign in Button ***
2026-01-09 16:28:41,242 [main] INFO WorkRoomWebApplication - *** click the Reconcillation and reports main Menu***
2026-01-09 16:28:46,393 [main] INFO WorkRoomWebApplication - *** click the Subs Unit price Sub Menu**
2026-01-09 16:28:49,721 [main] INFO WorkRoomWebApplication - *** click the Add button of subcontractor unit price**
2026-01-09 16:28:50,051 [main] INFO WorkRoomWebApplication - *** Clicks The Okay Button **
2026-01-09 16:28:50,917 [main] INFO WorkRoomWebApplication - *** Find The Count of Error Message **
2026-01-09 16:28:51,311 [main] INFO WorkRoomWebApplication - ************* Launching CHROME Browser *****************
2026-01-09 16:28:52,360 [main] INFO WorkRoomWebApplication - ************* Browser Launched and Maximized *****************
2026-01-09 16:28:52,716 [main] INFO WorkRoomWebApplication - ************* Get The Application URL  *****************
2026-01-09 16:28:54,149 [main] INFO WorkRoomWebApplication - *** Enter The Share Point Email Id ***
2026-01-09 16:28:55,490 [main] INFO WorkRoomWebApplication - *** click the next button ***
2026-01-09 16:28:55,661 [main] INFO WorkRoomWebApplication - *** Enter The Password ***
2026-01-09 16:28:56,882 [main] INFO WorkRoomWebApplication - *** clicked on the sign in Button ***
2026-01-09 16:28:58,234 [main] INFO WorkRoomWebApplication - *** click the Reconcillation and reports main Menu***
2026-01-09 16:29:05,876 [main] INFO WorkRoomWebApplication - *** click the Subs Unit price Sub Menu**
2026-01-09 16:29:08,519 [main] INFO WorkRoomWebApplication - *** Table List Data  **
2026-01-09 16:31:36,818 [main] INFO WorkRoomWebApplication - ************* Launching CHROME Browser *****************
2026-01-09 16:31:38,029 [main] INFO WorkRoomWebApplication - ************* Browser Launched and Maximized *****************
2026-01-09 16:31:38,103 [main] INFO WorkRoomWebApplication - ************* Get The Application URL  *****************
2026-01-09 16:31:39,232 [main] INFO WorkRoomWebApplication - *** Enter The Share Point Email Id ***
2026-01-09 16:31:40,384 [main] INFO WorkRoomWebApplication - *** click the next button ***
2026-01-09 16:31:40,569 [main] INFO WorkRoomWebApplication - *** Enter The Password ***
2026-01-09 16:31:41,950 [main] INFO WorkRoomWebApplication - *** clicked on the sign in Button ***
2026-01-09 16:31:43,479 [main] INFO WorkRoomWebApplication - *** click the Reconcillation and reports main Menu***
2026-01-09 16:32:00,843 [main] INFO WorkRoomWebApplication - *** click the Subs Unit price Sub Menu**
2026-01-09 16:32:02,603 [main] INFO WorkRoomWebApplication - *** Table List Data  **
2026-01-09 16:34:55,937 [main] INFO WorkRoomWebApplication - ************* Launching CHROME Browser *****************
2026-01-09 16:34:57,193 [main] INFO WorkRoomWebApplication - ************* Browser Launched and Maximized *****************
2026-01-09 16:34:57,294 [main] INFO WorkRoomWebApplication - ************* Get The Application URL  *****************
2026-01-09 16:34:58,926 [main] INFO WorkRoomWebApplication - *** Enter The Share Point Email Id ***
2026-01-09 16:34:59,959 [main] INFO WorkRoomWebApplication - *** click the next button ***
2026-01-09 16:35:00,118 [main] INFO WorkRoomWebApplication - *** Enter The Password ***
2026-01-09 16:35:01,660 [main] INFO WorkRoomWebApplication - *** clicked on the sign in Button ***
2026-01-09 16:35:03,077 [main] INFO WorkRoomWebApplication - *** click the Reconcillation and reports main Menu***
2026-01-09 16:35:05,605 [main] INFO WorkRoomWebApplication - *** click the Subs Unit price Sub Menu**
2026-01-09 16:35:07,756 [main] INFO WorkRoomWebApplication - *** Table List Data  **
2026-01-09 16:36:22,861 [main] INFO WorkRoomWebApplication - ************* Launching CHROME Browser *****************
2026-01-09 16:36:24,083 [main] INFO WorkRoomWebApplication - ************* Browser Launched and Maximized *****************
2026-01-09 16:36:24,273 [main] INFO WorkRoomWebApplication - ************* Get The Application URL  *****************
2026-01-09 16:36:25,243 [main] INFO WorkRoomWebApplication - *** Enter The Share Point Email Id ***
2026-01-09 16:36:26,217 [main] INFO WorkRoomWebApplication - *** click the next button ***
2026-01-09 16:36:26,368 [main] INFO WorkRoomWebApplication - *** Enter The Password ***
2026-01-09 16:36:27,599 [main] INFO WorkRoomWebApplication - *** clicked on the sign in Button ***
2026-01-09 16:36:29,049 [main] INFO WorkRoomWebApplication - *** click the Reconcillation and reports main Menu***
2026-01-09 16:36:31,272 [main] INFO WorkRoomWebApplication - *** click the Subs Unit price Sub Menu**
2026-01-09 16:36:32,875 [main] INFO WorkRoomWebApplication - *** Table List Data  **
2026-01-09 16:37:01,002 [main] INFO WorkRoomWebApplication - ************* Launching CHROME Browser *****************
2026-01-09 16:37:02,628 [main] INFO WorkRoomWebApplication - ************* Browser Launched and Maximized *****************
2026-01-09 16:37:02,732 [main] INFO WorkRoomWebApplication - ************* Get The Application URL  *****************
2026-01-09 16:37:08,900 [main] INFO WorkRoomWebApplication - *** Enter The Share Point Email Id ***
2026-01-09 16:37:09,805 [main] INFO WorkRoomWebApplication - *** click the next button ***
2026-01-09 16:37:09,947 [main] INFO WorkRoomWebApplication - *** Enter The Password ***
2026-01-09 16:37:11,394 [main] INFO WorkRoomWebApplication - *** clicked on the sign in Button ***
2026-01-09 16:37:12,876 [main] INFO WorkRoomWebApplication - *** click the Reconcillation and reports main Menu***
2026-01-09 16:37:21,043 [main] INFO WorkRoomWebApplication - *** click the Subs Unit price Sub Menu**
2026-01-09 16:37:23,445 [main] INFO WorkRoomWebApplication - *** Table List Data  **
2026-01-09 16:47:15,898 [main] INFO WorkRoomWebApplication - ************* Launching CHROME Browser *****************
2026-01-09 16:47:16,918 [main] INFO WorkRoomWebApplication - ************* Browser Launched and Maximized *****************
2026-01-09 16:47:17,102 [main] INFO WorkRoomWebApplication - ************* Get The Application URL  *****************
2026-01-09 16:47:18,389 [main] INFO WorkRoomWebApplication - *** Enter The Share Point Email Id ***
2026-01-09 16:47:19,195 [main] INFO WorkRoomWebApplication - *** click the next button ***
2026-01-09 16:47:19,349 [main] INFO WorkRoomWebApplication - *** Enter The Password ***
2026-01-09 16:47:20,726 [main] INFO WorkRoomWebApplication - *** clicked on the sign in Button ***
2026-01-09 16:47:22,483 [main] INFO WorkRoomWebApplication - *** click the Reconcillation and reports main Menu***
2026-01-09 16:47:25,721 [main] INFO WorkRoomWebApplication - *** click the Subs Unit price Sub Menu**
2026-01-09 16:47:27,518 [main] INFO WorkRoomWebApplication - *** Table List Data  **
2026-01-09 16:48:08,313 [main] INFO WorkRoomWebApplication - ************* Launching CHROME Browser *****************
2026-01-09 16:48:09,572 [main] INFO WorkRoomWebApplication - ************* Browser Launched and Maximized *****************
2026-01-09 16:48:09,997 [main] INFO WorkRoomWebApplication - ************* Get The Application URL  *****************
2026-01-09 16:48:11,165 [main] INFO WorkRoomWebApplication - *** Enter The Share Point Email Id ***
2026-01-09 16:48:12,271 [main] INFO WorkRoomWebApplication - *** click the next button ***
2026-01-09 16:48:12,462 [main] INFO WorkRoomWebApplication - *** Enter The Password ***
2026-01-09 16:48:13,724 [main] INFO WorkRoomWebApplication - *** clicked on the sign in Button ***
2026-01-09 16:48:15,213 [main] INFO WorkRoomWebApplication - *** click the Reconcillation and reports main Menu***
2026-01-09 16:48:19,488 [main] INFO WorkRoomWebApplication - *** click the Subs Unit price Sub Menu**
2026-01-09 16:48:22,003 [main] INFO WorkRoomWebApplication - *** Table List Data  **
2026-01-09 16:52:06,864 [main] INFO WorkRoomWebApplication - ************* Launching CHROME Browser *****************
2026-01-09 16:52:07,917 [main] INFO WorkRoomWebApplication - ************* Browser Launched and Maximized *****************
2026-01-09 16:52:08,041 [main] INFO WorkRoomWebApplication - ************* Get The Application URL  *****************
2026-01-09 16:52:09,028 [main] INFO WorkRoomWebApplication - *** Enter The Share Point Email Id ***
2026-01-09 16:52:10,058 [main] INFO WorkRoomWebApplication - *** click the next button ***
2026-01-09 16:52:10,230 [main] INFO WorkRoomWebApplication - *** Enter The Password ***
2026-01-09 16:52:11,702 [main] INFO WorkRoomWebApplication - *** clicked on the sign in Button ***
2026-01-09 16:52:13,187 [main] INFO WorkRoomWebApplication - *** click the Reconcillation and reports main Menu***
2026-01-09 16:52:15,735 [main] INFO WorkRoomWebApplication - *** click the Subs Unit price Sub Menu**
2026-01-09 16:52:17,791 [main] INFO WorkRoomWebApplication - *** Table List Data  **
2026-01-09 16:56:37,300 [main] INFO WorkRoomWebApplication - ************* Launching CHROME Browser *****************
2026-01-09 16:56:51,036 [main] INFO WorkRoomWebApplication - ************* Launching CHROME Browser *****************
2026-01-09 16:56:52,314 [main] INFO WorkRoomWebApplication - ************* Browser Launched and Maximized *****************
2026-01-09 16:56:52,495 [main] INFO WorkRoomWebApplication - ************* Get The Application URL  *****************
2026-01-09 16:56:53,650 [main] INFO WorkRoomWebApplication - *** Enter The Share Point Email Id ***
2026-01-09 16:56:54,600 [main] INFO WorkRoomWebApplication - *** click the next button ***
2026-01-09 16:56:54,769 [main] INFO WorkRoomWebApplication - *** Enter The Password ***
2026-01-09 16:56:56,063 [main] INFO WorkRoomWebApplication - *** clicked on the sign in Button ***
2026-01-09 16:56:57,470 [main] INFO WorkRoomWebApplication - *** click the Reconcillation and reports main Menu***
2026-01-09 16:56:59,592 [main] INFO WorkRoomWebApplication - *** click the Subs Unit price Sub Menu**
2026-01-09 16:57:01,281 [main] INFO WorkRoomWebApplication - *** Table List Data  **
2026-01-09 16:59:57,392 [main] INFO WorkRoomWebApplication - ************* Launching CHROME Browser *****************
2026-01-09 16:59:58,803 [main] INFO WorkRoomWebApplication - ************* Browser Launched and Maximized *****************
2026-01-09 16:59:59,105 [main] INFO WorkRoomWebApplication - ************* Get The Application URL  *****************
2026-01-09 17:00:00,495 [main] INFO WorkRoomWebApplication - *** Enter The Share Point Email Id ***
2026-01-09 17:00:02,563 [main] INFO WorkRoomWebApplication - *** click the next button ***
2026-01-09 17:00:02,841 [main] INFO WorkRoomWebApplication - *** Enter The Password ***
2026-01-09 17:00:04,648 [main] INFO WorkRoomWebApplication - *** clicked on the sign in Button ***
2026-01-09 17:00:07,014 [main] INFO WorkRoomWebApplication - *** click the Reconcillation and reports main Menu***
2026-01-09 17:00:21,421 [main] INFO WorkRoomWebApplication - *** click the Subs Unit price Sub Menu**
2026-01-09 17:00:24,220 [main] INFO WorkRoomWebApplication - *** Table List Data  **
2026-01-09 17:06:31,474 [main] INFO WorkRoomWebApplication - ************* Launching CHROME Browser *****************
2026-01-09 17:06:33,091 [main] INFO WorkRoomWebApplication - ************* Browser Launched and Maximized *****************
2026-01-09 17:06:33,319 [main] INFO WorkRoomWebApplication - ************* Get The Application URL  *****************
2026-01-09 17:06:34,398 [main] INFO WorkRoomWebApplication - *** Enter The Share Point Email Id ***
2026-01-09 17:06:35,442 [main] INFO WorkRoomWebApplication - *** click the next button ***
2026-01-09 17:06:35,615 [main] INFO WorkRoomWebApplication - *** Enter The Password ***
2026-01-09 17:06:37,187 [main] INFO WorkRoomWebApplication - *** clicked on the sign in Button ***
2026-01-09 17:06:38,435 [main] INFO WorkRoomWebApplication - *** click the Reconcillation and reports main Menu***
2026-01-09 17:06:41,987 [main] INFO WorkRoomWebApplication - *** click the Subs Unit price Sub Menu**
2026-01-09 17:06:43,172 [main] INFO WorkRoomWebApplication - *** click the Add button of subcontractor unit price**
2026-01-09 17:06:44,387 [main] INFO WorkRoomWebApplication - *** Entering the itemcode**
2026-01-09 17:06:45,724 [main] INFO WorkRoomWebApplication - *** Entering the materialName**
2026-01-09 17:06:45,897 [main] INFO WorkRoomWebApplication - *** Entering the UOM**
2026-01-09 17:06:46,072 [main] INFO WorkRoomWebApplication - *** Click The DropDown**
2026-01-09 17:06:46,175 [main] INFO WorkRoomWebApplication - *** List of Subcontractorse**
2026-01-09 17:06:46,611 [main] INFO WorkRoomWebApplication - *** Random sub contractor selecting**
2026-01-09 17:06:47,745 [main] INFO WorkRoomWebApplication - *** Entering the UnitPrice**
2026-01-09 17:06:47,948 [main] INFO WorkRoomWebApplication - *** Selecting The Date **
2026-01-09 17:06:48,181 [main] INFO WorkRoomWebApplication - *** Clicked The saveButton**
2026-01-09 17:06:48,333 [main] INFO WorkRoomWebApplication - *** Clicked Okay Button**
2026-01-09 17:06:49,057 [main] INFO WorkRoomWebApplication - ************* Launching CHROME Browser *****************
2026-01-09 17:06:50,305 [main] INFO WorkRoomWebApplication - ************* Browser Launched and Maximized *****************
2026-01-09 17:06:51,045 [main] INFO WorkRoomWebApplication - ************* Get The Application URL  *****************
2026-01-09 17:06:52,525 [main] INFO WorkRoomWebApplication - *** Enter The Share Point Email Id ***
2026-01-09 17:06:54,074 [main] INFO WorkRoomWebApplication - *** click the next button ***
2026-01-09 17:06:54,260 [main] INFO WorkRoomWebApplication - *** Enter The Password ***
2026-01-09 17:06:55,525 [main] INFO WorkRoomWebApplication - *** clicked on the sign in Button ***
2026-01-09 17:06:56,842 [main] INFO WorkRoomWebApplication - *** click the Reconcillation and reports main Menu***
2026-01-09 17:07:05,507 [main] INFO WorkRoomWebApplication - *** click the Subs Unit price Sub Menu**
2026-01-09 17:07:08,149 [main] INFO WorkRoomWebApplication - *** click the Add button of subcontractor unit price**
2026-01-09 17:07:08,474 [main] INFO WorkRoomWebApplication - *** Clicks The Okay Button **
2026-01-09 17:07:09,964 [main] INFO WorkRoomWebApplication - *** Find The Count of Error Message **
2026-01-09 17:07:10,271 [main] INFO WorkRoomWebApplication - ************* Launching CHROME Browser *****************
2026-01-09 17:07:11,328 [main] INFO WorkRoomWebApplication - ************* Browser Launched and Maximized *****************
2026-01-09 17:07:11,779 [main] INFO WorkRoomWebApplication - ************* Get The Application URL  *****************
2026-01-09 17:07:13,195 [main] INFO WorkRoomWebApplication - *** Enter The Share Point Email Id ***
2026-01-09 17:07:14,533 [main] INFO WorkRoomWebApplication - *** click the next button ***
2026-01-09 17:07:14,825 [main] INFO WorkRoomWebApplication - *** Enter The Password ***
2026-01-09 17:07:16,657 [main] INFO WorkRoomWebApplication - *** clicked on the sign in Button ***
2026-01-09 17:07:19,681 [main] INFO WorkRoomWebApplication - *** click the Reconcillation and reports main Menu***
2026-01-09 17:07:37,034 [main] INFO WorkRoomWebApplication - *** click the Subs Unit price Sub Menu**
2026-01-09 17:07:39,601 [main] INFO WorkRoomWebApplication - *** Table List Data  **
2026-01-13 10:47:34,972 [main] INFO WorkRoomWebApplication - ************* Launching CHROME Browser *****************
2026-01-13 10:47:36,916 [main] INFO WorkRoomWebApplication - ************* Browser Launched and Maximized *****************
2026-01-13 10:47:37,090 [main] INFO WorkRoomWebApplication - ************* Get The Application URL  *****************
2026-01-13 10:47:45,376 [main] INFO WorkRoomWebApplication - *** Enter The Share Point Email Id ***
2026-01-13 10:47:47,387 [main] INFO WorkRoomWebApplication - *** click the next button ***
2026-01-13 10:47:47,723 [main] INFO WorkRoomWebApplication - *** Enter The Password ***
2026-01-13 10:47:49,399 [main] INFO WorkRoomWebApplication - *** clicked on the sign in Button ***
2026-01-13 10:48:22,428 [main] INFO WorkRoomWebApplication - *** click the Reconcillation and reports main Menu***
2026-01-13 10:48:22,825 [main] INFO WorkRoomWebApplication - *** click the Subs Unit price Sub Menu**
2026-01-13 10:50:49,430 [main] INFO WorkRoomWebApplication - ************* Launching CHROME Browser *****************
2026-01-13 10:50:51,047 [main] INFO WorkRoomWebApplication - ************* Browser Launched and Maximized *****************
2026-01-13 10:50:51,161 [main] INFO WorkRoomWebApplication - ************* Get The Application URL  *****************
2026-01-13 10:50:52,467 [main] INFO WorkRoomWebApplication - *** Enter The Share Point Email Id ***
2026-01-13 10:50:53,605 [main] INFO WorkRoomWebApplication - *** click the next button ***
2026-01-13 10:50:53,779 [main] INFO WorkRoomWebApplication - *** Enter The Password ***
2026-01-13 10:50:55,419 [main] INFO WorkRoomWebApplication - *** clicked on the sign in Button ***
2026-01-13 10:50:57,152 [main] INFO WorkRoomWebApplication - *** click the Reconcillation and reports main Menu***
2026-01-13 10:51:01,590 [main] INFO WorkRoomWebApplication - *** click the Subs Unit price Sub Menu**
2026-01-13 10:52:10,673 [main] INFO WorkRoomWebApplication - ************* Launching CHROME Browser *****************
2026-01-13 10:52:12,353 [main] INFO WorkRoomWebApplication - ************* Browser Launched and Maximized *****************
2026-01-13 10:52:12,568 [main] INFO WorkRoomWebApplication - ************* Get The Application URL  *****************
2026-01-13 10:52:14,157 [main] INFO WorkRoomWebApplication - *** Enter The Share Point Email Id ***
2026-01-13 10:52:15,505 [main] INFO WorkRoomWebApplication - *** click the next button ***
2026-01-13 10:52:15,788 [main] INFO WorkRoomWebApplication - *** Enter The Password ***
2026-01-13 10:52:17,418 [main] INFO WorkRoomWebApplication - *** clicked on the sign in Button ***
2026-01-13 10:52:26,207 [main] INFO WorkRoomWebApplication - *** click the Reconcillation and reports main Menu***
2026-01-13 10:52:26,641 [main] INFO WorkRoomWebApplication - *** click the Subs Unit price Sub Menu**
2026-01-13 10:55:09,311 [main] INFO WorkRoomWebApplication - ************* Launching CHROME Browser *****************
2026-01-13 10:55:11,207 [main] INFO WorkRoomWebApplication - ************* Browser Launched and Maximized *****************
2026-01-13 10:55:11,602 [main] INFO WorkRoomWebApplication - ************* Get The Application URL  *****************
2026-01-13 10:55:13,689 [main] INFO WorkRoomWebApplication - *** Enter The Share Point Email Id ***
2026-01-13 10:55:15,382 [main] INFO WorkRoomWebApplication - *** click the next button ***
2026-01-13 10:55:15,891 [main] INFO WorkRoomWebApplication - *** Enter The Password ***
2026-01-13 10:55:17,602 [main] INFO WorkRoomWebApplication - *** clicked on the sign in Button ***
2026-01-13 10:55:19,428 [main] INFO WorkRoomWebApplication - *** click the Reconcillation and reports main Menu***
2026-01-13 10:55:23,842 [main] INFO WorkRoomWebApplication - *** click the Subs Unit price Sub Menu**
2026-01-13 10:58:58,898 [main] INFO WorkRoomWebApplication - ************* Launching CHROME Browser *****************
2026-01-13 10:59:00,869 [main] INFO WorkRoomWebApplication - ************* Browser Launched and Maximized *****************
2026-01-13 10:59:01,080 [main] INFO WorkRoomWebApplication - ************* Get The Application URL  *****************
2026-01-13 10:59:02,439 [main] INFO WorkRoomWebApplication - *** Enter The Share Point Email Id ***
2026-01-13 10:59:03,826 [main] INFO WorkRoomWebApplication - *** click the next button ***
2026-01-13 10:59:04,195 [main] INFO WorkRoomWebApplication - *** Enter The Password ***
2026-01-13 10:59:06,020 [main] INFO WorkRoomWebApplication - *** clicked on the sign in Button ***
2026-01-13 10:59:07,543 [main] INFO WorkRoomWebApplication - *** click the Reconcillation and reports main Menu***
2026-01-13 10:59:15,410 [main] INFO WorkRoomWebApplication - *** click the Subs Unit price Sub Menu**
2026-01-13 10:59:51,364 [main] INFO WorkRoomWebApplication - ************* Launching CHROME Browser *****************
2026-01-13 10:59:53,173 [main] INFO WorkRoomWebApplication - ************* Browser Launched and Maximized *****************
2026-01-13 10:59:53,450 [main] INFO WorkRoomWebApplication - ************* Get The Application URL  *****************
2026-01-13 10:59:54,852 [main] INFO WorkRoomWebApplication - *** Enter The Share Point Email Id ***
2026-01-13 10:59:56,311 [main] INFO WorkRoomWebApplication - *** click the next button ***
2026-01-13 10:59:56,481 [main] INFO WorkRoomWebApplication - *** Enter The Password ***
2026-01-13 10:59:57,797 [main] INFO WorkRoomWebApplication - *** clicked on the sign in Button ***
2026-01-13 11:00:05,567 [main] INFO WorkRoomWebApplication - *** click the Reconcillation and reports main Menu***
2026-01-13 11:00:05,925 [main] INFO WorkRoomWebApplication - *** click the Subs Unit price Sub Menu**
2026-01-13 11:01:15,811 [main] INFO WorkRoomWebApplication - ************* Launching CHROME Browser *****************
2026-01-13 11:01:17,908 [main] INFO WorkRoomWebApplication - ************* Browser Launched and Maximized *****************
2026-01-13 11:01:18,124 [main] INFO WorkRoomWebApplication - ************* Get The Application URL  *****************
2026-01-13 11:01:19,676 [main] INFO WorkRoomWebApplication - *** Enter The Share Point Email Id ***
2026-01-13 11:01:20,887 [main] INFO WorkRoomWebApplication - *** click the next button ***
2026-01-13 11:01:21,276 [main] INFO WorkRoomWebApplication - *** Enter The Password ***
2026-01-13 11:01:22,591 [main] INFO WorkRoomWebApplication - *** clicked on the sign in Button ***
2026-01-13 11:01:24,351 [main] INFO WorkRoomWebApplication - *** click the Reconcillation and reports main Menu***
2026-01-13 11:01:28,030 [main] INFO WorkRoomWebApplication - *** click the Subs Unit price Sub Menu**
2026-01-13 11:07:09,490 [main] INFO WorkRoomWebApplication - ************* Launching CHROME Browser *****************
2026-01-13 11:07:11,370 [main] INFO WorkRoomWebApplication - ************* Browser Launched and Maximized *****************
2026-01-13 11:07:11,596 [main] INFO WorkRoomWebApplication - ************* Get The Application URL  *****************
2026-01-13 11:07:13,153 [main] INFO WorkRoomWebApplication - *** Enter The Share Point Email Id ***
2026-01-13 11:07:14,820 [main] INFO WorkRoomWebApplication - *** click the next button ***
2026-01-13 11:07:15,173 [main] INFO WorkRoomWebApplication - *** Enter The Password ***
2026-01-13 11:07:17,028 [main] INFO WorkRoomWebApplication - *** clicked on the sign in Button ***
2026-01-13 11:07:18,982 [main] INFO WorkRoomWebApplication - *** click the Reconcillation and reports main Menu***
2026-01-13 11:07:23,772 [main] INFO WorkRoomWebApplication - *** click the Subs Unit price Sub Menu**
2026-01-13 11:12:05,104 [main] INFO WorkRoomWebApplication - ************* Launching CHROME Browser *****************
2026-01-13 11:12:07,173 [main] INFO WorkRoomWebApplication - ************* Browser Launched and Maximized *****************
2026-01-13 11:12:07,507 [main] INFO WorkRoomWebApplication - ************* Get The Application URL  *****************
2026-01-13 11:12:08,768 [main] INFO WorkRoomWebApplication - *** Enter The Share Point Email Id ***
2026-01-13 11:12:10,102 [main] INFO WorkRoomWebApplication - *** click the next button ***
2026-01-13 11:12:10,324 [main] INFO WorkRoomWebApplication - *** Enter The Password ***
2026-01-13 11:12:11,992 [main] INFO WorkRoomWebApplication - *** clicked on the sign in Button ***
2026-01-13 11:12:14,101 [main] INFO WorkRoomWebApplication - *** click the Reconcillation and reports main Menu***
2026-01-13 11:12:17,419 [main] INFO WorkRoomWebApplication - *** click the Subs Unit price Sub Menu**
2026-01-13 11:16:01,179 [main] INFO WorkRoomWebApplication - ************* Launching CHROME Browser *****************
2026-01-13 11:16:02,814 [main] INFO WorkRoomWebApplication - ************* Browser Launched and Maximized *****************
2026-01-13 11:16:03,025 [main] INFO WorkRoomWebApplication - ************* Get The Application URL  *****************
2026-01-13 11:16:04,526 [main] INFO WorkRoomWebApplication - *** Enter The Share Point Email Id ***
2026-01-13 11:16:05,987 [main] INFO WorkRoomWebApplication - *** click the next button ***
2026-01-13 11:16:06,391 [main] INFO WorkRoomWebApplication - *** Enter The Password ***
2026-01-13 11:16:07,641 [main] INFO WorkRoomWebApplication - *** clicked on the sign in Button ***
2026-01-13 11:16:09,710 [main] INFO WorkRoomWebApplication - *** click the Reconcillation and reports main Menu***
2026-01-13 11:16:20,020 [main] INFO WorkRoomWebApplication - *** click the Subs Unit price Sub Menu**
2026-01-13 11:16:49,454 [main] INFO WorkRoomWebApplication - ************* Launching CHROME Browser *****************
2026-01-13 11:16:51,892 [main] INFO WorkRoomWebApplication - ************* Browser Launched and Maximized *****************
2026-01-13 11:16:52,278 [main] INFO WorkRoomWebApplication - ************* Get The Application URL  *****************
2026-01-13 11:17:08,748 [main] INFO WorkRoomWebApplication - *** Enter The Share Point Email Id ***
2026-01-13 11:17:09,959 [main] INFO WorkRoomWebApplication - *** click the next button ***
2026-01-13 11:17:10,165 [main] INFO WorkRoomWebApplication - *** Enter The Password ***
2026-01-13 11:17:11,682 [main] INFO WorkRoomWebApplication - *** clicked on the sign in Button ***
2026-01-13 11:17:13,439 [main] INFO WorkRoomWebApplication - *** click the Reconcillation and reports main Menu***
2026-01-13 11:17:33,075 [main] INFO WorkRoomWebApplication - *** click the Subs Unit price Sub Menu**
2026-01-13 11:28:38,869 [main] INFO WorkRoomWebApplication - ************* Launching CHROME Browser *****************
2026-01-13 11:28:40,639 [main] INFO WorkRoomWebApplication - ************* Browser Launched and Maximized *****************
2026-01-13 11:28:40,877 [main] INFO WorkRoomWebApplication - ************* Get The Application URL  *****************
2026-01-13 11:28:42,563 [main] INFO WorkRoomWebApplication - *** Enter The Share Point Email Id ***
2026-01-13 11:28:43,809 [main] INFO WorkRoomWebApplication - *** click the next button ***
2026-01-13 11:28:44,216 [main] INFO WorkRoomWebApplication - *** Enter The Password ***
2026-01-13 11:28:45,874 [main] INFO WorkRoomWebApplication - *** clicked on the sign in Button ***
2026-01-13 11:28:47,491 [main] INFO WorkRoomWebApplication - *** click the Reconcillation and reports main Menu***
2026-01-13 11:28:59,835 [main] INFO WorkRoomWebApplication - *** click the Subs Unit price Sub Menu**
2026-01-13 11:29:41,220 [main] INFO WorkRoomWebApplication - ************* Launching CHROME Browser *****************
2026-01-13 11:29:42,934 [main] INFO WorkRoomWebApplication - ************* Browser Launched and Maximized *****************
2026-01-13 11:29:43,201 [main] INFO WorkRoomWebApplication - ************* Get The Application URL  *****************
2026-01-13 11:29:44,739 [main] INFO WorkRoomWebApplication - *** Enter The Share Point Email Id ***
2026-01-13 11:29:46,497 [main] INFO WorkRoomWebApplication - *** click the next button ***
2026-01-13 11:29:46,694 [main] INFO WorkRoomWebApplication - *** Enter The Password ***
2026-01-13 11:29:48,211 [main] INFO WorkRoomWebApplication - *** clicked on the sign in Button ***
2026-01-13 11:29:49,709 [main] INFO WorkRoomWebApplication - *** click the Reconcillation and reports main Menu***
2026-01-13 11:29:54,502 [main] INFO WorkRoomWebApplication - *** click the Subs Unit price Sub Menu**
2026-01-13 11:37:47,992 [main] INFO WorkRoomWebApplication - ************* Launching CHROME Browser *****************
2026-01-13 11:37:49,642 [main] INFO WorkRoomWebApplication - ************* Browser Launched and Maximized *****************
2026-01-13 11:37:49,991 [main] INFO WorkRoomWebApplication - ************* Get The Application URL  *****************
2026-01-13 11:37:51,460 [main] INFO WorkRoomWebApplication - *** Enter The Share Point Email Id ***
2026-01-13 11:37:52,878 [main] INFO WorkRoomWebApplication - *** click the next button ***
2026-01-13 11:37:53,129 [main] INFO WorkRoomWebApplication - *** Enter The Password ***
2026-01-13 11:37:54,968 [main] INFO WorkRoomWebApplication - *** clicked on the sign in Button ***
2026-01-13 11:37:56,659 [main] INFO WorkRoomWebApplication - *** click the Reconcillation and reports main Menu***
2026-01-13 11:38:00,509 [main] INFO WorkRoomWebApplication - *** click the Subs Unit price Sub Menu**
2026-01-13 11:59:06,361 [main] INFO WorkRoomWebApplication - ************* Launching CHROME Browser *****************
2026-01-13 11:59:08,118 [main] INFO WorkRoomWebApplication - ************* Browser Launched and Maximized *****************
2026-01-13 11:59:08,526 [main] INFO WorkRoomWebApplication - ************* Get The Application URL  *****************
2026-01-13 11:59:10,049 [main] INFO WorkRoomWebApplication - *** Enter The Share Point Email Id ***
2026-01-13 11:59:11,497 [main] INFO WorkRoomWebApplication - *** click the next button ***
2026-01-13 11:59:11,881 [main] INFO WorkRoomWebApplication - *** Enter The Password ***
2026-01-13 11:59:13,477 [main] INFO WorkRoomWebApplication - *** clicked on the sign in Button ***
2026-01-13 11:59:16,055 [main] INFO WorkRoomWebApplication - *** click the Reconcillation and reports main Menu***
2026-01-13 11:59:21,371 [main] INFO WorkRoomWebApplication - *** click the Subs Unit price Sub Menu**
2026-01-13 12:01:07,463 [main] INFO WorkRoomWebApplication - ************* Launching CHROME Browser *****************
2026-01-13 12:01:09,086 [main] INFO WorkRoomWebApplication - ************* Browser Launched and Maximized *****************
2026-01-13 12:01:09,370 [main] INFO WorkRoomWebApplication - ************* Get The Application URL  *****************
2026-01-13 12:01:10,835 [main] INFO WorkRoomWebApplication - *** Enter The Share Point Email Id ***
2026-01-13 12:01:12,011 [main] INFO WorkRoomWebApplication - *** click the next button ***
2026-01-13 12:01:12,425 [main] INFO WorkRoomWebApplication - *** Enter The Password ***
2026-01-13 12:01:14,139 [main] INFO WorkRoomWebApplication - *** clicked on the sign in Button ***
2026-01-13 12:01:15,848 [main] INFO WorkRoomWebApplication - *** click the Reconcillation and reports main Menu***
2026-01-13 12:01:21,280 [main] INFO WorkRoomWebApplication - *** click the Subs Unit price Sub Menu**
2026-01-13 12:09:02,525 [main] INFO WorkRoomWebApplication - ************* Launching CHROME Browser *****************
2026-01-13 12:09:04,343 [main] INFO WorkRoomWebApplication - ************* Browser Launched and Maximized *****************
2026-01-13 12:09:04,666 [main] INFO WorkRoomWebApplication - ************* Get The Application URL  *****************
2026-01-13 12:09:06,631 [main] INFO WorkRoomWebApplication - *** Enter The Share Point Email Id ***
2026-01-13 12:09:08,487 [main] INFO WorkRoomWebApplication - *** click the next button ***
2026-01-13 12:09:09,091 [main] INFO WorkRoomWebApplication - *** Enter The Password ***
2026-01-13 12:09:10,042 [main] INFO WorkRoomWebApplication - *** clicked on the sign in Button ***
2026-01-13 12:09:11,870 [main] INFO WorkRoomWebApplication - *** click the Reconcillation and reports main Menu***
2026-01-13 12:09:16,232 [main] INFO WorkRoomWebApplication - *** click the Subs Unit price Sub Menu**
2026-01-13 12:10:17,944 [main] INFO WorkRoomWebApplication - ************* Launching CHROME Browser *****************
2026-01-13 12:10:19,740 [main] INFO WorkRoomWebApplication - ************* Browser Launched and Maximized *****************
2026-01-13 12:10:20,090 [main] INFO WorkRoomWebApplication - ************* Get The Application URL  *****************
2026-01-13 12:10:22,162 [main] INFO WorkRoomWebApplication - *** Enter The Share Point Email Id ***
2026-01-13 12:10:23,158 [main] INFO WorkRoomWebApplication - *** click the next button ***
2026-01-13 12:10:23,526 [main] INFO WorkRoomWebApplication - *** Enter The Password ***
2026-01-13 12:10:25,037 [main] INFO WorkRoomWebApplication - *** clicked on the sign in Button ***
2026-01-13 12:10:26,958 [main] INFO WorkRoomWebApplication - *** click the Reconcillation and reports main Menu***
2026-01-13 12:10:40,806 [main] INFO WorkRoomWebApplication - *** click the Subs Unit price Sub Menu**
2026-01-13 12:12:35,273 [main] INFO WorkRoomWebApplication - ************* Launching CHROME Browser *****************
2026-01-13 12:12:36,799 [main] INFO WorkRoomWebApplication - ************* Browser Launched and Maximized *****************
2026-01-13 12:12:37,060 [main] INFO WorkRoomWebApplication - ************* Get The Application URL  *****************
2026-01-13 12:12:42,706 [main] INFO WorkRoomWebApplication - *** Enter The Share Point Email Id ***
2026-01-13 12:12:44,063 [main] INFO WorkRoomWebApplication - *** click the next button ***
2026-01-13 12:12:44,414 [main] INFO WorkRoomWebApplication - *** Enter The Password ***
2026-01-13 12:12:46,202 [main] INFO WorkRoomWebApplication - *** clicked on the sign in Button ***
2026-01-13 12:12:48,046 [main] INFO WorkRoomWebApplication - *** click the Reconcillation and reports main Menu***
2026-01-13 12:12:59,442 [main] INFO WorkRoomWebApplication - *** click the Subs Unit price Sub Menu**
2026-01-13 12:16:19,073 [main] INFO WorkRoomWebApplication - ************* Launching CHROME Browser *****************
2026-01-13 12:16:20,774 [main] INFO WorkRoomWebApplication - ************* Browser Launched and Maximized *****************
2026-01-13 12:16:21,046 [main] INFO WorkRoomWebApplication - ************* Get The Application URL  *****************
2026-01-13 12:16:22,847 [main] INFO WorkRoomWebApplication - *** Enter The Share Point Email Id ***
2026-01-13 12:16:24,576 [main] INFO WorkRoomWebApplication - *** click the next button ***
2026-01-13 12:16:24,897 [main] INFO WorkRoomWebApplication - *** Enter The Password ***
2026-01-13 12:16:26,381 [main] INFO WorkRoomWebApplication - *** clicked on the sign in Button ***
2026-01-13 12:16:28,076 [main] INFO WorkRoomWebApplication - *** click the Reconcillation and reports main Menu***
2026-01-13 12:16:38,384 [main] INFO WorkRoomWebApplication - *** click the Subs Unit price Sub Menu**
2026-01-13 12:16:40,834 [main] INFO WorkRoomWebApplication - *** click the Add button of subcontractor unit price**
2026-01-13 12:16:41,096 [main] INFO WorkRoomWebApplication - *** Entering the itemcode**
2026-01-13 12:16:42,221 [main] INFO WorkRoomWebApplication - *** Entering the materialName**
2026-01-13 12:16:42,478 [main] INFO WorkRoomWebApplication - *** Entering the UOM**
2026-01-13 12:16:42,747 [main] INFO WorkRoomWebApplication - *** Click The DropDown**
2026-01-13 12:16:42,932 [main] INFO WorkRoomWebApplication - *** List of Subcontractorse**
2026-01-13 12:16:43,553 [main] INFO WorkRoomWebApplication - *** Random sub contractor selecting**
2026-01-13 12:16:44,810 [main] INFO WorkRoomWebApplication - *** Entering the UnitPrice**
2026-01-13 12:16:45,118 [main] INFO WorkRoomWebApplication - *** Selecting The Date **
2026-01-13 12:16:45,412 [main] INFO WorkRoomWebApplication - *** Clicked The saveButton**
2026-01-13 12:16:45,615 [main] INFO WorkRoomWebApplication - *** Clicked Okay Button**
2026-01-13 12:16:47,237 [main] INFO WorkRoomWebApplication - ************* Launching CHROME Browser *****************
2026-01-13 12:16:48,163 [main] INFO WorkRoomWebApplication - ************* Browser Launched and Maximized *****************
2026-01-13 12:16:48,426 [main] INFO WorkRoomWebApplication - ************* Get The Application URL  *****************
2026-01-13 12:16:50,674 [main] INFO WorkRoomWebApplication - *** Enter The Share Point Email Id ***
2026-01-13 12:16:52,028 [main] INFO WorkRoomWebApplication - *** click the next button ***
2026-01-13 12:16:52,204 [main] INFO WorkRoomWebApplication - *** Enter The Password ***
2026-01-13 12:16:53,678 [main] INFO WorkRoomWebApplication - *** clicked on the sign in Button ***
2026-01-13 12:16:55,142 [main] INFO WorkRoomWebApplication - *** click the Reconcillation and reports main Menu***
2026-01-13 12:17:01,268 [main] INFO WorkRoomWebApplication - *** click the Subs Unit price Sub Menu**
2026-01-13 12:17:04,835 [main] INFO WorkRoomWebApplication - *** click the Add button of subcontractor unit price**
2026-01-13 12:17:05,108 [main] INFO WorkRoomWebApplication - *** Clicks The Okay Button **
2026-01-13 12:17:05,997 [main] INFO WorkRoomWebApplication - *** Find The Count of Error Message **
2026-01-13 12:17:06,371 [main] INFO WorkRoomWebApplication - ************* Launching CHROME Browser *****************
2026-01-13 12:17:07,232 [main] INFO WorkRoomWebApplication - ************* Browser Launched and Maximized *****************
2026-01-13 12:17:07,478 [main] INFO WorkRoomWebApplication - ************* Get The Application URL  *****************
2026-01-13 12:17:09,030 [main] INFO WorkRoomWebApplication - *** Enter The Share Point Email Id ***
2026-01-13 12:17:10,473 [main] INFO WorkRoomWebApplication - *** click the next button ***
2026-01-13 12:17:10,634 [main] INFO WorkRoomWebApplication - *** Enter The Password ***
2026-01-13 12:17:12,857 [main] INFO WorkRoomWebApplication - *** clicked on the sign in Button ***
2026-01-13 12:17:15,346 [main] INFO WorkRoomWebApplication - *** click the Reconcillation and reports main Menu***
2026-01-13 12:17:20,043 [main] INFO WorkRoomWebApplication - *** click the Subs Unit price Sub Menu**
2026-01-13 12:17:23,719 [main] INFO WorkRoomWebApplication - *** Table List Data  **
2026-01-13 12:17:31,144 [main] INFO WorkRoomWebApplication - ************* Launching CHROME Browser *****************
2026-01-13 12:17:32,239 [main] INFO WorkRoomWebApplication - ************* Browser Launched and Maximized *****************
2026-01-13 12:17:32,341 [main] INFO WorkRoomWebApplication - ************* Get The Application URL  *****************
2026-01-13 12:17:33,890 [main] INFO WorkRoomWebApplication - *** Enter The Share Point Email Id ***
2026-01-13 12:17:35,470 [main] INFO WorkRoomWebApplication - *** click the next button ***
2026-01-13 12:17:35,864 [main] INFO WorkRoomWebApplication - *** Enter The Password ***
2026-01-13 12:17:37,249 [main] INFO WorkRoomWebApplication - *** clicked on the sign in Button ***
2026-01-13 12:17:38,850 [main] INFO WorkRoomWebApplication - *** click the Reconcillation and reports main Menu***
2026-01-13 12:17:49,111 [main] INFO WorkRoomWebApplication - *** click the Subs Unit price Sub Menu**
2026-01-13 12:37:25,517 [main] INFO WorkRoomWebApplication - ************* Launching CHROME Browser *****************
2026-01-13 12:37:26,607 [main] INFO WorkRoomWebApplication - ************* Browser Launched and Maximized *****************
2026-01-13 12:37:26,805 [main] INFO WorkRoomWebApplication - ************* Get The Application URL  *****************
2026-01-13 12:37:29,213 [main] INFO WorkRoomWebApplication - *** Enter The Share Point Email Id ***
2026-01-13 12:37:31,097 [main] INFO WorkRoomWebApplication - *** click the next button ***
2026-01-13 12:37:31,247 [main] INFO WorkRoomWebApplication - *** Enter The Password ***
2026-01-13 12:37:32,931 [main] INFO WorkRoomWebApplication - *** clicked on the sign in Button ***
2026-01-13 12:37:34,858 [main] INFO WorkRoomWebApplication - *** click the Reconcillation and reports main Menu***
2026-01-13 12:37:44,568 [main] INFO WorkRoomWebApplication - *** click the Subs Unit price Sub Menu**
2026-01-13 12:38:14,571 [main] INFO WorkRoomWebApplication - ************* Launching CHROME Browser *****************
2026-01-13 12:38:15,799 [main] INFO WorkRoomWebApplication - ************* Browser Launched and Maximized *****************
2026-01-13 12:38:15,875 [main] INFO WorkRoomWebApplication - ************* Get The Application URL  *****************
2026-01-13 12:38:17,038 [main] INFO WorkRoomWebApplication - *** Enter The Share Point Email Id ***
2026-01-13 12:38:17,822 [main] INFO WorkRoomWebApplication - *** click the next button ***
2026-01-13 12:38:17,945 [main] INFO WorkRoomWebApplication - *** Enter The Password ***
2026-01-13 12:38:19,208 [main] INFO WorkRoomWebApplication - *** clicked on the sign in Button ***
2026-01-13 12:38:20,327 [main] INFO WorkRoomWebApplication - *** click the Reconcillation and reports main Menu***
2026-01-13 12:38:25,369 [main] INFO WorkRoomWebApplication - *** click the Subs Unit price Sub Menu**
2026-01-13 12:41:42,371 [main] INFO WorkRoomWebApplication - ************* Launching CHROME Browser *****************
2026-01-13 12:41:43,646 [main] INFO WorkRoomWebApplication - ************* Browser Launched and Maximized *****************
2026-01-13 12:41:43,805 [main] INFO WorkRoomWebApplication - ************* Get The Application URL  *****************
2026-01-13 12:41:45,259 [main] INFO WorkRoomWebApplication - *** Enter The Share Point Email Id ***
2026-01-13 12:41:46,338 [main] INFO WorkRoomWebApplication - *** click the next button ***
2026-01-13 12:41:46,479 [main] INFO WorkRoomWebApplication - *** Enter The Password ***
2026-01-13 12:41:47,832 [main] INFO WorkRoomWebApplication - *** clicked on the sign in Button ***
2026-01-13 12:41:49,256 [main] INFO WorkRoomWebApplication - *** click the Reconcillation and reports main Menu***
2026-01-13 12:41:56,904 [main] INFO WorkRoomWebApplication - *** click the Subs Unit price Sub Menu**
2026-01-13 12:50:59,616 [main] INFO WorkRoomWebApplication - ************* Launching CHROME Browser *****************
2026-01-13 12:51:00,822 [main] INFO WorkRoomWebApplication - ************* Browser Launched and Maximized *****************
2026-01-13 12:51:01,011 [main] INFO WorkRoomWebApplication - ************* Get The Application URL  *****************
2026-01-13 12:51:02,219 [main] INFO WorkRoomWebApplication - *** Enter The Share Point Email Id ***
2026-01-13 12:51:03,038 [main] INFO WorkRoomWebApplication - *** click the next button ***
2026-01-13 12:51:03,180 [main] INFO WorkRoomWebApplication - *** Enter The Password ***
2026-01-13 12:51:04,430 [main] INFO WorkRoomWebApplication - *** clicked on the sign in Button ***
2026-01-13 12:51:06,103 [main] INFO WorkRoomWebApplication - *** click the Reconcillation and reports main Menu***
2026-01-13 12:51:18,806 [main] INFO WorkRoomWebApplication - *** click the Subs Unit price Sub Menu**
2026-01-13 12:55:30,686 [main] INFO WorkRoomWebApplication - ************* Launching CHROME Browser *****************
2026-01-13 12:55:31,757 [main] INFO WorkRoomWebApplication - ************* Browser Launched and Maximized *****************
2026-01-13 12:55:31,900 [main] INFO WorkRoomWebApplication - ************* Get The Application URL  *****************
2026-01-13 12:55:48,786 [main] INFO WorkRoomWebApplication - *** Enter The Share Point Email Id ***
2026-01-13 12:55:49,621 [main] INFO WorkRoomWebApplication - *** click the next button ***
2026-01-13 12:55:49,747 [main] INFO WorkRoomWebApplication - *** Enter The Password ***
2026-01-13 12:55:50,938 [main] INFO WorkRoomWebApplication - *** clicked on the sign in Button ***
2026-01-13 12:55:52,297 [main] INFO WorkRoomWebApplication - *** click the Reconcillation and reports main Menu***
2026-01-13 12:55:55,092 [main] INFO WorkRoomWebApplication - *** click the Subs Unit price Sub Menu**
2026-01-13 12:57:55,804 [main] INFO WorkRoomWebApplication - ************* Launching CHROME Browser *****************
2026-01-13 12:57:56,928 [main] INFO WorkRoomWebApplication - ************* Browser Launched and Maximized *****************
2026-01-13 12:57:57,118 [main] INFO WorkRoomWebApplication - ************* Get The Application URL  *****************
2026-01-13 12:57:58,390 [main] INFO WorkRoomWebApplication - *** Enter The Share Point Email Id ***
2026-01-13 12:57:59,332 [main] INFO WorkRoomWebApplication - *** click the next button ***
2026-01-13 12:57:59,466 [main] INFO WorkRoomWebApplication - *** Enter The Password ***
2026-01-13 12:58:01,264 [main] INFO WorkRoomWebApplication - *** clicked on the sign in Button ***
2026-01-13 12:58:02,679 [main] INFO WorkRoomWebApplication - *** click the Reconcillation and reports main Menu***
2026-01-13 12:58:05,823 [main] INFO WorkRoomWebApplication - *** click the Subs Unit price Sub Menu**
2026-01-13 12:58:54,454 [main] INFO WorkRoomWebApplication - ************* Launching CHROME Browser *****************
2026-01-13 12:58:55,586 [main] INFO WorkRoomWebApplication - ************* Browser Launched and Maximized *****************
2026-01-13 12:58:55,869 [main] INFO WorkRoomWebApplication - ************* Get The Application URL  *****************
2026-01-13 12:58:56,841 [main] INFO WorkRoomWebApplication - *** Enter The Share Point Email Id ***
2026-01-13 12:58:57,774 [main] INFO WorkRoomWebApplication - *** click the next button ***
2026-01-13 12:58:57,892 [main] INFO WorkRoomWebApplication - *** Enter The Password ***
2026-01-13 12:58:59,377 [main] INFO WorkRoomWebApplication - *** clicked on the sign in Button ***
2026-01-13 12:59:00,668 [main] INFO WorkRoomWebApplication - *** click the Reconcillation and reports main Menu***
2026-01-13 12:59:13,320 [main] INFO WorkRoomWebApplication - *** click the Subs Unit price Sub Menu**
2026-01-13 13:17:41,597 [main] INFO WorkRoomWebApplication - ************* Launching CHROME Browser *****************
2026-01-13 13:17:42,709 [main] INFO WorkRoomWebApplication - ************* Browser Launched and Maximized *****************
2026-01-13 13:17:42,923 [main] INFO WorkRoomWebApplication - ************* Get The Application URL  *****************
2026-01-13 13:17:48,717 [main] INFO WorkRoomWebApplication - *** Enter The Share Point Email Id ***
2026-01-13 13:17:49,660 [main] INFO WorkRoomWebApplication - *** click the next button ***
2026-01-13 13:17:49,804 [main] INFO WorkRoomWebApplication - *** Enter The Password ***
2026-01-13 13:17:50,502 [main] INFO WorkRoomWebApplication - *** clicked on the sign in Button ***
2026-01-13 13:17:52,951 [main] INFO WorkRoomWebApplication - *** click the Reconcillation and reports main Menu***
2026-01-13 13:18:00,296 [main] INFO WorkRoomWebApplication - *** click the Subs Unit price Sub Menu**
2026-01-13 13:18:02,222 [main] INFO WorkRoomWebApplication - *** click the Add button of subcontractor unit price**
2026-01-13 13:18:02,514 [main] INFO WorkRoomWebApplication - *** Entering the itemcode**
2026-01-13 13:18:03,279 [main] INFO WorkRoomWebApplication - *** Entering the materialName**
2026-01-13 13:18:03,790 [main] INFO WorkRoomWebApplication - *** Entering the UOM**
2026-01-13 13:18:03,961 [main] INFO WorkRoomWebApplication - *** Click The DropDown**
2026-01-13 13:18:04,070 [main] INFO WorkRoomWebApplication - *** List of Subcontractorse**
2026-01-13 13:18:04,520 [main] INFO WorkRoomWebApplication - *** Random sub contractor selecting**
2026-01-13 13:18:05,654 [main] INFO WorkRoomWebApplication - *** Entering the UnitPrice**
2026-01-13 13:18:05,829 [main] INFO WorkRoomWebApplication - *** Selecting The Date **
2026-01-13 13:18:05,999 [main] INFO WorkRoomWebApplication - *** Clicked The saveButton**
2026-01-13 13:18:06,108 [main] INFO WorkRoomWebApplication - *** Clicked Okay Button**
2026-01-13 13:18:06,900 [main] INFO WorkRoomWebApplication - ************* Launching CHROME Browser *****************
2026-01-13 13:18:07,764 [main] INFO WorkRoomWebApplication - ************* Browser Launched and Maximized *****************
2026-01-13 13:18:08,101 [main] INFO WorkRoomWebApplication - ************* Get The Application URL  *****************
2026-01-13 13:18:09,586 [main] INFO WorkRoomWebApplication - *** Enter The Share Point Email Id ***
2026-01-13 13:18:10,996 [main] INFO WorkRoomWebApplication - *** click the next button ***
2026-01-13 13:18:11,192 [main] INFO WorkRoomWebApplication - *** Enter The Password ***
2026-01-13 13:18:12,615 [main] INFO WorkRoomWebApplication - *** clicked on the sign in Button ***
2026-01-13 13:18:14,529 [main] INFO WorkRoomWebApplication - *** click the Reconcillation and reports main Menu***
2026-01-13 13:18:18,972 [main] INFO WorkRoomWebApplication - *** click the Subs Unit price Sub Menu**
2026-01-13 13:18:21,216 [main] INFO WorkRoomWebApplication - *** click the Add button of subcontractor unit price**
2026-01-13 13:18:21,364 [main] INFO WorkRoomWebApplication - *** Clicks The Okay Button **
2026-01-13 13:18:22,015 [main] INFO WorkRoomWebApplication - *** Find The Count of Error Message **
2026-01-13 13:18:22,280 [main] INFO WorkRoomWebApplication - ************* Launching CHROME Browser *****************
2026-01-13 13:18:23,202 [main] INFO WorkRoomWebApplication - ************* Browser Launched and Maximized *****************
2026-01-13 13:18:23,535 [main] INFO WorkRoomWebApplication - ************* Get The Application URL  *****************
2026-01-13 13:18:25,353 [main] INFO WorkRoomWebApplication - *** Enter The Share Point Email Id ***
2026-01-13 13:18:26,277 [main] INFO WorkRoomWebApplication - *** click the next button ***
2026-01-13 13:18:26,436 [main] INFO WorkRoomWebApplication - *** Enter The Password ***
2026-01-13 13:18:28,066 [main] INFO WorkRoomWebApplication - *** clicked on the sign in Button ***
2026-01-13 13:18:29,453 [main] INFO WorkRoomWebApplication - *** click the Reconcillation and reports main Menu***
2026-01-13 13:18:33,682 [main] INFO WorkRoomWebApplication - *** click the Subs Unit price Sub Menu**
2026-01-13 13:18:35,567 [main] INFO WorkRoomWebApplication - *** Table List Data  **
2026-01-13 13:18:42,930 [main] INFO WorkRoomWebApplication - ************* Launching CHROME Browser *****************
2026-01-13 13:18:43,422 [main] INFO WorkRoomWebApplication - ************* Browser Launched and Maximized *****************
2026-01-13 13:18:43,610 [main] INFO WorkRoomWebApplication - ************* Get The Application URL  *****************
2026-01-13 13:19:01,586 [main] INFO WorkRoomWebApplication - *** Enter The Share Point Email Id ***
2026-01-13 13:19:02,436 [main] INFO WorkRoomWebApplication - *** click the next button ***
2026-01-13 13:19:02,709 [main] INFO WorkRoomWebApplication - *** Enter The Password ***
2026-01-13 13:19:03,946 [main] INFO WorkRoomWebApplication - *** clicked on the sign in Button ***
2026-01-13 13:19:05,149 [main] INFO WorkRoomWebApplication - *** click the Reconcillation and reports main Menu***
2026-01-13 13:19:21,404 [main] INFO WorkRoomWebApplication - *** click the Subs Unit price Sub Menu**
2026-01-13 13:19:23,418 [main] INFO WorkRoomWebApplication - *** Bulk Upload Button Clicked **
2026-01-13 13:19:24,046 [main] INFO WorkRoomWebApplication - *** Sending File Through The Choose File Area **
2026-01-13 13:19:25,929 [main] INFO WorkRoomWebApplication - *** Clicked process import button **
2026-01-13 13:19:26,039 [main] INFO WorkRoomWebApplication - *** Checking What is The Validation Message **
2026-01-13 13:19:26,694 [main] INFO WorkRoomWebApplication - *** After Checking The Validation Message Clicked Okay button **
2026-01-13 14:52:03,542 [main] INFO WorkRoomWebApplication - ************* Launching CHROME Browser *****************
2026-01-13 14:52:06,086 [main] INFO WorkRoomWebApplication - ************* Browser Launched and Maximized *****************
2026-01-13 14:52:06,193 [main] INFO WorkRoomWebApplication - ************* Get The Application URL  *****************
2026-01-13 14:52:33,315 [main] INFO WorkRoomWebApplication - *** Enter The Share Point Email Id ***
2026-01-13 14:52:34,481 [main] INFO WorkRoomWebApplication - *** click the next button ***
2026-01-13 14:52:34,705 [main] INFO WorkRoomWebApplication - *** Enter The Password ***
2026-01-13 14:52:36,157 [main] INFO WorkRoomWebApplication - *** clicked on the sign in Button ***
2026-01-13 14:52:37,813 [main] INFO WorkRoomWebApplication - *** click the Reconcillation and reports main Menu***
2026-01-13 14:52:43,542 [main] INFO WorkRoomWebApplication - *** click the Subs Unit price Sub Menu**
2026-01-13 14:52:46,321 [main] INFO WorkRoomWebApplication - *** Bulk Upload Button Clicked **
2026-01-13 14:53:26,378 [main] INFO WorkRoomWebApplication - ************* Launching CHROME Browser *****************
2026-01-13 14:53:28,122 [main] INFO WorkRoomWebApplication - ************* Browser Launched and Maximized *****************
2026-01-13 14:53:28,624 [main] INFO WorkRoomWebApplication - ************* Get The Application URL  *****************
2026-01-13 14:53:30,306 [main] INFO WorkRoomWebApplication - *** Enter The Share Point Email Id ***
2026-01-13 14:53:32,070 [main] INFO WorkRoomWebApplication - *** click the next button ***
2026-01-13 14:53:32,435 [main] INFO WorkRoomWebApplication - *** Enter The Password ***
2026-01-13 14:53:34,231 [main] INFO WorkRoomWebApplication - *** clicked on the sign in Button ***
2026-01-13 14:53:36,112 [main] INFO WorkRoomWebApplication - *** click the Reconcillation and reports main Menu***
2026-01-13 14:53:42,768 [main] INFO WorkRoomWebApplication - *** click the Subs Unit price Sub Menu**
2026-01-13 14:53:46,158 [main] INFO WorkRoomWebApplication - *** Bulk Upload Button Clicked **
2026-01-13 14:53:46,820 [main] INFO WorkRoomWebApplication - *** Sending File Through The Choose File Area With The presence of Data in The Excel Sheet **
2026-01-13 14:53:48,566 [main] INFO WorkRoomWebApplication - *** Clicked process import button **
2026-01-13 14:53:48,728 [main] INFO WorkRoomWebApplication - *** Checking What is The Validation Message **
2026-01-13 14:53:49,475 [main] INFO WorkRoomWebApplication - *** After Checking The Validation Message Clicked Okay button **
2026-01-13 15:07:46,584 [main] INFO WorkRoomWebApplication - ************* Remote WebDriver Launched *****************
2026-01-13 15:07:46,855 [main] INFO WorkRoomWebApplication - ************* Get The Application URL  *****************
2026-01-13 15:07:48,468 [main] INFO WorkRoomWebApplication - *** Enter The Share Point Email Id ***
2026-01-13 15:07:49,739 [main] INFO WorkRoomWebApplication - *** click the next button ***
2026-01-13 15:07:49,992 [main] INFO WorkRoomWebApplication - *** Enter The Password ***
2026-01-13 15:07:51,923 [main] INFO WorkRoomWebApplication - *** clicked on the sign in Button ***
2026-01-13 15:07:54,864 [main] INFO WorkRoomWebApplication - *** click the Reconcillation and reports main Menu***
2026-01-13 15:07:58,274 [main] INFO WorkRoomWebApplication - *** click the Subs Unit price Sub Menu**
2026-01-13 15:08:01,448 [main] INFO WorkRoomWebApplication - *** click the Add button of subcontractor unit price**
2026-01-13 15:08:01,698 [main] INFO WorkRoomWebApplication - *** Entering the itemcode**
2026-01-13 15:08:02,897 [main] INFO WorkRoomWebApplication - *** Entering the materialName**
2026-01-13 15:08:03,250 [main] INFO WorkRoomWebApplication - *** Entering the UOM**
2026-01-13 15:08:03,656 [main] INFO WorkRoomWebApplication - *** Click The DropDown**
2026-01-13 15:08:03,917 [main] INFO WorkRoomWebApplication - *** List of Subcontractorse**
2026-01-13 15:08:05,030 [main] INFO WorkRoomWebApplication - *** Random sub contractor selecting**
2026-01-13 15:08:06,338 [main] INFO WorkRoomWebApplication - *** Entering the UnitPrice**
2026-01-13 15:08:06,795 [main] INFO WorkRoomWebApplication - *** Selecting The Date **
2026-01-13 15:08:07,555 [main] INFO WorkRoomWebApplication - *** Clicked The saveButton**
2026-01-13 15:08:07,796 [main] INFO WorkRoomWebApplication - *** Clicked Okay Button**
2026-01-13 15:08:09,462 [main] INFO WorkRoomWebApplication - ************* Quitting Browser *****************
2026-01-13 15:08:09,609 [main] INFO WorkRoomWebApplication - ************* Browser Closed Successfully *****************
2026-01-13 15:08:10,573 [main] INFO WorkRoomWebApplication - ************* Remote WebDriver Launched *****************
2026-01-13 15:08:10,655 [main] INFO WorkRoomWebApplication - ************* Get The Application URL  *****************
2026-01-13 15:08:11,777 [main] INFO WorkRoomWebApplication - *** Enter The Share Point Email Id ***
2026-01-13 15:08:12,953 [main] INFO WorkRoomWebApplication - *** click the next button ***
2026-01-13 15:08:13,135 [main] INFO WorkRoomWebApplication - *** Enter The Password ***
2026-01-13 15:08:14,477 [main] INFO WorkRoomWebApplication - *** clicked on the sign in Button ***
2026-01-13 15:08:16,087 [main] INFO WorkRoomWebApplication - *** click the Reconcillation and reports main Menu***
2026-01-13 15:08:19,922 [main] INFO WorkRoomWebApplication - *** click the Subs Unit price Sub Menu**
2026-01-13 15:08:23,083 [main] INFO WorkRoomWebApplication - *** click the Add button of subcontractor unit price**
2026-01-13 15:08:23,369 [main] INFO WorkRoomWebApplication - *** Clicks The Okay Button **
2026-01-13 15:08:24,565 [main] INFO WorkRoomWebApplication - *** Find The Count of Error Message **
2026-01-13 15:08:25,231 [main] INFO WorkRoomWebApplication - ************* Quitting Browser *****************
2026-01-13 15:08:25,409 [main] INFO WorkRoomWebApplication - ************* Browser Closed Successfully *****************
2026-01-13 15:08:26,262 [main] INFO WorkRoomWebApplication - ************* Remote WebDriver Launched *****************
2026-01-13 15:08:26,356 [main] INFO WorkRoomWebApplication - ************* Get The Application URL  *****************
2026-01-13 15:08:29,826 [main] INFO WorkRoomWebApplication - *** Enter The Share Point Email Id ***
2026-01-13 15:08:30,952 [main] INFO WorkRoomWebApplication - *** click the next button ***
2026-01-13 15:08:31,335 [main] INFO WorkRoomWebApplication - *** Enter The Password ***
2026-01-13 15:08:32,759 [main] INFO WorkRoomWebApplication - *** clicked on the sign in Button ***
2026-01-13 15:08:34,511 [main] INFO WorkRoomWebApplication - *** click the Reconcillation and reports main Menu***
2026-01-13 15:08:38,088 [main] INFO WorkRoomWebApplication - *** click the Subs Unit price Sub Menu**
2026-01-13 15:08:41,821 [main] INFO WorkRoomWebApplication - *** Table List Data  **
2026-01-13 15:08:49,908 [main] INFO WorkRoomWebApplication - ************* Quitting Browser *****************
2026-01-13 15:08:50,022 [main] INFO WorkRoomWebApplication - ************* Browser Closed Successfully *****************
2026-01-13 15:08:50,769 [main] INFO WorkRoomWebApplication - ************* Remote WebDriver Launched *****************
2026-01-13 15:08:50,802 [main] INFO WorkRoomWebApplication - ************* Get The Application URL  *****************
2026-01-13 15:08:56,154 [main] INFO WorkRoomWebApplication - *** Enter The Share Point Email Id ***
2026-01-13 15:08:57,702 [main] INFO WorkRoomWebApplication - *** click the next button ***
2026-01-13 15:08:57,937 [main] INFO WorkRoomWebApplication - *** Enter The Password ***
2026-01-13 15:08:59,321 [main] INFO WorkRoomWebApplication - *** clicked on the sign in Button ***
2026-01-13 15:09:00,917 [main] INFO WorkRoomWebApplication - *** click the Reconcillation and reports main Menu***
2026-01-13 15:09:08,842 [main] INFO WorkRoomWebApplication - *** click the Subs Unit price Sub Menu**
2026-01-13 15:09:11,293 [main] INFO WorkRoomWebApplication - *** Bulk Upload Button Clicked **
2026-01-13 15:09:11,995 [main] INFO WorkRoomWebApplication - *** Sending File Through The Choose File Area With Empty Data of Excel Sheet **
2026-01-13 15:09:13,103 [main] INFO WorkRoomWebApplication - ************* Quitting Browser *****************
2026-01-13 15:09:13,221 [main] INFO WorkRoomWebApplication - ************* Browser Closed Successfully *****************
2026-01-13 15:09:14,211 [main] INFO WorkRoomWebApplication - ************* Remote WebDriver Launched *****************
2026-01-13 15:09:14,299 [main] INFO WorkRoomWebApplication - ************* Get The Application URL  *****************
2026-01-13 15:09:15,921 [main] INFO WorkRoomWebApplication - *** Enter The Share Point Email Id ***
2026-01-13 15:09:17,399 [main] INFO WorkRoomWebApplication - *** click the next button ***
2026-01-13 15:09:17,586 [main] INFO WorkRoomWebApplication - *** Enter The Password ***
2026-01-13 15:09:19,351 [main] INFO WorkRoomWebApplication - *** clicked on the sign in Button ***
2026-01-13 15:09:21,505 [main] INFO WorkRoomWebApplication - *** click the Reconcillation and reports main Menu***
2026-01-13 15:09:25,696 [main] INFO WorkRoomWebApplication - *** click the Subs Unit price Sub Menu**
2026-01-13 15:09:28,773 [main] INFO WorkRoomWebApplication - *** Bulk Upload Button Clicked **
2026-01-13 15:09:29,475 [main] INFO WorkRoomWebApplication - *** Sending File Through The Choose File Area With The presence of Data in The Excel Sheet **
2026-01-13 15:09:30,592 [main] INFO WorkRoomWebApplication - ************* Quitting Browser *****************
2026-01-13 15:09:30,710 [main] INFO WorkRoomWebApplication - ************* Browser Closed Successfully *****************
2026-01-13 15:10:31,125 [main] INFO WorkRoomWebApplication - ************* Remote WebDriver Launched *****************
2026-01-13 15:10:31,350 [main] INFO WorkRoomWebApplication - ************* Get The Application URL  *****************
2026-01-13 15:10:32,661 [main] INFO WorkRoomWebApplication - *** Enter The Share Point Email Id ***
2026-01-13 15:10:34,412 [main] INFO WorkRoomWebApplication - *** click the next button ***
2026-01-13 15:10:34,639 [main] INFO WorkRoomWebApplication - *** Enter The Password ***
2026-01-13 15:10:35,932 [main] INFO WorkRoomWebApplication - *** clicked on the sign in Button ***
2026-01-13 15:10:38,062 [main] INFO WorkRoomWebApplication - *** click the Reconcillation and reports main Menu***
2026-01-13 15:10:43,956 [main] INFO WorkRoomWebApplication - *** click the Subs Unit price Sub Menu**
2026-01-13 15:10:46,589 [main] INFO WorkRoomWebApplication - *** click the Add button of subcontractor unit price**
2026-01-13 15:10:47,048 [main] INFO WorkRoomWebApplication - *** Entering the itemcode**
2026-01-13 15:10:48,891 [main] INFO WorkRoomWebApplication - *** Entering the materialName**
2026-01-13 15:10:49,252 [main] INFO WorkRoomWebApplication - *** Entering the UOM**
2026-01-13 15:10:49,649 [main] INFO WorkRoomWebApplication - *** Click The DropDown**
2026-01-13 15:10:49,930 [main] INFO WorkRoomWebApplication - *** List of Subcontractorse**
2026-01-13 15:10:51,077 [main] INFO WorkRoomWebApplication - *** Random sub contractor selecting**
2026-01-13 15:10:52,467 [main] INFO WorkRoomWebApplication - *** Entering the UnitPrice**
2026-01-13 15:10:52,863 [main] INFO WorkRoomWebApplication - *** Selecting The Date **
2026-01-13 15:10:53,261 [main] INFO WorkRoomWebApplication - *** Clicked The saveButton**
2026-01-13 15:10:53,523 [main] INFO WorkRoomWebApplication - *** Clicked Okay Button**
2026-01-13 15:10:54,795 [main] INFO WorkRoomWebApplication - ************* Quitting Browser *****************
2026-01-13 15:10:55,040 [main] INFO WorkRoomWebApplication - ************* Browser Closed Successfully *****************
2026-01-13 15:10:56,140 [main] INFO WorkRoomWebApplication - ************* Remote WebDriver Launched *****************
2026-01-13 15:10:56,295 [main] INFO WorkRoomWebApplication - ************* Get The Application URL  *****************
2026-01-13 15:10:57,767 [main] INFO WorkRoomWebApplication - *** Enter The Share Point Email Id ***
2026-01-13 15:10:59,498 [main] INFO WorkRoomWebApplication - *** click the next button ***
2026-01-13 15:10:59,824 [main] INFO WorkRoomWebApplication - *** Enter The Password ***
2026-01-13 15:11:01,016 [main] INFO WorkRoomWebApplication - *** clicked on the sign in Button ***
2026-01-13 15:11:03,219 [main] INFO WorkRoomWebApplication - *** click the Reconcillation and reports main Menu***
2026-01-13 15:11:07,983 [main] INFO WorkRoomWebApplication - *** click the Subs Unit price Sub Menu**
2026-01-13 15:11:10,593 [main] INFO WorkRoomWebApplication - *** click the Add button of subcontractor unit price**
2026-01-13 15:11:11,010 [main] INFO WorkRoomWebApplication - *** Clicks The Okay Button **
2026-01-13 15:11:12,165 [main] INFO WorkRoomWebApplication - *** Find The Count of Error Message **
2026-01-13 15:11:12,651 [main] INFO WorkRoomWebApplication - ************* Quitting Browser *****************
2026-01-13 15:11:12,805 [main] INFO WorkRoomWebApplication - ************* Browser Closed Successfully *****************
2026-01-13 15:11:13,678 [main] INFO WorkRoomWebApplication - ************* Remote WebDriver Launched *****************
2026-01-13 15:11:13,741 [main] INFO WorkRoomWebApplication - ************* Get The Application URL  *****************
2026-01-13 15:11:15,296 [main] INFO WorkRoomWebApplication - *** Enter The Share Point Email Id ***
2026-01-13 15:11:17,291 [main] INFO WorkRoomWebApplication - *** click the next button ***
2026-01-13 15:11:17,566 [main] INFO WorkRoomWebApplication - *** Enter The Password ***
2026-01-13 15:11:19,171 [main] INFO WorkRoomWebApplication - *** clicked on the sign in Button ***
2026-01-13 15:11:21,478 [main] INFO WorkRoomWebApplication - *** click the Reconcillation and reports main Menu***
2026-01-13 15:11:25,356 [main] INFO WorkRoomWebApplication - *** click the Subs Unit price Sub Menu**
2026-01-13 15:11:28,827 [main] INFO WorkRoomWebApplication - *** Table List Data  **
2026-01-13 15:11:38,076 [main] INFO WorkRoomWebApplication - ************* Quitting Browser *****************
2026-01-13 15:11:38,214 [main] INFO WorkRoomWebApplication - ************* Browser Closed Successfully *****************
2026-01-13 15:11:39,123 [main] INFO WorkRoomWebApplication - ************* Remote WebDriver Launched *****************
2026-01-13 15:11:39,182 [main] INFO WorkRoomWebApplication - ************* Get The Application URL  *****************
2026-01-13 15:11:40,824 [main] INFO WorkRoomWebApplication - *** Enter The Share Point Email Id ***
2026-01-13 15:11:42,534 [main] INFO WorkRoomWebApplication - *** click the next button ***
2026-01-13 15:11:42,851 [main] INFO WorkRoomWebApplication - *** Enter The Password ***
2026-01-13 15:11:44,085 [main] INFO WorkRoomWebApplication - *** clicked on the sign in Button ***
2026-01-13 15:11:46,666 [main] INFO WorkRoomWebApplication - *** click the Reconcillation and reports main Menu***
2026-01-13 15:11:50,581 [main] INFO WorkRoomWebApplication - *** click the Subs Unit price Sub Menu**
2026-01-13 15:11:54,218 [main] INFO WorkRoomWebApplication - *** Bulk Upload Button Clicked **
2026-01-13 15:11:55,342 [main] INFO WorkRoomWebApplication - *** Sending File Through The Choose File Area With Empty Data of Excel Sheet **
2026-01-13 15:11:56,886 [main] INFO WorkRoomWebApplication - ************* Quitting Browser *****************
2026-01-13 15:11:57,105 [main] INFO WorkRoomWebApplication - ************* Browser Closed Successfully *****************
2026-01-13 15:11:58,235 [main] INFO WorkRoomWebApplication - ************* Remote WebDriver Launched *****************
2026-01-13 15:11:58,276 [main] INFO WorkRoomWebApplication - ************* Get The Application URL  *****************
2026-01-13 15:11:59,366 [main] INFO WorkRoomWebApplication - *** Enter The Share Point Email Id ***
2026-01-13 15:12:01,388 [main] INFO WorkRoomWebApplication - *** click the next button ***
2026-01-13 15:12:01,683 [main] INFO WorkRoomWebApplication - *** Enter The Password ***
2026-01-13 15:12:02,869 [main] INFO WorkRoomWebApplication - *** clicked on the sign in Button ***
2026-01-13 15:12:05,193 [main] INFO WorkRoomWebApplication - *** click the Reconcillation and reports main Menu***
2026-01-13 15:12:12,519 [main] INFO WorkRoomWebApplication - *** click the Subs Unit price Sub Menu**
2026-01-13 15:12:15,785 [main] INFO WorkRoomWebApplication - *** Bulk Upload Button Clicked **
2026-01-13 15:12:17,061 [main] INFO WorkRoomWebApplication - *** Sending File Through The Choose File Area With The presence of Data in The Excel Sheet **
2026-01-13 15:12:18,637 [main] INFO WorkRoomWebApplication - ************* Quitting Browser *****************
2026-01-13 15:12:18,855 [main] INFO WorkRoomWebApplication - ************* Browser Closed Successfully *****************
2026-01-13 15:18:49,399 [main] INFO WorkRoomWebApplication - ************* Remote WebDriver Launched *****************
2026-01-13 15:18:49,593 [main] INFO WorkRoomWebApplication - ************* Get The Application URL  *****************
2026-01-13 15:18:51,239 [main] INFO WorkRoomWebApplication - *** Enter The Share Point Email Id ***
2026-01-13 15:18:53,017 [main] INFO WorkRoomWebApplication - *** click the next button ***
2026-01-13 15:18:53,459 [main] INFO WorkRoomWebApplication - *** Enter The Password ***
2026-01-13 15:18:55,738 [main] INFO WorkRoomWebApplication - *** clicked on the sign in Button ***
2026-01-13 15:18:58,132 [main] INFO WorkRoomWebApplication - *** click the Reconcillation and reports main Menu***
2026-01-13 15:19:02,956 [main] INFO WorkRoomWebApplication - *** click the Subs Unit price Sub Menu**
2026-01-13 15:19:06,041 [main] INFO WorkRoomWebApplication - *** Bulk Upload Button Clicked **
2026-01-13 15:19:07,437 [main] INFO WorkRoomWebApplication - *** Sending File Through The Choose File Area With The presence of Data in The Excel Sheet **
2026-01-13 15:19:09,228 [main] INFO WorkRoomWebApplication - *** Clicked process import button **
2026-01-13 15:19:09,772 [main] INFO WorkRoomWebApplication - *** Checking What is The Validation Message **
2026-01-13 15:19:10,920 [main] INFO WorkRoomWebApplication - *** After Checking The Validation Message Clicked Okay button **
2026-01-13 15:19:11,206 [main] INFO WorkRoomWebApplication - ************* Quitting Browser *****************
2026-01-13 15:19:11,398 [main] INFO WorkRoomWebApplication - ************* Browser Closed Successfully *****************
2026-01-13 15:20:08,954 [main] INFO WorkRoomWebApplication - ************* Launching CHROME Browser *****************
2026-01-13 15:20:11,189 [main] INFO WorkRoomWebApplication - ************* Browser Launched and Maximized *****************
2026-01-13 15:20:11,452 [main] INFO WorkRoomWebApplication - ************* Get The Application URL  *****************
2026-01-13 15:20:12,988 [main] INFO WorkRoomWebApplication - *** Enter The Share Point Email Id ***
2026-01-13 15:20:14,263 [main] INFO WorkRoomWebApplication - *** click the next button ***
2026-01-13 15:20:14,502 [main] INFO WorkRoomWebApplication - *** Enter The Password ***
2026-01-13 15:20:16,297 [main] INFO WorkRoomWebApplication - *** clicked on the sign in Button ***
2026-01-13 15:20:17,965 [main] INFO WorkRoomWebApplication - *** click the Reconcillation and reports main Menu***
2026-01-13 15:20:23,470 [main] INFO WorkRoomWebApplication - *** click the Subs Unit price Sub Menu**
2026-01-13 15:20:27,692 [main] INFO WorkRoomWebApplication - *** Bulk Upload Button Clicked **
2026-01-13 15:20:28,510 [main] INFO WorkRoomWebApplication - *** Sending File Through The Choose File Area With The presence of Data in The Excel Sheet **
2026-01-13 15:20:30,060 [main] INFO WorkRoomWebApplication - *** Clicked process import button **
2026-01-13 15:20:30,463 [main] INFO WorkRoomWebApplication - *** Checking What is The Validation Message **
2026-01-13 15:20:31,003 [main] INFO WorkRoomWebApplication - *** After Checking The Validation Message Clicked Okay button **
2026-01-13 15:24:53,805 [main] INFO WorkRoomWebApplication - ************* Remote WebDriver Launched *****************
2026-01-13 15:24:54,009 [main] INFO WorkRoomWebApplication - ************* Get The Application URL  *****************
2026-01-13 15:24:55,742 [main] INFO WorkRoomWebApplication - *** Enter The Share Point Email Id ***
2026-01-13 15:24:57,763 [main] INFO WorkRoomWebApplication - *** click the next button ***
2026-01-13 15:24:58,049 [main] INFO WorkRoomWebApplication - *** Enter The Password ***
2026-01-13 15:25:00,061 [main] INFO WorkRoomWebApplication - *** clicked on the sign in Button ***
2026-01-13 15:25:02,823 [main] INFO WorkRoomWebApplication - *** click the Reconcillation and reports main Menu***
2026-01-13 15:25:07,664 [main] INFO WorkRoomWebApplication - *** click the Subs Unit price Sub Menu**
2026-01-13 15:25:11,232 [main] INFO WorkRoomWebApplication - *** Bulk Upload Button Clicked **
2026-01-13 15:25:12,770 [main] INFO WorkRoomWebApplication - *** Sending File Through The Choose File Area With Empty Data of Excel Sheet **
2026-01-13 15:25:14,147 [main] INFO WorkRoomWebApplication - *** Clicked process import button **
2026-01-13 15:25:14,668 [main] INFO WorkRoomWebApplication - *** Checking What is The Validation Message **
2026-01-13 15:25:16,056 [main] INFO WorkRoomWebApplication - *** After Checking The Validation Message Clicked Okay button **
2026-01-13 15:25:16,411 [main] INFO WorkRoomWebApplication - ************* Quitting Browser *****************
2026-01-13 15:25:16,583 [main] INFO WorkRoomWebApplication - ************* Browser Closed Successfully *****************
2026-01-13 15:25:17,838 [main] INFO WorkRoomWebApplication - ************* Remote WebDriver Launched *****************
2026-01-13 15:25:17,924 [main] INFO WorkRoomWebApplication - ************* Get The Application URL  *****************
2026-01-13 15:25:19,837 [main] INFO WorkRoomWebApplication - *** Enter The Share Point Email Id ***
2026-01-13 15:25:21,427 [main] INFO WorkRoomWebApplication - *** click the next button ***
2026-01-13 15:25:21,667 [main] INFO WorkRoomWebApplication - *** Enter The Password ***
2026-01-13 15:25:23,368 [main] INFO WorkRoomWebApplication - *** clicked on the sign in Button ***
2026-01-13 15:25:25,859 [main] INFO WorkRoomWebApplication - *** click the Reconcillation and reports main Menu***
2026-01-13 15:25:41,651 [main] INFO WorkRoomWebApplication - *** click the Subs Unit price Sub Menu**
2026-01-13 15:25:44,530 [main] INFO WorkRoomWebApplication - *** Bulk Upload Button Clicked **
2026-01-13 15:25:46,156 [main] INFO WorkRoomWebApplication - *** Sending File Through The Choose File Area With The presence of Data in The Excel Sheet **
2026-01-13 15:25:47,318 [main] INFO WorkRoomWebApplication - *** Clicked process import button **
2026-01-13 15:25:47,842 [main] INFO WorkRoomWebApplication - *** Checking What is The Validation Message **
2026-01-13 15:25:48,889 [main] INFO WorkRoomWebApplication - *** After Checking The Validation Message Clicked Okay button **
2026-01-13 15:25:49,184 [main] INFO WorkRoomWebApplication - ************* Quitting Browser *****************
2026-01-13 15:25:49,420 [main] INFO WorkRoomWebApplication - ************* Browser Closed Successfully *****************
2026-01-13 15:54:51,899 [main] INFO WorkRoomWebApplication - ************* Remote WebDriver Launched *****************
2026-01-13 15:54:52,186 [main] INFO WorkRoomWebApplication - ************* Get The Application URL  *****************
2026-01-13 15:54:53,834 [main] INFO WorkRoomWebApplication - *** Enter The Share Point Email Id ***
2026-01-13 15:54:55,804 [main] INFO WorkRoomWebApplication - *** click the next button ***
2026-01-13 15:54:56,048 [main] INFO WorkRoomWebApplication - *** Enter The Password ***
2026-01-13 15:54:57,964 [main] INFO WorkRoomWebApplication - *** clicked on the sign in Button ***
2026-01-13 15:55:00,990 [main] INFO WorkRoomWebApplication - *** click the Reconcillation and reports main Menu***
2026-01-13 15:55:06,582 [main] INFO WorkRoomWebApplication - *** click the Subs Unit price Sub Menu**
2026-01-13 15:55:10,134 [main] INFO WorkRoomWebApplication - *** Bulk Upload Button Clicked **
2026-01-13 15:55:11,413 [main] INFO WorkRoomWebApplication - *** Sending File Through The Choose File Area With Empty Data of Excel Sheet **
2026-01-13 15:55:14,505 [main] INFO WorkRoomWebApplication - ************* Quitting Browser *****************
2026-01-13 15:55:14,705 [main] INFO WorkRoomWebApplication - ************* Browser Closed Successfully *****************
2026-01-13 15:55:15,780 [main] INFO WorkRoomWebApplication - ************* Remote WebDriver Launched *****************
2026-01-13 15:55:15,863 [main] INFO WorkRoomWebApplication - ************* Get The Application URL  *****************
2026-01-13 15:55:17,760 [main] INFO WorkRoomWebApplication - *** Enter The Share Point Email Id ***
2026-01-13 15:55:19,398 [main] INFO WorkRoomWebApplication - *** click the next button ***
2026-01-13 15:55:19,627 [main] INFO WorkRoomWebApplication - *** Enter The Password ***
2026-01-13 15:55:21,583 [main] INFO WorkRoomWebApplication - *** clicked on the sign in Button ***
2026-01-13 15:55:24,237 [main] INFO WorkRoomWebApplication - *** click the Reconcillation and reports main Menu***
2026-01-13 15:55:29,133 [main] INFO WorkRoomWebApplication - *** click the Subs Unit price Sub Menu**
2026-01-13 15:55:33,229 [main] INFO WorkRoomWebApplication - *** Bulk Upload Button Clicked **
2026-01-13 15:55:34,333 [main] INFO WorkRoomWebApplication - *** Sending File Through The Choose File Area With The presence of Data in The Excel Sheet **
2026-01-13 15:55:36,293 [main] INFO WorkRoomWebApplication - ************* Quitting Browser *****************
2026-01-13 15:55:36,435 [main] INFO WorkRoomWebApplication - ************* Browser Closed Successfully *****************
2026-01-13 15:57:03,462 [main] INFO WorkRoomWebApplication - ************* Remote WebDriver Launched *****************
2026-01-13 15:57:03,564 [main] INFO WorkRoomWebApplication - ************* Get The Application URL  *****************
2026-01-13 15:57:06,043 [main] INFO WorkRoomWebApplication - *** Enter The Share Point Email Id ***
2026-01-13 16:00:19,604 [main] INFO WorkRoomWebApplication - ************* Remote WebDriver Launched *****************
2026-01-13 16:00:19,792 [main] INFO WorkRoomWebApplication - ************* Get The Application URL  *****************
2026-01-13 16:00:24,868 [main] INFO WorkRoomWebApplication - *** Enter The Share Point Email Id ***
2026-01-13 16:00:26,089 [main] INFO WorkRoomWebApplication - *** click the next button ***
2026-01-13 16:00:26,357 [main] INFO WorkRoomWebApplication - *** Enter The Password ***
2026-01-13 16:00:28,242 [main] INFO WorkRoomWebApplication - *** clicked on the sign in Button ***
2026-01-13 16:00:31,076 [main] INFO WorkRoomWebApplication - *** click the Reconcillation and reports main Menu***
2026-01-13 16:00:37,408 [main] INFO WorkRoomWebApplication - *** click the Subs Unit price Sub Menu**
2026-01-13 16:00:41,509 [main] INFO WorkRoomWebApplication - *** Bulk Upload Button Clicked **
2026-01-13 16:00:42,903 [main] INFO WorkRoomWebApplication - *** Sending File Through The Choose File Area With Empty Data of Excel Sheet **
2026-01-13 16:00:44,493 [main] INFO WorkRoomWebApplication - ************* Quitting Browser *****************
2026-01-13 16:00:44,605 [main] INFO WorkRoomWebApplication - ************* Browser Closed Successfully *****************
2026-01-13 16:00:45,540 [main] INFO WorkRoomWebApplication - ************* Remote WebDriver Launched *****************
2026-01-13 16:00:45,606 [main] INFO WorkRoomWebApplication - ************* Get The Application URL  *****************
2026-01-13 16:00:50,487 [main] INFO WorkRoomWebApplication - *** Enter The Share Point Email Id ***
2026-01-13 16:00:52,161 [main] INFO WorkRoomWebApplication - *** click the next button ***
2026-01-13 16:00:52,670 [main] INFO WorkRoomWebApplication - *** Enter The Password ***
2026-01-13 16:00:54,654 [main] INFO WorkRoomWebApplication - *** clicked on the sign in Button ***
2026-01-13 16:00:57,551 [main] INFO WorkRoomWebApplication - *** click the Reconcillation and reports main Menu***
2026-01-13 16:01:02,459 [main] INFO WorkRoomWebApplication - *** click the Subs Unit price Sub Menu**
2026-01-13 16:01:06,418 [main] INFO WorkRoomWebApplication - *** Bulk Upload Button Clicked **
2026-01-13 16:01:07,905 [main] INFO WorkRoomWebApplication - *** Sending File Through The Choose File Area With The presence of Data in The Excel Sheet **
2026-01-13 16:01:09,681 [main] INFO WorkRoomWebApplication - ************* Quitting Browser *****************
2026-01-13 16:01:09,836 [main] INFO WorkRoomWebApplication - ************* Browser Closed Successfully *****************
2026-01-13 16:01:41,355 [main] INFO WorkRoomWebApplication - ************* Remote WebDriver Launched *****************
2026-01-13 16:01:41,546 [main] INFO WorkRoomWebApplication - ************* Get The Application URL  *****************
2026-01-13 16:01:47,139 [main] INFO WorkRoomWebApplication - *** Enter The Share Point Email Id ***
2026-01-13 16:01:48,875 [main] INFO WorkRoomWebApplication - *** click the next button ***
2026-01-13 16:01:49,220 [main] INFO WorkRoomWebApplication - *** Enter The Password ***
2026-01-13 16:01:51,120 [main] INFO WorkRoomWebApplication - *** clicked on the sign in Button ***
2026-01-13 16:01:53,947 [main] INFO WorkRoomWebApplication - *** click the Reconcillation and reports main Menu***
2026-01-13 16:02:00,279 [main] INFO WorkRoomWebApplication - *** click the Subs Unit price Sub Menu**
2026-01-13 16:02:04,032 [main] INFO WorkRoomWebApplication - *** Bulk Upload Button Clicked **
2026-01-13 16:02:05,871 [main] INFO WorkRoomWebApplication - *** Sending File Through The Choose File Area With Empty Data of Excel Sheet **
2026-01-13 16:02:07,632 [main] INFO WorkRoomWebApplication - ************* Quitting Browser *****************
2026-01-13 16:02:07,756 [main] INFO WorkRoomWebApplication - ************* Browser Closed Successfully *****************
2026-01-13 16:02:09,206 [main] INFO WorkRoomWebApplication - ************* Remote WebDriver Launched *****************
2026-01-13 16:02:09,321 [main] INFO WorkRoomWebApplication - ************* Get The Application URL  *****************
2026-01-13 16:02:12,431 [main] INFO WorkRoomWebApplication - *** Enter The Share Point Email Id ***
2026-01-13 16:02:14,127 [main] INFO WorkRoomWebApplication - *** click the next button ***
2026-01-13 16:02:14,452 [main] INFO WorkRoomWebApplication - *** Enter The Password ***
2026-01-13 16:02:15,612 [main] INFO WorkRoomWebApplication - *** clicked on the sign in Button ***
2026-01-13 16:02:18,808 [main] INFO WorkRoomWebApplication - *** click the Reconcillation and reports main Menu***
2026-01-13 16:02:25,612 [main] INFO WorkRoomWebApplication - *** click the Subs Unit price Sub Menu**
2026-01-13 16:02:30,453 [main] INFO WorkRoomWebApplication - *** Bulk Upload Button Clicked **
2026-01-13 16:02:31,401 [main] INFO WorkRoomWebApplication - *** Sending File Through The Choose File Area With The presence of Data in The Excel Sheet **
2026-01-13 16:02:33,384 [main] INFO WorkRoomWebApplication - ************* Quitting Browser *****************
2026-01-13 16:02:33,617 [main] INFO WorkRoomWebApplication - ************* Browser Closed Successfully *****************
2026-01-13 16:03:49,602 [main] INFO WorkRoomWebApplication - ************* Launching CHROME Browser *****************
2026-01-13 16:03:52,757 [main] INFO WorkRoomWebApplication - ************* Browser Launched and Maximized *****************
2026-01-13 16:03:53,102 [main] INFO WorkRoomWebApplication - ************* Get The Application URL  *****************
2026-01-13 16:03:54,852 [main] INFO WorkRoomWebApplication - *** Enter The Share Point Email Id ***
2026-01-13 16:03:56,315 [main] INFO WorkRoomWebApplication - *** click the next button ***
2026-01-13 16:03:56,623 [main] INFO WorkRoomWebApplication - *** Enter The Password ***
2026-01-13 16:03:58,380 [main] INFO WorkRoomWebApplication - *** clicked on the sign in Button ***
2026-01-13 16:04:00,353 [main] INFO WorkRoomWebApplication - *** click the Reconcillation and reports main Menu***
2026-01-13 16:04:09,903 [main] INFO WorkRoomWebApplication - *** click the Subs Unit price Sub Menu**
2026-01-13 16:04:12,556 [main] INFO WorkRoomWebApplication - *** Bulk Upload Button Clicked **
2026-01-13 16:04:13,421 [main] INFO WorkRoomWebApplication - *** Sending File Through The Choose File Area With Empty Data of Excel Sheet **
2026-01-13 16:04:15,169 [main] INFO WorkRoomWebApplication - *** Clicked process import button **
2026-01-13 16:04:15,599 [main] INFO WorkRoomWebApplication - *** Checking What is The Validation Message **
2026-01-13 16:04:16,621 [main] INFO WorkRoomWebApplication - *** After Checking The Validation Message Clicked Okay button **
2026-01-13 16:04:16,994 [main] INFO WorkRoomWebApplication - ************* Launching CHROME Browser *****************
2026-01-13 16:04:18,304 [main] INFO WorkRoomWebApplication - ************* Browser Launched and Maximized *****************
2026-01-13 16:04:18,670 [main] INFO WorkRoomWebApplication - ************* Get The Application URL  *****************
2026-01-13 16:04:20,149 [main] INFO WorkRoomWebApplication - *** Enter The Share Point Email Id ***
2026-01-13 16:04:22,194 [main] INFO WorkRoomWebApplication - *** click the next button ***
2026-01-13 16:04:22,528 [main] INFO WorkRoomWebApplication - *** Enter The Password ***
2026-01-13 16:04:23,895 [main] INFO WorkRoomWebApplication - *** clicked on the sign in Button ***
2026-01-13 16:04:25,769 [main] INFO WorkRoomWebApplication - *** click the Reconcillation and reports main Menu***
2026-01-13 16:04:35,542 [main] INFO WorkRoomWebApplication - *** click the Subs Unit price Sub Menu**
2026-01-13 16:04:38,699 [main] INFO WorkRoomWebApplication - *** Bulk Upload Button Clicked **
2026-01-13 16:04:39,577 [main] INFO WorkRoomWebApplication - *** Sending File Through The Choose File Area With The presence of Data in The Excel Sheet **
2026-01-13 16:04:41,345 [main] INFO WorkRoomWebApplication - *** Clicked process import button **
2026-01-13 16:04:41,748 [main] INFO WorkRoomWebApplication - *** Checking What is The Validation Message **
2026-01-13 16:04:42,751 [main] INFO WorkRoomWebApplication - *** After Checking The Validation Message Clicked Okay button **
2026-01-13 16:09:17,104 [main] INFO WorkRoomWebApplication - ************* Launching CHROME Browser *****************
2026-01-13 16:09:19,267 [main] INFO WorkRoomWebApplication - ************* Browser Launched and Maximized *****************
2026-01-13 16:09:19,518 [main] INFO WorkRoomWebApplication - ************* Get The Application URL  *****************
2026-01-13 16:09:21,194 [main] INFO WorkRoomWebApplication - *** Enter The Share Point Email Id ***
2026-01-13 16:09:22,765 [main] INFO WorkRoomWebApplication - *** click the next button ***
2026-01-13 16:09:23,037 [main] INFO WorkRoomWebApplication - *** Enter The Password ***
2026-01-13 16:09:24,882 [main] INFO WorkRoomWebApplication - *** clicked on the sign in Button ***
2026-01-13 16:09:26,741 [main] INFO WorkRoomWebApplication - *** click the Reconcillation and reports main Menu***
2026-01-13 16:09:36,191 [main] INFO WorkRoomWebApplication - *** click the Subs Unit price Sub Menu**
2026-01-13 16:09:39,198 [main] INFO WorkRoomWebApplication - *** Bulk Upload Button Clicked **
2026-01-13 16:09:40,001 [main] INFO WorkRoomWebApplication - *** Sending File Through The Choose File Area With Empty Data of Excel Sheet **
2026-01-13 16:09:41,317 [main] INFO WorkRoomWebApplication - *** Clicked process import button **
2026-01-13 16:09:41,699 [main] INFO WorkRoomWebApplication - *** Checking What is The Validation Message **
2026-01-13 16:09:42,184 [main] INFO WorkRoomWebApplication - *** After Checking The Validation Message Clicked Okay button **
2026-01-13 16:09:42,557 [main] INFO WorkRoomWebApplication - ************* Launching CHROME Browser *****************
2026-01-13 16:09:43,966 [main] INFO WorkRoomWebApplication - ************* Browser Launched and Maximized *****************
2026-01-13 16:09:44,133 [main] INFO WorkRoomWebApplication - ************* Get The Application URL  *****************
2026-01-13 16:09:46,356 [main] INFO WorkRoomWebApplication - *** Enter The Share Point Email Id ***
2026-01-13 16:09:47,598 [main] INFO WorkRoomWebApplication - *** click the next button ***
2026-01-13 16:09:47,869 [main] INFO WorkRoomWebApplication - *** Enter The Password ***
2026-01-13 16:09:49,659 [main] INFO WorkRoomWebApplication - *** clicked on the sign in Button ***
2026-01-13 16:09:52,436 [main] INFO WorkRoomWebApplication - *** click the Reconcillation and reports main Menu***
2026-01-13 16:09:57,577 [main] INFO WorkRoomWebApplication - *** click the Subs Unit price Sub Menu**
2026-01-13 16:10:00,796 [main] INFO WorkRoomWebApplication - *** Bulk Upload Button Clicked **
2026-01-13 16:10:01,608 [main] INFO WorkRoomWebApplication - *** Sending File Through The Choose File Area With The presence of Data in The Excel Sheet **
2026-01-13 16:10:03,245 [main] INFO WorkRoomWebApplication - *** Clicked process import button **
2026-01-13 16:10:03,659 [main] INFO WorkRoomWebApplication - *** Checking What is The Validation Message **
2026-01-13 16:10:04,708 [main] INFO WorkRoomWebApplication - *** After Checking The Validation Message Clicked Okay button **
2026-01-13 16:10:37,006 [main] INFO WorkRoomWebApplication - ************* Launching CHROME Browser *****************
2026-01-13 16:10:39,220 [main] INFO WorkRoomWebApplication - ************* Browser Launched and Maximized *****************
2026-01-13 16:10:39,463 [main] INFO WorkRoomWebApplication - ************* Get The Application URL  *****************
2026-01-13 16:10:45,346 [main] INFO WorkRoomWebApplication - *** Enter The Share Point Email Id ***
2026-01-13 16:10:47,173 [main] INFO WorkRoomWebApplication - *** click the next button ***
2026-01-13 16:10:47,561 [main] INFO WorkRoomWebApplication - *** Enter The Password ***
2026-01-13 16:10:49,371 [main] INFO WorkRoomWebApplication - *** clicked on the sign in Button ***
2026-01-13 16:10:51,530 [main] INFO WorkRoomWebApplication - *** click the Reconcillation and reports main Menu***
2026-01-13 16:10:55,634 [main] INFO WorkRoomWebApplication - *** click the Subs Unit price Sub Menu**
2026-01-13 16:10:58,478 [main] INFO WorkRoomWebApplication - *** Bulk Upload Button Clicked **
2026-01-13 16:10:59,301 [main] INFO WorkRoomWebApplication - *** Sending File Through The Choose File Area With Empty Data of Excel Sheet **
2026-01-13 16:11:00,811 [main] INFO WorkRoomWebApplication - *** Clicked process import button **
2026-01-13 16:11:01,203 [main] INFO WorkRoomWebApplication - *** Checking What is The Validation Message **
2026-01-13 16:11:02,205 [main] INFO WorkRoomWebApplication - *** After Checking The Validation Message Clicked Okay button **
2026-01-13 16:11:02,741 [main] INFO WorkRoomWebApplication - ************* Launching CHROME Browser *****************
2026-01-13 16:11:04,044 [main] INFO WorkRoomWebApplication - ************* Browser Launched and Maximized *****************
2026-01-13 16:11:04,116 [main] INFO WorkRoomWebApplication - ************* Get The Application URL  *****************
2026-01-13 16:11:05,612 [main] INFO WorkRoomWebApplication - *** Enter The Share Point Email Id ***
2026-01-13 16:11:06,730 [main] INFO WorkRoomWebApplication - *** click the next button ***
2026-01-13 16:11:06,995 [main] INFO WorkRoomWebApplication - *** Enter The Password ***
2026-01-13 16:11:08,605 [main] INFO WorkRoomWebApplication - *** clicked on the sign in Button ***
2026-01-13 16:11:11,173 [main] INFO WorkRoomWebApplication - *** click the Reconcillation and reports main Menu***
2026-01-13 16:11:19,887 [main] INFO WorkRoomWebApplication - *** click the Subs Unit price Sub Menu**
2026-01-13 16:11:23,039 [main] INFO WorkRoomWebApplication - *** Bulk Upload Button Clicked **
2026-01-13 16:11:23,860 [main] INFO WorkRoomWebApplication - *** Sending File Through The Choose File Area With The presence of Data in The Excel Sheet **
2026-01-13 16:11:25,205 [main] INFO WorkRoomWebApplication - *** Clicked process import button **
2026-01-13 16:11:25,570 [main] INFO WorkRoomWebApplication - *** Checking What is The Validation Message **
2026-01-13 16:11:26,547 [main] INFO WorkRoomWebApplication - *** After Checking The Validation Message Clicked Okay button **
2026-01-13 16:12:58,990 [main] INFO WorkRoomWebApplication - ************* Remote WebDriver Launched *****************
2026-01-13 16:12:59,182 [main] INFO WorkRoomWebApplication - ************* Get The Application URL  *****************
2026-01-13 16:13:00,614 [main] INFO WorkRoomWebApplication - *** Enter The Share Point Email Id ***
2026-01-13 16:13:01,946 [main] INFO WorkRoomWebApplication - *** click the next button ***
2026-01-13 16:13:02,195 [main] INFO WorkRoomWebApplication - *** Enter The Password ***
2026-01-13 16:13:03,311 [main] INFO WorkRoomWebApplication - *** clicked on the sign in Button ***
2026-01-13 16:13:05,693 [main] INFO WorkRoomWebApplication - *** click the Reconcillation and reports main Menu***
2026-01-13 16:13:09,869 [main] INFO WorkRoomWebApplication - *** click the Subs Unit price Sub Menu**
2026-01-13 16:13:13,189 [main] INFO WorkRoomWebApplication - *** Bulk Upload Button Clicked **
2026-01-13 16:13:14,372 [main] INFO WorkRoomWebApplication - *** Sending File Through The Choose File Area With Empty Data of Excel Sheet **
2026-01-13 16:13:16,306 [main] INFO WorkRoomWebApplication - ************* Quitting Browser *****************
2026-01-13 16:13:16,501 [main] INFO WorkRoomWebApplication - ************* Browser Closed Successfully *****************
2026-01-13 16:13:17,300 [main] INFO WorkRoomWebApplication - ************* Remote WebDriver Launched *****************
2026-01-13 16:13:17,375 [main] INFO WorkRoomWebApplication - ************* Get The Application URL  *****************
2026-01-13 16:13:18,867 [main] INFO WorkRoomWebApplication - *** Enter The Share Point Email Id ***
2026-01-13 16:13:20,543 [main] INFO WorkRoomWebApplication - *** click the next button ***
2026-01-13 16:13:20,833 [main] INFO WorkRoomWebApplication - *** Enter The Password ***
2026-01-13 16:13:22,587 [main] INFO WorkRoomWebApplication - *** clicked on the sign in Button ***
2026-01-13 16:13:25,261 [main] INFO WorkRoomWebApplication - *** click the Reconcillation and reports main Menu***
2026-01-13 16:13:28,715 [main] INFO WorkRoomWebApplication - *** click the Subs Unit price Sub Menu**
2026-01-13 16:13:32,537 [main] INFO WorkRoomWebApplication - *** Bulk Upload Button Clicked **
2026-01-13 16:13:34,082 [main] INFO WorkRoomWebApplication - *** Sending File Through The Choose File Area With The presence of Data in The Excel Sheet **
2026-01-13 16:13:36,122 [main] INFO WorkRoomWebApplication - ************* Quitting Browser *****************
2026-01-13 16:13:36,304 [main] INFO WorkRoomWebApplication - ************* Browser Closed Successfully *****************
2026-01-13 16:14:18,862 [main] INFO WorkRoomWebApplication - ************* Remote WebDriver Launched *****************
2026-01-13 16:14:19,101 [main] INFO WorkRoomWebApplication - ************* Get The Application URL  *****************
2026-01-13 16:14:20,362 [main] INFO WorkRoomWebApplication - *** Enter The Share Point Email Id ***
2026-01-13 16:14:22,279 [main] INFO WorkRoomWebApplication - *** click the next button ***
2026-01-13 16:14:22,518 [main] INFO WorkRoomWebApplication - *** Enter The Password ***
2026-01-13 16:14:24,473 [main] INFO WorkRoomWebApplication - *** clicked on the sign in Button ***
2026-01-13 16:14:27,092 [main] INFO WorkRoomWebApplication - *** click the Reconcillation and reports main Menu***
2026-01-13 16:14:31,281 [main] INFO WorkRoomWebApplication - *** click the Subs Unit price Sub Menu**
2026-01-13 16:14:35,393 [main] INFO WorkRoomWebApplication - *** Bulk Upload Button Clicked **
2026-01-13 16:14:36,767 [main] INFO WorkRoomWebApplication - *** Sending File Through The Choose File Area With Empty Data of Excel Sheet **
2026-01-13 16:14:37,835 [main] INFO WorkRoomWebApplication - ************* Quitting Browser *****************
2026-01-13 16:14:38,005 [main] INFO WorkRoomWebApplication - ************* Browser Closed Successfully *****************
2026-01-13 16:14:38,812 [main] INFO WorkRoomWebApplication - ************* Remote WebDriver Launched *****************
2026-01-13 16:14:38,877 [main] INFO WorkRoomWebApplication - ************* Get The Application URL  *****************
2026-01-13 16:14:39,992 [main] INFO WorkRoomWebApplication - *** Enter The Share Point Email Id ***
2026-01-13 16:14:41,283 [main] INFO WorkRoomWebApplication - *** click the next button ***
2026-01-13 16:14:41,548 [main] INFO WorkRoomWebApplication - *** Enter The Password ***
2026-01-13 16:14:43,251 [main] INFO WorkRoomWebApplication - *** clicked on the sign in Button ***
2026-01-13 16:14:45,509 [main] INFO WorkRoomWebApplication - *** click the Reconcillation and reports main Menu***
2026-01-13 16:14:49,352 [main] INFO WorkRoomWebApplication - *** click the Subs Unit price Sub Menu**
2026-01-13 16:14:53,030 [main] INFO WorkRoomWebApplication - *** Bulk Upload Button Clicked **
2026-01-13 16:14:54,282 [main] INFO WorkRoomWebApplication - *** Sending File Through The Choose File Area With The presence of Data in The Excel Sheet **
2026-01-13 16:14:55,695 [main] INFO WorkRoomWebApplication - ************* Quitting Browser *****************
2026-01-13 16:14:55,841 [main] INFO WorkRoomWebApplication - ************* Browser Closed Successfully *****************
2026-01-13 16:16:32,795 [main] INFO WorkRoomWebApplication - ************* Remote WebDriver Launched *****************
2026-01-13 16:16:33,065 [main] INFO WorkRoomWebApplication - ************* Get The Application URL  *****************
2026-01-13 16:16:34,530 [main] INFO WorkRoomWebApplication - *** Enter The Share Point Email Id ***
2026-01-13 16:16:36,471 [main] INFO WorkRoomWebApplication - *** click the next button ***
2026-01-13 16:16:36,770 [main] INFO WorkRoomWebApplication - *** Enter The Password ***
2026-01-13 16:16:38,662 [main] INFO WorkRoomWebApplication - *** clicked on the sign in Button ***
2026-01-13 16:16:41,396 [main] INFO WorkRoomWebApplication - *** click the Reconcillation and reports main Menu***
2026-01-13 16:16:46,153 [main] INFO WorkRoomWebApplication - *** click the Subs Unit price Sub Menu**
2026-01-13 16:16:50,441 [main] INFO WorkRoomWebApplication - *** Bulk Upload Button Clicked **
2026-01-13 16:16:51,694 [main] INFO WorkRoomWebApplication - *** Sending File Through The Choose File Area With Empty Data of Excel Sheet **
2026-01-13 16:16:53,189 [main] INFO WorkRoomWebApplication - ************* Quitting Browser *****************
2026-01-13 16:16:53,329 [main] INFO WorkRoomWebApplication - ************* Browser Closed Successfully *****************
2026-01-13 16:16:54,425 [main] INFO WorkRoomWebApplication - ************* Remote WebDriver Launched *****************
2026-01-13 16:16:54,507 [main] INFO WorkRoomWebApplication - ************* Get The Application URL  *****************
2026-01-13 16:16:56,415 [main] INFO WorkRoomWebApplication - *** Enter The Share Point Email Id ***
2026-01-13 16:16:57,762 [main] INFO WorkRoomWebApplication - *** click the next button ***
2026-01-13 16:16:58,154 [main] INFO WorkRoomWebApplication - *** Enter The Password ***
2026-01-13 16:17:00,117 [main] INFO WorkRoomWebApplication - *** clicked on the sign in Button ***
2026-01-13 16:17:02,635 [main] INFO WorkRoomWebApplication - *** click the Reconcillation and reports main Menu***
2026-01-13 16:17:07,312 [main] INFO WorkRoomWebApplication - *** click the Subs Unit price Sub Menu**
2026-01-13 16:17:10,508 [main] INFO WorkRoomWebApplication - *** Bulk Upload Button Clicked **
2026-01-13 16:17:11,996 [main] INFO WorkRoomWebApplication - *** Sending File Through The Choose File Area With The presence of Data in The Excel Sheet **
2026-01-13 16:17:13,247 [main] INFO WorkRoomWebApplication - ************* Quitting Browser *****************
2026-01-13 16:17:13,415 [main] INFO WorkRoomWebApplication - ************* Browser Closed Successfully *****************
2026-01-14 10:53:04,387 [main] INFO WorkRoomWebApplication - ************* Remote WebDriver Launched *****************
2026-01-14 10:53:04,509 [main] INFO WorkRoomWebApplication - ************* Get The Application URL  *****************
2026-01-14 10:59:05,807 [main] INFO WorkRoomWebApplication - ************* Remote WebDriver Launched *****************
2026-01-14 10:59:05,918 [main] INFO WorkRoomWebApplication - ************* Get The Application URL  *****************
2026-01-14 11:06:54,141 [main] INFO WorkRoomWebApplication - ************* Remote WebDriver Launched *****************
2026-01-14 11:06:54,257 [main] INFO WorkRoomWebApplication - ************* Get The Application URL  *****************
2026-01-14 11:06:56,558 [main] INFO WorkRoomWebApplication - *** Enter The Share Point Email Id ***
2026-01-14 11:06:58,289 [main] INFO WorkRoomWebApplication - *** click the next button ***
2026-01-14 11:06:58,648 [main] INFO WorkRoomWebApplication - *** Enter The Password ***
2026-01-14 11:07:00,239 [main] INFO WorkRoomWebApplication - *** clicked on the sign in Button ***
2026-01-14 11:07:02,877 [main] INFO WorkRoomWebApplication - *** click the Reconcillation and reports main Menu***
2026-01-14 11:07:09,088 [main] INFO WorkRoomWebApplication - *** click the Subs Unit price Sub Menu**
2026-01-14 11:07:16,238 [main] INFO WorkRoomWebApplication - *** Bulk Upload Button Clicked **
2026-01-14 11:07:17,100 [main] INFO WorkRoomWebApplication - *** Sending File Through The Choose File Area With Empty Data of Excel Sheet **
2026-01-14 11:07:18,848 [main] INFO WorkRoomWebApplication - *** Clicked process import button **
2026-01-14 11:07:19,331 [main] INFO WorkRoomWebApplication - *** Checking What is The Validation Message **
2026-01-14 11:07:20,888 [main] INFO WorkRoomWebApplication - *** After Checking The Validation Message Clicked Okay button **
2026-01-14 11:07:21,267 [main] INFO WorkRoomWebApplication - ************* Quitting Browser *****************
2026-01-14 11:07:21,421 [main] INFO WorkRoomWebApplication - ************* Browser Closed Successfully *****************
2026-01-14 11:07:22,082 [main] INFO WorkRoomWebApplication - ************* Remote WebDriver Launched *****************
2026-01-14 11:07:22,153 [main] INFO WorkRoomWebApplication - ************* Get The Application URL  *****************
2026-01-14 11:07:24,912 [main] INFO WorkRoomWebApplication - *** Enter The Share Point Email Id ***
2026-01-14 11:07:26,505 [main] INFO WorkRoomWebApplication - *** click the next button ***
2026-01-14 11:07:26,652 [main] INFO WorkRoomWebApplication - *** Enter The Password ***
2026-01-14 11:07:28,209 [main] INFO WorkRoomWebApplication - *** clicked on the sign in Button ***
2026-01-14 11:07:30,649 [main] INFO WorkRoomWebApplication - *** click the Reconcillation and reports main Menu***
2026-01-14 11:07:36,464 [main] INFO WorkRoomWebApplication - *** click the Subs Unit price Sub Menu**
2026-01-14 11:07:40,637 [main] INFO WorkRoomWebApplication - *** Bulk Upload Button Clicked **
2026-01-14 11:07:41,379 [main] INFO WorkRoomWebApplication - *** Sending File Through The Choose File Area With The presence of Data in The Excel Sheet **
2026-01-14 11:07:42,690 [main] INFO WorkRoomWebApplication - *** Clicked process import button **
2026-01-14 11:07:42,876 [main] INFO WorkRoomWebApplication - *** Checking What is The Validation Message **
2026-01-14 11:07:43,695 [main] INFO WorkRoomWebApplication - *** After Checking The Validation Message Clicked Okay button **
2026-01-14 11:07:43,872 [main] INFO WorkRoomWebApplication - ************* Quitting Browser *****************
2026-01-14 11:07:44,011 [main] INFO WorkRoomWebApplication - ************* Browser Closed Successfully *****************
2026-01-20 12:24:03,011 [main] INFO WorkRoomWebApplication - ************* Remote WebDriver Launched *****************
2026-01-20 12:24:03,417 [main] INFO WorkRoomWebApplication - ************* Get The Application URL  *****************
2026-01-20 12:24:04,979 [main] INFO WorkRoomWebApplication - *** Enter The Share Point Email Id ***
2026-01-20 12:24:06,006 [main] INFO WorkRoomWebApplication - *** click the next button ***
2026-01-20 12:24:06,268 [main] INFO WorkRoomWebApplication - *** Enter The Password ***
2026-01-20 12:24:08,079 [main] INFO WorkRoomWebApplication - *** clicked on the sign in Button ***
2026-01-20 12:24:10,680 [main] INFO WorkRoomWebApplication - *** click the Reconcillation and reports main Menu***
2026-01-20 12:24:14,999 [main] INFO WorkRoomWebApplication - *** click the Subs Unit price Sub Menu**
2026-01-20 12:24:17,927 [main] INFO WorkRoomWebApplication - *** Bulk Upload Button Clicked **
2026-01-20 12:24:19,748 [main] INFO WorkRoomWebApplication - *** Sending File Through The Choose File Area With Empty Data of Excel Sheet **
2026-01-20 12:24:21,660 [main] INFO WorkRoomWebApplication - ************* Quitting Browser *****************
2026-01-20 12:24:21,874 [main] INFO WorkRoomWebApplication - ************* Browser Closed Successfully *****************
2026-01-20 12:24:22,912 [main] INFO WorkRoomWebApplication - ************* Remote WebDriver Launched *****************
2026-01-20 12:24:22,988 [main] INFO WorkRoomWebApplication - ************* Get The Application URL  *****************
2026-01-20 12:24:24,515 [main] INFO WorkRoomWebApplication - *** Enter The Share Point Email Id ***
2026-01-20 12:24:26,033 [main] INFO WorkRoomWebApplication - *** click the next button ***
2026-01-20 12:24:26,358 [main] INFO WorkRoomWebApplication - *** Enter The Password ***
2026-01-20 12:24:28,467 [main] INFO WorkRoomWebApplication - *** clicked on the sign in Button ***
2026-01-20 12:24:31,230 [main] INFO WorkRoomWebApplication - *** click the Reconcillation and reports main Menu***
2026-01-20 12:24:35,290 [main] INFO WorkRoomWebApplication - *** click the Subs Unit price Sub Menu**
2026-01-20 12:24:39,791 [main] INFO WorkRoomWebApplication - *** Bulk Upload Button Clicked **
2026-01-20 12:24:40,654 [main] INFO WorkRoomWebApplication - *** Sending File Through The Choose File Area With The presence of Data in The Excel Sheet **
2026-01-20 12:24:41,946 [main] INFO WorkRoomWebApplication - ************* Quitting Browser *****************
2026-01-20 12:24:42,074 [main] INFO WorkRoomWebApplication - ************* Browser Closed Successfully *****************
2026-01-20 12:26:04,128 [main] INFO WorkRoomWebApplication - ************* Remote WebDriver Launched *****************
2026-01-20 12:26:04,409 [main] INFO WorkRoomWebApplication - ************* Get The Application URL  *****************
2026-01-20 12:26:05,982 [main] INFO WorkRoomWebApplication - *** Enter The Share Point Email Id ***
2026-01-20 12:26:07,097 [main] INFO WorkRoomWebApplication - *** click the next button ***
2026-01-20 12:26:07,361 [main] INFO WorkRoomWebApplication - *** Enter The Password ***
2026-01-20 12:26:08,923 [main] INFO WorkRoomWebApplication - *** clicked on the sign in Button ***
2026-01-20 12:26:11,214 [main] INFO WorkRoomWebApplication - *** click the Reconcillation and reports main Menu***
2026-01-20 12:26:16,174 [main] INFO WorkRoomWebApplication - *** click the Subs Unit price Sub Menu**
2026-01-20 12:26:20,991 [main] INFO WorkRoomWebApplication - *** Bulk Upload Button Clicked **
2026-01-20 12:26:22,410 [main] INFO WorkRoomWebApplication - *** Sending File Through The Choose File Area With Empty Data of Excel Sheet **
2026-01-20 12:26:23,592 [main] INFO WorkRoomWebApplication - *** Clicked process import button **
2026-01-20 12:26:24,149 [main] INFO WorkRoomWebApplication - *** Checking What is The Validation Message **
2026-01-20 12:26:25,829 [main] INFO WorkRoomWebApplication - *** After Checking The Validation Message Clicked Okay button **
2026-01-20 12:26:26,171 [main] INFO WorkRoomWebApplication - ************* Quitting Browser *****************
2026-01-20 12:26:26,350 [main] INFO WorkRoomWebApplication - ************* Browser Closed Successfully *****************
2026-01-20 12:26:27,285 [main] INFO WorkRoomWebApplication - ************* Remote WebDriver Launched *****************
2026-01-20 12:26:27,390 [main] INFO WorkRoomWebApplication - ************* Get The Application URL  *****************
2026-01-20 12:26:29,834 [main] INFO WorkRoomWebApplication - *** Enter The Share Point Email Id ***
2026-01-20 12:26:31,575 [main] INFO WorkRoomWebApplication - *** click the next button ***
2026-01-20 12:26:31,849 [main] INFO WorkRoomWebApplication - *** Enter The Password ***
2026-01-20 12:26:33,505 [main] INFO WorkRoomWebApplication - *** clicked on the sign in Button ***
2026-01-20 12:26:36,216 [main] INFO WorkRoomWebApplication - *** click the Reconcillation and reports main Menu***
2026-01-20 12:26:40,889 [main] INFO WorkRoomWebApplication - *** click the Subs Unit price Sub Menu**
2026-01-20 12:26:45,065 [main] INFO WorkRoomWebApplication - *** Bulk Upload Button Clicked **
2026-01-20 12:26:46,210 [main] INFO WorkRoomWebApplication - *** Sending File Through The Choose File Area With The presence of Data in The Excel Sheet **
2026-01-20 12:26:47,629 [main] INFO WorkRoomWebApplication - *** Clicked process import button **
2026-01-20 12:26:48,153 [main] INFO WorkRoomWebApplication - *** Checking What is The Validation Message **
2026-01-20 12:26:49,119 [main] INFO WorkRoomWebApplication - *** After Checking The Validation Message Clicked Okay button **
2026-01-20 12:26:49,358 [main] INFO WorkRoomWebApplication - ************* Quitting Browser *****************
2026-01-20 12:26:49,558 [main] INFO WorkRoomWebApplication - ************* Browser Closed Successfully *****************
2026-01-21 17:02:26,429 [main] INFO WorkRoomWebApplication - ************* Remote WebDriver Launched *****************
2026-01-21 17:02:27,255 [main] INFO WorkRoomWebApplication - ************* Get The Application URL  *****************
2026-01-21 17:02:31,420 [main] INFO WorkRoomWebApplication - *** Enter The Share Point Email Id ***
2026-01-21 17:02:33,917 [main] INFO WorkRoomWebApplication - *** click the next button ***
2026-01-21 17:02:34,456 [main] INFO WorkRoomWebApplication - *** Enter The Password ***
2026-01-21 17:02:36,317 [main] INFO WorkRoomWebApplication - *** clicked on the sign in Button ***
2026-01-21 17:02:39,976 [main] INFO WorkRoomWebApplication - *** click the Reconcillation and reports main Menu***
2026-01-21 17:02:52,284 [main] INFO WorkRoomWebApplication - *** click the Subs Unit price Sub Menu**
2026-01-21 17:02:56,413 [main] INFO WorkRoomWebApplication - *** Bulk Upload Button Clicked **
2026-01-29 10:57:09,747 [main] INFO WorkRoomWebApplication - ************* Remote WebDriver Launched *****************
2026-01-29 10:57:10,022 [main] INFO WorkRoomWebApplication - ************* Get The Application URL  *****************
2026-01-29 10:57:12,470 [main] INFO WorkRoomWebApplication - *** Enter The Share Point Email Id ***
2026-01-29 10:57:13,956 [main] INFO WorkRoomWebApplication - *** click the next button ***
2026-01-29 10:57:14,238 [main] INFO WorkRoomWebApplication - *** Enter The Password ***
2026-01-29 10:57:15,925 [main] INFO WorkRoomWebApplication - *** clicked on the sign in Button ***
2026-01-29 10:57:19,050 [main] INFO WorkRoomWebApplication - *** click the Reconcillation and reports main Menu***
2026-01-29 10:57:29,858 [main] INFO WorkRoomWebApplication - *** click the Subs Unit price Sub Menu**
2026-01-29 10:57:32,321 [main] INFO WorkRoomWebApplication - *** Bulk Upload Button Clicked **
2026-01-29 10:57:33,745 [main] INFO WorkRoomWebApplication - *** Sending File Through The Choose File Area With Empty Data of Excel Sheet **
2026-01-29 10:57:35,453 [main] INFO WorkRoomWebApplication - *** Clicked process import button **
2026-01-29 10:57:35,966 [main] INFO WorkRoomWebApplication - *** Checking What is The Validation Message **
2026-01-29 10:57:37,370 [main] INFO WorkRoomWebApplication - *** After Checking The Validation Message Clicked Okay button **
2026-01-29 10:57:37,735 [main] INFO WorkRoomWebApplication - ************* Quitting Browser *****************
2026-01-29 10:57:37,933 [main] INFO WorkRoomWebApplication - ************* Browser Closed Successfully *****************
2026-01-29 10:57:39,053 [main] INFO WorkRoomWebApplication - ************* Remote WebDriver Launched *****************
2026-01-29 10:57:39,153 [main] INFO WorkRoomWebApplication - ************* Get The Application URL  *****************
2026-01-29 10:57:40,597 [main] INFO WorkRoomWebApplication - *** Enter The Share Point Email Id ***
2026-01-29 10:57:42,379 [main] INFO WorkRoomWebApplication - *** click the next button ***
2026-01-29 10:57:42,732 [main] INFO WorkRoomWebApplication - *** Enter The Password ***
2026-01-29 10:57:44,373 [main] INFO WorkRoomWebApplication - *** clicked on the sign in Button ***
2026-01-29 10:57:46,497 [main] INFO WorkRoomWebApplication - *** click the Reconcillation and reports main Menu***
2026-01-29 10:57:51,135 [main] INFO WorkRoomWebApplication - *** click the Subs Unit price Sub Menu**
2026-01-29 10:57:55,543 [main] INFO WorkRoomWebApplication - *** Bulk Upload Button Clicked **
2026-01-29 10:57:56,974 [main] INFO WorkRoomWebApplication - *** Sending File Through The Choose File Area With The presence of Data in The Excel Sheet **
2026-01-29 10:57:58,638 [main] INFO WorkRoomWebApplication - *** Clicked process import button **
2026-01-29 10:57:58,983 [main] INFO WorkRoomWebApplication - *** Checking What is The Validation Message **
2026-01-29 10:58:00,172 [main] INFO WorkRoomWebApplication - *** After Checking The Validation Message Clicked Okay button **
2026-01-29 10:58:00,662 [main] INFO WorkRoomWebApplication - ************* Quitting Browser *****************
2026-01-29 10:58:00,882 [main] INFO WorkRoomWebApplication - ************* Browser Closed Successfully *****************
2026-01-29 12:34:08,253 [main] INFO WorkRoomWebApplication - ************* Remote WebDriver Launched *****************
2026-01-29 12:34:08,419 [main] INFO WorkRoomWebApplication - ************* Get The Application URL  *****************
2026-01-29 12:34:09,701 [main] INFO WorkRoomWebApplication - *** Enter The Share Point Email Id ***
2026-01-29 12:34:11,035 [main] INFO WorkRoomWebApplication - *** click the next button ***
2026-01-29 12:34:11,189 [main] INFO WorkRoomWebApplication - *** Enter The Password ***
2026-01-29 12:34:12,870 [main] INFO WorkRoomWebApplication - *** clicked on the sign in Button ***
2026-01-29 12:34:20,743 [main] INFO WorkRoomWebApplication - ************* Quitting Browser *****************
2026-01-29 12:34:20,908 [main] INFO WorkRoomWebApplication - ************* Browser Closed Successfully *****************
2026-01-29 12:42:43,286 [main] INFO WorkRoomWebApplication - ************* Remote WebDriver Launched *****************
2026-01-29 12:42:43,429 [main] INFO WorkRoomWebApplication - ************* Get The Application URL  *****************
2026-01-29 14:45:17,535 [main] INFO WorkRoomWebApplication - ************* Remote WebDriver Launched *****************
2026-01-29 14:45:17,706 [main] INFO WorkRoomWebApplication - ************* Get The Application URL  *****************
2026-01-29 14:45:19,097 [main] INFO WorkRoomWebApplication - *** Enter The Share Point Email Id ***
2026-01-29 14:45:20,924 [main] INFO WorkRoomWebApplication - *** click the next button ***
2026-01-29 14:45:21,204 [main] INFO WorkRoomWebApplication - *** Enter The Password ***
2026-01-29 14:45:22,782 [main] INFO WorkRoomWebApplication - *** clicked on the sign in Button ***
2026-01-29 14:45:25,087 [main] INFO WorkRoomWebApplication - *** click the Materials Manager main menu ***
2026-01-29 14:45:30,496 [main] INFO WorkRoomWebApplication - *** click the Materials Report Sub menu ***
2026-01-29 14:45:32,496 [main] INFO WorkRoomWebApplication - *** click the Inward outward button ***
2026-01-29 14:45:42,989 [main] INFO WorkRoomWebApplication - ************* Quitting Browser *****************
2026-01-29 14:45:43,146 [main] INFO WorkRoomWebApplication - ************* Browser Closed Successfully *****************
2026-01-29 14:49:16,323 [main] INFO WorkRoomWebApplication - ************* Remote WebDriver Launched *****************
2026-01-29 14:49:16,468 [main] INFO WorkRoomWebApplication - ************* Get The Application URL  *****************
2026-01-29 14:49:17,794 [main] INFO WorkRoomWebApplication - *** Enter The Share Point Email Id ***
2026-01-29 14:49:19,346 [main] INFO WorkRoomWebApplication - *** click the next button ***
2026-01-29 14:49:19,563 [main] INFO WorkRoomWebApplication - *** Enter The Password ***
2026-01-29 14:49:21,028 [main] INFO WorkRoomWebApplication - *** clicked on the sign in Button ***
2026-01-29 14:49:22,847 [main] INFO WorkRoomWebApplication - *** click the Materials Manager main menu ***
2026-01-29 14:49:28,995 [main] INFO WorkRoomWebApplication - *** click the Materials Report Sub menu ***
2026-01-29 14:49:32,561 [main] INFO WorkRoomWebApplication - *** click the Inward outward button ***
2026-01-29 14:49:32,809 [main] INFO WorkRoomWebApplication - ************* Quitting Browser *****************
2026-01-29 14:49:32,930 [main] INFO WorkRoomWebApplication - ************* Browser Closed Successfully *****************
2026-01-29 14:49:44,632 [main] INFO WorkRoomWebApplication - ************* Remote WebDriver Launched *****************
2026-01-29 14:49:44,788 [main] INFO WorkRoomWebApplication - ************* Get The Application URL  *****************
2026-01-29 14:49:46,030 [main] INFO WorkRoomWebApplication - *** Enter The Share Point Email Id ***
2026-01-29 14:49:47,299 [main] INFO WorkRoomWebApplication - *** click the next button ***
2026-01-29 14:49:47,517 [main] INFO WorkRoomWebApplication - *** Enter The Password ***
2026-01-29 14:49:48,973 [main] INFO WorkRoomWebApplication - *** clicked on the sign in Button ***
2026-01-29 14:49:51,200 [main] INFO WorkRoomWebApplication - *** click the Materials Manager main menu ***
2026-01-29 14:49:55,889 [main] INFO WorkRoomWebApplication - *** click the Materials Report Sub menu ***
2026-01-29 14:49:57,971 [main] INFO WorkRoomWebApplication - *** click the Inward outward button ***
2026-01-29 14:49:58,186 [main] INFO WorkRoomWebApplication - ************* Quitting Browser *****************
2026-01-29 14:49:58,308 [main] INFO WorkRoomWebApplication - ************* Browser Closed Successfully *****************
2026-01-29 14:53:39,477 [main] INFO WorkRoomWebApplication - ************* Remote WebDriver Launched *****************
2026-01-29 14:53:39,845 [main] INFO WorkRoomWebApplication - ************* Get The Application URL  *****************
2026-01-29 14:53:41,582 [main] INFO WorkRoomWebApplication - *** Enter The Share Point Email Id ***
2026-01-29 14:53:43,291 [main] INFO WorkRoomWebApplication - *** click the next button ***
2026-01-29 14:53:43,437 [main] INFO WorkRoomWebApplication - *** Enter The Password ***
2026-01-29 14:53:44,759 [main] INFO WorkRoomWebApplication - *** clicked on the sign in Button ***
2026-01-29 14:53:47,305 [main] INFO WorkRoomWebApplication - *** click the Materials Manager main menu ***
2026-01-29 14:53:52,302 [main] INFO WorkRoomWebApplication - *** click the Materials Report Sub menu ***
2026-01-29 14:53:55,318 [main] INFO WorkRoomWebApplication - *** click the Inward outward button ***
2026-01-29 14:53:55,872 [main] INFO WorkRoomWebApplication - ************* Quitting Browser *****************
2026-01-29 14:53:55,987 [main] INFO WorkRoomWebApplication - ************* Browser Closed Successfully *****************
2026-01-29 14:56:37,852 [main] INFO WorkRoomWebApplication - ************* Remote WebDriver Launched *****************
2026-01-29 14:56:38,048 [main] INFO WorkRoomWebApplication - ************* Get The Application URL  *****************
2026-01-29 14:56:39,705 [main] INFO WorkRoomWebApplication - *** Enter The Share Point Email Id ***
2026-01-29 14:56:41,389 [main] INFO WorkRoomWebApplication - *** click the next button ***
2026-01-29 14:56:41,499 [main] INFO WorkRoomWebApplication - *** Enter The Password ***
2026-01-29 14:56:42,889 [main] INFO WorkRoomWebApplication - *** clicked on the sign in Button ***
2026-01-29 14:56:44,549 [main] INFO WorkRoomWebApplication - *** click the Materials Manager main menu ***
2026-01-29 14:56:53,391 [main] INFO WorkRoomWebApplication - *** click the Materials Report Sub menu ***
2026-01-29 14:56:55,236 [main] INFO WorkRoomWebApplication - *** click the Inward outward button ***
2026-01-29 14:57:00,787 [main] INFO WorkRoomWebApplication - ************* Quitting Browser *****************
2026-01-29 14:57:00,924 [main] INFO WorkRoomWebApplication - ************* Browser Closed Successfully *****************
2026-01-30 09:54:20,147 [main] INFO WorkRoomWebApplication - ************* Remote WebDriver Launched *****************
2026-01-30 09:54:20,342 [main] INFO WorkRoomWebApplication - ************* Get The Application URL  *****************
2026-01-30 09:54:22,349 [main] INFO WorkRoomWebApplication - *** Enter The Share Point Email Id ***
2026-01-30 09:54:23,620 [main] INFO WorkRoomWebApplication - *** click the next button ***
2026-01-30 09:54:24,011 [main] INFO WorkRoomWebApplication - *** Enter The Password ***
2026-01-30 09:54:25,800 [main] INFO WorkRoomWebApplication - *** clicked on the sign in Button ***
2026-01-30 09:54:28,303 [main] INFO WorkRoomWebApplication - *** click the Materials Manager main menu ***
2026-01-30 09:54:33,981 [main] INFO WorkRoomWebApplication - *** click the Materials Report Sub menu ***
2026-01-30 09:54:39,066 [main] INFO WorkRoomWebApplication - *** click the Inward outward button ***
2026-01-30 09:54:45,551 [main] INFO WorkRoomWebApplication - ************* Quitting Browser *****************
2026-01-30 09:54:45,817 [main] INFO WorkRoomWebApplication - ************* Browser Closed Successfully *****************
2026-01-30 10:37:51,556 [main] INFO WorkRoomWebApplication - ************* Remote WebDriver Launched *****************
2026-01-30 10:37:51,721 [main] INFO WorkRoomWebApplication - ************* Get The Application URL  *****************
2026-01-30 10:37:53,635 [main] INFO WorkRoomWebApplication - *** Enter The Share Point Email Id ***
2026-01-30 10:37:54,905 [main] INFO WorkRoomWebApplication - *** click the next button ***
2026-01-30 10:37:55,226 [main] INFO WorkRoomWebApplication - *** Enter The Password ***
2026-01-30 10:37:56,543 [main] INFO WorkRoomWebApplication - *** clicked on the sign in Button ***
2026-01-30 10:37:58,351 [main] INFO WorkRoomWebApplication - *** click the Materials Manager main menu ***
2026-01-30 10:38:02,886 [main] INFO WorkRoomWebApplication - *** click the Materials Report Sub menu ***
2026-01-30 10:38:04,972 [main] INFO WorkRoomWebApplication - *** click the Inward outward button ***
2026-01-30 10:38:12,211 [main] INFO WorkRoomWebApplication - *** The DropDown List Availability Checking***
2026-01-30 10:38:12,379 [main] INFO WorkRoomWebApplication - *** Selected the Customer Po from The Dropdown ***
2026-01-30 10:38:12,566 [main] INFO WorkRoomWebApplication - ************* Quitting Browser *****************
2026-01-30 10:38:12,747 [main] INFO WorkRoomWebApplication - ************* Browser Closed Successfully *****************
2026-01-30 10:43:55,614 [main] INFO WorkRoomWebApplication - ************* Remote WebDriver Launched *****************
2026-01-30 10:43:55,944 [main] INFO WorkRoomWebApplication - ************* Get The Application URL  *****************
2026-01-30 10:43:57,633 [main] INFO WorkRoomWebApplication - *** Enter The Share Point Email Id ***
2026-01-30 10:43:58,904 [main] INFO WorkRoomWebApplication - *** click the next button ***
2026-01-30 10:43:59,231 [main] INFO WorkRoomWebApplication - *** Enter The Password ***
2026-01-30 10:44:01,165 [main] INFO WorkRoomWebApplication - *** clicked on the sign in Button ***
2026-01-30 10:44:03,813 [main] INFO WorkRoomWebApplication - *** click the Materials Manager main menu ***
2026-01-30 10:44:07,945 [main] INFO WorkRoomWebApplication - *** click the Materials Report Sub menu ***
2026-01-30 10:44:11,146 [main] INFO WorkRoomWebApplication - *** click the Inward outward button ***
2026-01-30 10:44:17,671 [main] INFO WorkRoomWebApplication - *** The DropDown List Availability Checking***
2026-01-30 10:44:17,846 [main] INFO WorkRoomWebApplication - *** Selected the Customer Po from The Dropdown ***
2026-01-30 10:44:18,121 [main] INFO WorkRoomWebApplication - ************* Quitting Browser *****************
2026-01-30 10:44:18,284 [main] INFO WorkRoomWebApplication - ************* Browser Closed Successfully *****************
2026-01-30 10:48:20,345 [main] INFO WorkRoomWebApplication - ************* Remote WebDriver Launched *****************
2026-01-30 10:48:20,585 [main] INFO WorkRoomWebApplication - ************* Get The Application URL  *****************
2026-01-30 10:48:21,948 [main] INFO WorkRoomWebApplication - *** Enter The Share Point Email Id ***
2026-01-30 10:48:23,795 [main] INFO WorkRoomWebApplication - *** click the next button ***
2026-01-30 10:48:24,286 [main] INFO WorkRoomWebApplication - *** Enter The Password ***
2026-01-30 10:48:26,054 [main] INFO WorkRoomWebApplication - *** clicked on the sign in Button ***
2026-01-30 10:48:28,673 [main] INFO WorkRoomWebApplication - *** click the Materials Manager main menu ***
2026-01-30 10:48:32,882 [main] INFO WorkRoomWebApplication - *** click the Materials Report Sub menu ***
2026-01-30 10:48:35,488 [main] INFO WorkRoomWebApplication - *** click the Inward outward button ***
2026-01-30 10:48:41,557 [main] INFO WorkRoomWebApplication - *** The DropDown List Availability Checking***
2026-01-30 10:48:41,722 [main] INFO WorkRoomWebApplication - *** Selected the Customer Po from The Dropdown ***
2026-01-30 10:48:47,595 [main] INFO WorkRoomWebApplication - ************* Quitting Browser *****************
2026-01-30 10:48:47,844 [main] INFO WorkRoomWebApplication - ************* Browser Closed Successfully *****************
2026-01-30 10:54:46,363 [main] INFO WorkRoomWebApplication - ************* Remote WebDriver Launched *****************
2026-01-30 10:54:46,662 [main] INFO WorkRoomWebApplication - ************* Get The Application URL  *****************
2026-01-30 10:54:47,905 [main] INFO WorkRoomWebApplication - *** Enter The Share Point Email Id ***
2026-01-30 10:54:49,748 [main] INFO WorkRoomWebApplication - *** click the next button ***
2026-01-30 10:54:50,323 [main] INFO WorkRoomWebApplication - *** Enter The Password ***
2026-01-30 10:54:52,174 [main] INFO WorkRoomWebApplication - *** clicked on the sign in Button ***
2026-01-30 10:54:54,757 [main] INFO WorkRoomWebApplication - *** click the Materials Manager main menu ***
2026-01-30 10:55:00,529 [main] INFO WorkRoomWebApplication - *** click the Materials Report Sub menu ***
2026-01-30 10:55:03,414 [main] INFO WorkRoomWebApplication - *** click the Inward outward button ***
2026-01-30 10:55:10,211 [main] INFO WorkRoomWebApplication - *** The DropDown List Availability Checking***
2026-01-30 10:55:10,375 [main] INFO WorkRoomWebApplication - *** Selected the Customer Po from The Dropdown ***
2026-01-30 10:55:12,173 [main] INFO WorkRoomWebApplication - ************* Quitting Browser *****************
2026-01-30 10:55:12,423 [main] INFO WorkRoomWebApplication - ************* Browser Closed Successfully *****************
2026-01-30 12:21:19,914 [main] INFO WorkRoomWebApplication - ************* Remote WebDriver Launched *****************
2026-01-30 12:21:20,088 [main] INFO WorkRoomWebApplication - ************* Get The Application URL  *****************
2026-01-30 12:28:50,415 [main] INFO WorkRoomWebApplication - ************* Remote WebDriver Launched *****************
2026-01-30 12:28:50,549 [main] INFO WorkRoomWebApplication - ************* Get The Application URL  *****************
2026-01-30 12:33:05,850 [main] INFO WorkRoomWebApplication - ************* Quitting Browser *****************
2026-01-30 12:33:05,939 [main] INFO WorkRoomWebApplication - ************* Browser Closed Successfully *****************
2026-01-30 12:45:25,431 [main] INFO WorkRoomWebApplication - ************* Remote WebDriver Launched *****************
2026-01-30 12:45:25,541 [main] INFO WorkRoomWebApplication - ************* Get The Application URL  *****************
2026-01-30 12:50:02,480 [main] INFO WorkRoomWebApplication - ************* Quitting Browser *****************
2026-01-30 12:50:02,561 [main] INFO WorkRoomWebApplication - ************* Browser Closed Successfully *****************
2026-01-30 12:57:32,204 [main] INFO WorkRoomWebApplication - ************* Remote WebDriver Launched *****************
2026-01-30 12:57:32,342 [main] INFO WorkRoomWebApplication - ************* Get The Application URL  *****************
2026-01-30 13:00:36,983 [main] INFO WorkRoomWebApplication - ************* Launching CHROME Browser *****************
2026-01-30 13:00:38,920 [main] INFO WorkRoomWebApplication - ************* Browser Launched and Maximized *****************
2026-01-30 13:00:39,262 [main] INFO WorkRoomWebApplication - ************* Get The Application URL  *****************
2026-01-30 13:00:42,422 [main] INFO WorkRoomWebApplication - *** Enter The Share Point Email Id ***
2026-01-30 13:00:43,678 [main] INFO WorkRoomWebApplication - *** click the next button ***
2026-01-30 13:00:44,167 [main] INFO WorkRoomWebApplication - *** Enter The Password ***
2026-01-30 13:00:45,582 [main] INFO WorkRoomWebApplication - *** clicked on the sign in Button ***
2026-01-30 13:00:47,567 [main] INFO WorkRoomWebApplication - *** click the Materials Manager main menu ***
2026-01-30 13:00:52,695 [main] INFO WorkRoomWebApplication - *** click the Materials Report Sub menu ***
2026-01-30 13:00:55,570 [main] INFO WorkRoomWebApplication - *** click the Inward outward button ***
2026-01-30 13:01:01,148 [main] INFO WorkRoomWebApplication - *** The DropDown List Availability Checking***
2026-01-30 13:01:01,290 [main] INFO WorkRoomWebApplication - *** Selected the Customer Po from The Dropdown ***
2026-01-30 13:08:09,463 [main] INFO WorkRoomWebApplication - ************* Launching CHROME Browser *****************
2026-01-30 13:08:10,957 [main] INFO WorkRoomWebApplication - ************* Browser Launched and Maximized *****************
2026-01-30 13:08:11,163 [main] INFO WorkRoomWebApplication - ************* Get The Application URL  *****************
2026-01-30 13:08:14,748 [main] INFO WorkRoomWebApplication - *** Enter The Share Point Email Id ***
2026-01-30 13:08:15,559 [main] INFO WorkRoomWebApplication - *** click the next button ***
2026-01-30 13:08:15,774 [main] INFO WorkRoomWebApplication - *** Enter The Password ***
2026-01-30 13:08:17,319 [main] INFO WorkRoomWebApplication - *** clicked on the sign in Button ***
2026-01-30 13:08:18,659 [main] INFO WorkRoomWebApplication - *** click the Materials Manager main menu ***
2026-01-30 13:08:22,804 [main] INFO WorkRoomWebApplication - *** click the Materials Report Sub menu ***
2026-01-30 13:08:24,509 [main] INFO WorkRoomWebApplication - *** click the Inward outward button ***
2026-01-30 13:08:29,843 [main] INFO WorkRoomWebApplication - *** The DropDown List Availability Checking***
2026-01-30 13:08:29,914 [main] INFO WorkRoomWebApplication - *** Selected the Customer Po from The Dropdown ***
2026-01-30 13:08:31,140 [main] INFO WorkRoomWebApplication - *** Click Generate Report for The Inard materials ***
2026-01-30 13:36:33,634 [main] INFO WorkRoomWebApplication - ************* Launching CHROME Browser *****************
2026-01-30 13:36:35,097 [main] INFO WorkRoomWebApplication - ************* Browser Launched and Maximized *****************
2026-01-30 13:36:35,363 [main] INFO WorkRoomWebApplication - ************* Get The Application URL  *****************
2026-01-30 13:36:37,715 [main] INFO WorkRoomWebApplication - *** Enter The Share Point Email Id ***
2026-01-30 13:36:38,606 [main] INFO WorkRoomWebApplication - *** click the next button ***
2026-01-30 13:36:38,765 [main] INFO WorkRoomWebApplication - *** Enter The Password ***
2026-01-30 13:36:40,206 [main] INFO WorkRoomWebApplication - *** clicked on the sign in Button ***
2026-01-30 13:36:42,079 [main] INFO WorkRoomWebApplication - *** click the Materials Manager main menu ***
2026-01-30 13:36:46,459 [main] INFO WorkRoomWebApplication - *** click the Materials Report Sub menu ***
2026-01-30 13:36:50,030 [main] INFO WorkRoomWebApplication - *** click the Inward outward button ***
2026-01-30 13:36:56,443 [main] INFO WorkRoomWebApplication - *** The DropDown List Availability Checking***
2026-01-30 13:36:56,586 [main] INFO WorkRoomWebApplication - *** Selected the Customer Po from The Dropdown ***
2026-01-30 13:36:57,910 [main] INFO WorkRoomWebApplication - *** Click Generate Report for The Inard materials ***
2026-01-30 13:36:58,036 [main] INFO WorkRoomWebApplication - *** clicked The Export button ***
2026-01-30 13:36:58,276 [main] INFO WorkRoomWebApplication - *** Checking for The Success Message ***
2026-01-30 13:46:11,678 [main] INFO WorkRoomWebApplication - Created download directory: /home/limitscale/MaterialManagement/MATERIAL_MANAGEMENT_LIVE_WEB_AUTOMATION/Material inward report (success: true)
2026-01-30 13:46:11,684 [main] INFO WorkRoomWebApplication - ************* Launching CHROME Browser *****************
2026-01-30 13:46:13,569 [main] INFO WorkRoomWebApplication - ************* Browser Launched and Maximized *****************
2026-01-30 13:46:13,731 [main] INFO WorkRoomWebApplication - ************* Get The Application URL  *****************
2026-01-30 13:46:16,150 [main] INFO WorkRoomWebApplication - *** Enter The Share Point Email Id ***
2026-01-30 13:46:17,559 [main] INFO WorkRoomWebApplication - *** click the next button ***
2026-01-30 13:46:17,759 [main] INFO WorkRoomWebApplication - *** Enter The Password ***
2026-01-30 13:46:19,265 [main] INFO WorkRoomWebApplication - *** clicked on the sign in Button ***
2026-01-30 13:46:20,852 [main] INFO WorkRoomWebApplication - *** click the Materials Manager main menu ***
2026-01-30 13:46:25,753 [main] INFO WorkRoomWebApplication - *** click the Materials Report Sub menu ***
2026-01-30 13:46:27,114 [main] INFO WorkRoomWebApplication - *** click the Inward outward button ***
2026-01-30 13:46:32,351 [main] INFO WorkRoomWebApplication - *** The DropDown List Availability Checking***
2026-01-30 13:46:32,415 [main] INFO WorkRoomWebApplication - *** Selected the Customer Po from The Dropdown ***
2026-01-30 13:46:33,563 [main] INFO WorkRoomWebApplication - *** Click Generate Report for The Inard materials ***
2026-01-30 13:46:33,661 [main] INFO WorkRoomWebApplication - *** clicked The Export button ***
2026-01-30 13:46:33,778 [main] INFO WorkRoomWebApplication - *** Checking for The Success Message ***
2026-01-30 13:46:34,376 [main] INFO WorkRoomWebApplication - Scenario passed: Select available PO number from dropdown
2026-01-30 13:46:34,377 [main] INFO WorkRoomWebApplication - === Downloaded Files Summary ===
2026-01-30 13:46:34,378 [main] INFO WorkRoomWebApplication - Download directory: /home/limitscale/MaterialManagement/MATERIAL_MANAGEMENT_LIVE_WEB_AUTOMATION/Material inward report
2026-01-30 13:46:34,382 [main] INFO WorkRoomWebApplication - File: Unconfirmed 116809.crdownload | Size: 16.98 KB | Modified: 1970-01-01 05:30:00
2026-01-30 13:46:34,383 [main] INFO WorkRoomWebApplication - Total files: 1
2026-01-30 13:46:34,383 [main] INFO WorkRoomWebApplication - ************* Quitting Browser *****************
2026-01-30 13:46:34,583 [main] INFO WorkRoomWebApplication - ************* Browser Closed Successfully *****************
2026-01-30 13:47:49,346 [main] INFO WorkRoomWebApplication - Download directory already exists: /home/limitscale/MaterialManagement/MATERIAL_MANAGEMENT_LIVE_WEB_AUTOMATION/Material inward report
2026-01-30 13:47:49,355 [main] INFO WorkRoomWebApplication - ************* Launching CHROME Browser *****************
2026-01-30 13:47:51,377 [main] INFO WorkRoomWebApplication - ************* Browser Launched and Maximized *****************
2026-01-30 13:47:51,595 [main] INFO WorkRoomWebApplication - ************* Get The Application URL  *****************
2026-01-30 13:47:54,412 [main] INFO WorkRoomWebApplication - *** Enter The Share Point Email Id ***
2026-01-30 13:47:55,502 [main] INFO WorkRoomWebApplication - *** click the next button ***
2026-01-30 13:47:55,648 [main] INFO WorkRoomWebApplication - *** Enter The Password ***
2026-01-30 13:47:56,857 [main] INFO WorkRoomWebApplication - *** clicked on the sign in Button ***
2026-01-30 13:47:58,598 [main] INFO WorkRoomWebApplication - *** click the Materials Manager main menu ***
2026-01-30 13:48:02,095 [main] INFO WorkRoomWebApplication - *** click the Materials Report Sub menu ***
2026-01-30 13:48:04,413 [main] INFO WorkRoomWebApplication - *** click the Inward outward button ***
2026-01-30 13:48:09,863 [main] INFO WorkRoomWebApplication - *** The DropDown List Availability Checking***
2026-01-30 13:48:09,925 [main] INFO WorkRoomWebApplication - *** Selected the Customer Po from The Dropdown ***
2026-01-30 13:48:11,206 [main] INFO WorkRoomWebApplication - *** Click Generate Report for The Inard materials ***
2026-01-30 13:48:11,304 [main] INFO WorkRoomWebApplication - *** clicked The Export button ***
2026-01-30 13:48:11,450 [main] INFO WorkRoomWebApplication - *** Checking for The Success Message ***
2026-01-30 13:48:12,044 [main] INFO WorkRoomWebApplication - Scenario passed: Select available PO number from dropdown
2026-01-30 13:48:12,044 [main] INFO WorkRoomWebApplication - === Downloaded Files Summary ===
2026-01-30 13:48:12,045 [main] INFO WorkRoomWebApplication - Download directory: /home/limitscale/MaterialManagement/MATERIAL_MANAGEMENT_LIVE_WEB_AUTOMATION/Material inward report
2026-01-30 13:48:12,056 [main] INFO WorkRoomWebApplication - File: Customer PO 15000000445 Inward Material.xlsx | Size: 16.98 KB | Modified: 2026-01-30 13:46:33
2026-01-30 13:48:12,056 [main] INFO WorkRoomWebApplication - File: Customer PO 15000000445 Inward Material (1).xlsx | Size: 16.98 KB | Modified: 2026-01-30 13:48:11
2026-01-30 13:48:12,057 [main] INFO WorkRoomWebApplication - Total files: 2
2026-01-30 13:48:12,057 [main] INFO WorkRoomWebApplication - ************* Quitting Browser *****************
2026-01-30 13:48:12,208 [main] INFO WorkRoomWebApplication - ************* Browser Closed Successfully *****************
2026-01-30 14:59:21,207 [main] INFO WorkRoomWebApplication - Created download directory: /home/limitscale/MaterialManagement/MATERIAL_MANAGEMENT_LIVE_WEB_AUTOMATION/Downloaded Documents (success: true)
2026-01-30 14:59:21,213 [main] INFO WorkRoomWebApplication - ************* Launching CHROME Browser *****************
2026-01-30 14:59:23,059 [main] INFO WorkRoomWebApplication - ************* Browser Launched and Maximized *****************
2026-01-30 14:59:23,193 [main] INFO WorkRoomWebApplication - ************* Get The Application URL  *****************
2026-01-30 14:59:24,730 [main] INFO WorkRoomWebApplication - *** Enter The Share Point Email Id ***
2026-01-30 14:59:26,118 [main] INFO WorkRoomWebApplication - *** click the next button ***
2026-01-30 14:59:26,505 [main] INFO WorkRoomWebApplication - *** Enter The Password ***
2026-01-30 14:59:28,155 [main] INFO WorkRoomWebApplication - *** clicked on the sign in Button ***
2026-01-30 14:59:30,097 [main] INFO WorkRoomWebApplication - *** click the Materials Manager main menu ***
2026-01-30 14:59:48,613 [main] INFO WorkRoomWebApplication - *** click the Materials Report Sub menu ***
2026-01-30 14:59:50,425 [main] INFO WorkRoomWebApplication - *** click the Inward outward button ***
2026-01-30 14:59:55,780 [main] INFO WorkRoomWebApplication - *** The DropDown List Availability Checking***
2026-01-30 14:59:55,897 [main] INFO WorkRoomWebApplication - *** Selected the Customer Po from The Dropdown ***
2026-01-30 14:59:57,464 [main] INFO WorkRoomWebApplication - *** Click Generate Report for The Inard materials ***
2026-01-30 14:59:57,860 [main] INFO WorkRoomWebApplication - *** clicked The Export button ***
2026-01-30 14:59:58,427 [main] INFO WorkRoomWebApplication - *** Checking for The Success Message ***
2026-01-30 14:59:58,648 [main] INFO WorkRoomWebApplication - Scenario passed: Select available PO number from dropdown
2026-01-30 14:59:58,652 [main] INFO WorkRoomWebApplication - === Downloaded Files Summary ===
2026-01-30 14:59:58,654 [main] INFO WorkRoomWebApplication - Download directory: /home/limitscale/MaterialManagement/MATERIAL_MANAGEMENT_LIVE_WEB_AUTOMATION/Material inward report
2026-01-30 14:59:58,671 [main] INFO WorkRoomWebApplication - File: Customer PO 15000000445 Inward Material.xlsx | Size: 16.98 KB | Modified: 2026-01-30 13:46:33
2026-01-30 14:59:58,674 [main] INFO WorkRoomWebApplication - File: Customer PO 15000000445 Inward Material (1).xlsx | Size: 16.98 KB | Modified: 2026-01-30 13:48:11
2026-01-30 14:59:58,676 [main] INFO WorkRoomWebApplication - Total files: 2
2026-01-30 14:59:58,678 [main] INFO WorkRoomWebApplication - ************* Quitting Browser *****************
2026-01-30 14:59:58,965 [main] INFO WorkRoomWebApplication - ************* Browser Closed Successfully *****************
2026-01-30 15:02:45,770 [main] INFO WorkRoomWebApplication - Download directory already exists: /home/limitscale/MaterialManagement/MATERIAL_MANAGEMENT_LIVE_WEB_AUTOMATION/Downloaded Documents
2026-01-30 15:02:45,776 [main] INFO WorkRoomWebApplication - ************* Launching CHROME Browser *****************
2026-01-30 15:02:47,864 [main] INFO WorkRoomWebApplication - ************* Browser Launched and Maximized *****************
2026-01-30 15:02:47,990 [main] INFO WorkRoomWebApplication - ************* Get The Application URL  *****************
2026-01-30 15:02:58,924 [main] INFO WorkRoomWebApplication - *** Enter The Share Point Email Id ***
2026-01-30 15:03:00,380 [main] INFO WorkRoomWebApplication - *** click the next button ***
2026-01-30 15:03:00,567 [main] INFO WorkRoomWebApplication - *** Enter The Password ***
2026-01-30 15:03:02,332 [main] INFO WorkRoomWebApplication - *** clicked on the sign in Button ***
2026-01-30 15:03:04,027 [main] INFO WorkRoomWebApplication - *** click the Materials Manager main menu ***
2026-01-30 15:03:23,696 [main] INFO WorkRoomWebApplication - *** click the Materials Report Sub menu ***
2026-01-30 15:03:25,874 [main] INFO WorkRoomWebApplication - *** click the Inward outward button ***
2026-01-30 15:03:31,572 [main] INFO WorkRoomWebApplication - *** The DropDown List Availability Checking***
2026-01-30 15:03:31,695 [main] INFO WorkRoomWebApplication - *** Selected the Customer Po from The Dropdown ***
2026-01-30 15:03:33,296 [main] INFO WorkRoomWebApplication - *** Click Generate Report for The Inard materials ***
2026-01-30 15:03:33,577 [main] INFO WorkRoomWebApplication - *** clicked The Export button ***
2026-01-30 15:03:34,016 [main] INFO WorkRoomWebApplication - *** Checking for The Success Message ***
2026-01-30 15:03:34,636 [main] INFO WorkRoomWebApplication - Scenario passed: Select available PO number from dropdown
2026-01-30 15:03:34,637 [main] INFO WorkRoomWebApplication - === Downloaded Files Summary ===
2026-01-30 15:03:34,638 [main] INFO WorkRoomWebApplication - Download directory: /home/limitscale/MaterialManagement/MATERIAL_MANAGEMENT_LIVE_WEB_AUTOMATION/Material inward report
2026-01-30 15:03:34,641 [main] INFO WorkRoomWebApplication - File: Customer PO 15000000445 Inward Material.xlsx | Size: 16.98 KB | Modified: 2026-01-30 13:46:33
2026-01-30 15:03:34,642 [main] INFO WorkRoomWebApplication - File: Customer PO 15000000445 Inward Material (1).xlsx | Size: 16.98 KB | Modified: 2026-01-30 13:48:11
2026-01-30 15:03:34,643 [main] INFO WorkRoomWebApplication - Total files: 2
2026-01-30 15:03:34,643 [main] INFO WorkRoomWebApplication - ************* Quitting Browser *****************
2026-01-30 15:03:34,868 [main] INFO WorkRoomWebApplication - ************* Browser Closed Successfully *****************
2026-01-30 15:19:13,001 [main] INFO WorkRoomWebApplication - Download directory already exists: /home/limitscale/MaterialManagement/MATERIAL_MANAGEMENT_LIVE_WEB_AUTOMATION/Downloaded Documents
2026-01-30 15:19:13,007 [main] INFO WorkRoomWebApplication - ************* Launching CHROME Browser *****************
2026-01-30 15:19:14,988 [main] INFO WorkRoomWebApplication - ************* Browser Launched and Maximized *****************
2026-01-30 15:19:15,284 [main] INFO WorkRoomWebApplication - ************* Get The Application URL  *****************
2026-01-30 15:19:16,766 [main] INFO WorkRoomWebApplication - *** Enter The Share Point Email Id ***
2026-01-30 15:19:18,351 [main] INFO WorkRoomWebApplication - *** click the next button ***
2026-01-30 15:19:18,743 [main] INFO WorkRoomWebApplication - *** Enter The Password ***
2026-01-30 15:19:20,682 [main] INFO WorkRoomWebApplication - *** clicked on the sign in Button ***
2026-01-30 15:19:22,501 [main] INFO WorkRoomWebApplication - *** click the Materials Manager main menu ***
2026-01-30 15:19:39,285 [main] INFO WorkRoomWebApplication - *** click the Materials Report Sub menu ***
2026-01-30 15:19:41,433 [main] INFO WorkRoomWebApplication - *** click the Inward outward button ***
2026-01-30 15:19:47,075 [main] INFO WorkRoomWebApplication - *** The DropDown List Availability Checking***
2026-01-30 15:19:47,228 [main] INFO WorkRoomWebApplication - *** Selected the Customer Po from The Dropdown ***
2026-01-30 15:19:48,992 [main] INFO WorkRoomWebApplication - *** Click Generate Report for The Inard materials ***
2026-01-30 15:19:49,232 [main] INFO WorkRoomWebApplication - *** clicked The Export button ***
2026-01-30 15:19:49,477 [main] INFO WorkRoomWebApplication - *** Checking for The Success Message ***
2026-01-30 15:19:50,176 [main] INFO WorkRoomWebApplication - Scenario passed: Select available PO number from dropdown
2026-01-30 15:19:50,178 [main] INFO WorkRoomWebApplication - === Downloaded Files Summary ===
2026-01-30 15:19:50,180 [main] INFO WorkRoomWebApplication - Download directory: /home/limitscale/MaterialManagement/MATERIAL_MANAGEMENT_LIVE_WEB_AUTOMATION/Material inward report
2026-01-30 15:19:50,199 [main] INFO WorkRoomWebApplication - File: Customer PO 15000000445 Inward Material.xlsx | Size: 16.98 KB | Modified: 2026-01-30 13:46:33
2026-01-30 15:19:50,201 [main] INFO WorkRoomWebApplication - File: Customer PO 15000000445 Inward Material (1).xlsx | Size: 16.98 KB | Modified: 2026-01-30 13:48:11
2026-01-30 15:19:50,203 [main] INFO WorkRoomWebApplication - Total files: 2
2026-01-30 15:19:50,204 [main] INFO WorkRoomWebApplication - ************* Quitting Browser *****************
2026-01-30 15:19:50,659 [main] INFO WorkRoomWebApplication - ************* Browser Closed Successfully *****************
2026-01-30 16:05:16,026 [main] INFO WorkRoomWebApplication - Download directory already exists: /home/limitscale/MaterialManagement/MATERIAL_MANAGEMENT_LIVE_WEB_AUTOMATION/Downloaded Documents
2026-01-30 16:05:16,031 [main] INFO WorkRoomWebApplication - ************* Launching CHROME Browser *****************
2026-01-30 16:05:18,357 [main] INFO WorkRoomWebApplication - ************* Browser Launched and Maximized *****************
2026-01-30 16:05:18,390 [main] INFO WorkRoomWebApplication - ************* Get The Application URL  *****************
2026-01-30 16:05:29,460 [main] INFO WorkRoomWebApplication - *** Enter The Share Point Email Id ***
2026-01-30 16:05:30,623 [main] INFO WorkRoomWebApplication - *** click the next button ***
2026-01-30 16:05:30,885 [main] INFO WorkRoomWebApplication - *** Enter The Password ***
2026-01-30 16:05:32,173 [main] INFO WorkRoomWebApplication - *** clicked on the sign in Button ***
2026-01-30 16:05:33,974 [main] INFO WorkRoomWebApplication - *** click the Materials Manager main menu ***
2026-01-30 16:05:48,169 [main] INFO WorkRoomWebApplication - *** click the Materials Report Sub menu ***
2026-01-30 16:05:49,887 [main] INFO WorkRoomWebApplication - *** click the Inward outward button ***
2026-01-30 16:05:55,502 [main] INFO WorkRoomWebApplication - *** Click Generate Report for The Inard materials ***
2026-01-30 16:05:55,944 [main] INFO WorkRoomWebApplication - *** Pop Up Message  ***
2026-01-30 16:05:56,862 [main] ERROR WorkRoomWebApplication - Scenario failed: click Generate The Report Without Selecting The Customer po
2026-01-30 16:05:56,864 [main] INFO WorkRoomWebApplication - === Downloaded Files Summary ===
2026-01-30 16:05:56,864 [main] INFO WorkRoomWebApplication - Download directory: /home/limitscale/MaterialManagement/MATERIAL_MANAGEMENT_LIVE_WEB_AUTOMATION/Material inward report
2026-01-30 16:05:56,871 [main] INFO WorkRoomWebApplication - File: Customer PO 15000000445 Inward Material.xlsx | Size: 16.98 KB | Modified: 2026-01-30 13:46:33
2026-01-30 16:05:56,872 [main] INFO WorkRoomWebApplication - File: Customer PO 15000000445 Inward Material (1).xlsx | Size: 16.98 KB | Modified: 2026-01-30 13:48:11
2026-01-30 16:05:56,872 [main] INFO WorkRoomWebApplication - Total files: 2
2026-01-30 16:05:56,873 [main] INFO WorkRoomWebApplication - ************* Quitting Browser *****************
2026-01-30 16:05:57,036 [main] INFO WorkRoomWebApplication - ************* Browser Closed Successfully *****************
2026-01-30 16:08:17,745 [main] INFO WorkRoomWebApplication - Download directory already exists: /home/limitscale/MaterialManagement/MATERIAL_MANAGEMENT_LIVE_WEB_AUTOMATION/Downloaded Documents
2026-01-30 16:08:17,750 [main] INFO WorkRoomWebApplication - ************* Launching CHROME Browser *****************
2026-01-30 16:08:19,500 [main] INFO WorkRoomWebApplication - ************* Browser Launched and Maximized *****************
2026-01-30 16:08:19,542 [main] INFO WorkRoomWebApplication - ************* Get The Application URL  *****************
2026-01-30 16:08:21,207 [main] INFO WorkRoomWebApplication - *** Enter The Share Point Email Id ***
2026-01-30 16:08:22,562 [main] INFO WorkRoomWebApplication - *** click the next button ***
2026-01-30 16:08:22,973 [main] INFO WorkRoomWebApplication - *** Enter The Password ***
2026-01-30 16:08:24,630 [main] INFO WorkRoomWebApplication - *** clicked on the sign in Button ***
2026-01-30 16:08:26,325 [main] INFO WorkRoomWebApplication - *** click the Materials Manager main menu ***
2026-01-30 16:08:43,465 [main] INFO WorkRoomWebApplication - *** click the Materials Report Sub menu ***
2026-01-30 16:08:45,849 [main] INFO WorkRoomWebApplication - *** click the Inward outward button ***
2026-01-30 16:08:51,211 [main] INFO WorkRoomWebApplication - *** Click Generate Report for The Inard materials ***
2026-01-30 16:08:51,656 [main] INFO WorkRoomWebApplication - *** Pop Up Message  ***
2026-01-30 16:08:52,236 [main] ERROR WorkRoomWebApplication - Scenario failed: click Generate The Report Without Selecting The Customer po
2026-01-30 16:08:52,238 [main] INFO WorkRoomWebApplication - === Downloaded Files Summary ===
2026-01-30 16:08:52,239 [main] INFO WorkRoomWebApplication - Download directory: /home/limitscale/MaterialManagement/MATERIAL_MANAGEMENT_LIVE_WEB_AUTOMATION/Material inward report
2026-01-30 16:08:52,249 [main] INFO WorkRoomWebApplication - File: Customer PO 15000000445 Inward Material.xlsx | Size: 16.98 KB | Modified: 2026-01-30 13:46:33
2026-01-30 16:08:52,252 [main] INFO WorkRoomWebApplication - File: Customer PO 15000000445 Inward Material (1).xlsx | Size: 16.98 KB | Modified: 2026-01-30 13:48:11
2026-01-30 16:08:52,254 [main] INFO WorkRoomWebApplication - Total files: 2
2026-01-30 16:08:52,255 [main] INFO WorkRoomWebApplication - ************* Quitting Browser *****************
2026-01-30 16:08:52,481 [main] INFO WorkRoomWebApplication - ************* Browser Closed Successfully *****************
2026-01-30 16:09:29,233 [main] INFO WorkRoomWebApplication - Download directory already exists: /home/limitscale/MaterialManagement/MATERIAL_MANAGEMENT_LIVE_WEB_AUTOMATION/Downloaded Documents
2026-01-30 16:09:29,239 [main] INFO WorkRoomWebApplication - ************* Launching CHROME Browser *****************
2026-01-30 16:09:31,163 [main] INFO WorkRoomWebApplication - ************* Browser Launched and Maximized *****************
2026-01-30 16:09:31,301 [main] INFO WorkRoomWebApplication - ************* Get The Application URL  *****************
2026-01-30 16:09:42,011 [main] INFO WorkRoomWebApplication - *** Enter The Share Point Email Id ***
2026-01-30 16:09:43,346 [main] INFO WorkRoomWebApplication - *** click the next button ***
2026-01-30 16:09:43,653 [main] INFO WorkRoomWebApplication - *** Enter The Password ***
2026-01-30 16:09:45,593 [main] INFO WorkRoomWebApplication - *** clicked on the sign in Button ***
2026-01-30 16:09:47,394 [main] INFO WorkRoomWebApplication - *** click the Materials Manager main menu ***
2026-01-30 16:09:58,442 [main] INFO WorkRoomWebApplication - *** click the Materials Report Sub menu ***
2026-01-30 16:10:00,314 [main] INFO WorkRoomWebApplication - *** click the Inward outward button ***
2026-01-30 16:10:05,717 [main] INFO WorkRoomWebApplication - *** The DropDown List Availability Checking***
2026-01-30 16:10:05,836 [main] INFO WorkRoomWebApplication - *** Selected the Customer Po from The Dropdown ***
2026-01-30 16:10:07,301 [main] INFO WorkRoomWebApplication - *** Click Generate Report for The Inard materials ***
2026-01-30 16:10:07,542 [main] INFO WorkRoomWebApplication - *** clicked The Export button ***
2026-01-30 16:10:07,854 [main] INFO WorkRoomWebApplication - *** Checking for The Success Message ***
2026-01-30 16:10:08,572 [main] INFO WorkRoomWebApplication - Scenario passed: Select available PO number from dropdown
2026-01-30 16:10:08,574 [main] INFO WorkRoomWebApplication - === Downloaded Files Summary ===
2026-01-30 16:10:08,576 [main] INFO WorkRoomWebApplication - Download directory: /home/limitscale/MaterialManagement/MATERIAL_MANAGEMENT_LIVE_WEB_AUTOMATION/Material inward report
2026-01-30 16:10:08,585 [main] INFO WorkRoomWebApplication - File: Customer PO 15000000445 Inward Material.xlsx | Size: 16.98 KB | Modified: 2026-01-30 13:46:33
2026-01-30 16:10:08,588 [main] INFO WorkRoomWebApplication - File: Customer PO 15000000445 Inward Material (1).xlsx | Size: 16.98 KB | Modified: 2026-01-30 13:48:11
2026-01-30 16:10:08,589 [main] INFO WorkRoomWebApplication - Total files: 2
2026-01-30 16:10:08,591 [main] INFO WorkRoomWebApplication - ************* Quitting Browser *****************
2026-01-30 16:10:08,909 [main] INFO WorkRoomWebApplication - ************* Browser Closed Successfully *****************
2026-01-30 16:10:08,963 [main] INFO WorkRoomWebApplication - Download directory already exists: /home/limitscale/MaterialManagement/MATERIAL_MANAGEMENT_LIVE_WEB_AUTOMATION/Downloaded Documents
2026-01-30 16:10:08,963 [main] INFO WorkRoomWebApplication - ************* Launching CHROME Browser *****************
2026-01-30 16:10:11,068 [main] INFO WorkRoomWebApplication - ************* Browser Launched and Maximized *****************
2026-01-30 16:10:11,413 [main] INFO WorkRoomWebApplication - ************* Get The Application URL  *****************
2026-01-30 16:10:12,558 [main] INFO WorkRoomWebApplication - *** Enter The Share Point Email Id ***
2026-01-30 16:10:14,091 [main] INFO WorkRoomWebApplication - *** click the next button ***
2026-01-30 16:10:14,462 [main] INFO WorkRoomWebApplication - *** Enter The Password ***
2026-01-30 16:10:15,785 [main] INFO WorkRoomWebApplication - *** clicked on the sign in Button ***
2026-01-30 16:10:17,608 [main] INFO WorkRoomWebApplication - *** click the Materials Manager main menu ***
2026-01-30 16:10:28,879 [main] INFO WorkRoomWebApplication - *** click the Materials Report Sub menu ***
2026-01-30 16:10:30,729 [main] INFO WorkRoomWebApplication - *** click the Inward outward button ***
2026-01-30 16:10:36,379 [main] INFO WorkRoomWebApplication - *** Click Generate Report for The Inard materials ***
2026-01-30 16:10:36,850 [main] INFO WorkRoomWebApplication - *** Pop Up Message  ***
2026-01-30 16:10:37,101 [main] INFO WorkRoomWebApplication - *** Reusability--->Click the Okay Button  ***
2026-01-30 16:10:37,492 [main] INFO WorkRoomWebApplication - Scenario passed: click Generate The Report Without Selecting The Customer po
2026-01-30 16:10:37,493 [main] INFO WorkRoomWebApplication - === Downloaded Files Summary ===
2026-01-30 16:10:37,494 [main] INFO WorkRoomWebApplication - Download directory: /home/limitscale/MaterialManagement/MATERIAL_MANAGEMENT_LIVE_WEB_AUTOMATION/Material inward report
2026-01-30 16:10:37,497 [main] INFO WorkRoomWebApplication - File: Customer PO 15000000445 Inward Material.xlsx | Size: 16.98 KB | Modified: 2026-01-30 13:46:33
2026-01-30 16:10:37,499 [main] INFO WorkRoomWebApplication - File: Customer PO 15000000445 Inward Material (1).xlsx | Size: 16.98 KB | Modified: 2026-01-30 13:48:11
2026-01-30 16:10:37,500 [main] INFO WorkRoomWebApplication - Total files: 2
2026-01-30 16:10:37,501 [main] INFO WorkRoomWebApplication - ************* Quitting Browser *****************
2026-01-30 16:10:37,756 [main] INFO WorkRoomWebApplication - ************* Browser Closed Successfully *****************
2026-01-30 16:12:20,839 [main] INFO WorkRoomWebApplication - Download directory already exists: /home/limitscale/MaterialManagement/MATERIAL_MANAGEMENT_LIVE_WEB_AUTOMATION/Downloaded Documents
2026-01-30 16:12:20,844 [main] INFO WorkRoomWebApplication - ************* Launching CHROME Browser *****************
2026-01-30 16:12:22,664 [main] INFO WorkRoomWebApplication - ************* Browser Launched and Maximized *****************
2026-01-30 16:12:22,691 [main] INFO WorkRoomWebApplication - ************* Get The Application URL  *****************
2026-01-30 16:12:29,076 [main] INFO WorkRoomWebApplication - *** Enter The Share Point Email Id ***
2026-01-30 16:12:30,469 [main] INFO WorkRoomWebApplication - *** click the next button ***
2026-01-30 16:12:30,816 [main] INFO WorkRoomWebApplication - *** Enter The Password ***
2026-01-30 16:12:31,909 [main] INFO WorkRoomWebApplication - *** clicked on the sign in Button ***
2026-01-30 16:12:33,826 [main] INFO WorkRoomWebApplication - *** click the Materials Manager main menu ***
2026-01-30 16:12:45,076 [main] INFO WorkRoomWebApplication - *** click the Materials Report Sub menu ***
2026-01-30 16:12:50,299 [main] INFO WorkRoomWebApplication - *** click the Inward outward button ***
2026-01-30 16:12:56,144 [main] INFO WorkRoomWebApplication - *** Click Generate Report for The Inard materials ***
2026-01-30 16:12:56,599 [main] INFO WorkRoomWebApplication - *** Pop Up Message  ***
2026-01-30 16:12:57,385 [main] INFO WorkRoomWebApplication - *** Reusability--->Click the Okay Button  ***
2026-01-30 16:12:57,651 [main] INFO WorkRoomWebApplication - Scenario passed: click Generate The Report Without Selecting The Customer po
2026-01-30 16:12:57,652 [main] INFO WorkRoomWebApplication - === Downloaded Files Summary ===
2026-01-30 16:12:57,653 [main] INFO WorkRoomWebApplication - Download directory: /home/limitscale/MaterialManagement/MATERIAL_MANAGEMENT_LIVE_WEB_AUTOMATION/Material inward report
2026-01-30 16:12:57,662 [main] INFO WorkRoomWebApplication - File: Customer PO 15000000445 Inward Material.xlsx | Size: 16.98 KB | Modified: 2026-01-30 13:46:33
2026-01-30 16:12:57,663 [main] INFO WorkRoomWebApplication - File: Customer PO 15000000445 Inward Material (1).xlsx | Size: 16.98 KB | Modified: 2026-01-30 13:48:11
2026-01-30 16:12:57,663 [main] INFO WorkRoomWebApplication - Total files: 2
2026-01-30 16:12:57,664 [main] INFO WorkRoomWebApplication - ************* Quitting Browser *****************
2026-01-30 16:12:57,834 [main] INFO WorkRoomWebApplication - ************* Browser Closed Successfully *****************
2026-01-30 16:17:28,679 [main] INFO WorkRoomWebApplication - Download directory already exists: /home/limitscale/MaterialManagement/MATERIAL_MANAGEMENT_LIVE_WEB_AUTOMATION/Downloaded Documents
2026-01-30 16:17:28,684 [main] INFO WorkRoomWebApplication - ************* Launching CHROME Browser *****************
2026-01-30 16:17:30,600 [main] INFO WorkRoomWebApplication - ************* Browser Launched and Maximized *****************
2026-01-30 16:17:30,730 [main] INFO WorkRoomWebApplication - ************* Get The Application URL  *****************
2026-01-30 16:17:42,035 [main] INFO WorkRoomWebApplication - *** Enter The Share Point Email Id ***
2026-01-30 16:17:43,873 [main] INFO WorkRoomWebApplication - *** click the next button ***
2026-01-30 16:17:44,071 [main] INFO WorkRoomWebApplication - *** Enter The Password ***
2026-01-30 16:17:45,789 [main] INFO WorkRoomWebApplication - *** clicked on the sign in Button ***
2026-01-30 16:17:47,944 [main] INFO WorkRoomWebApplication - *** click the Materials Manager main menu ***
2026-01-30 16:17:51,870 [main] INFO WorkRoomWebApplication - *** click the Materials Report Sub menu ***
2026-01-30 16:17:54,110 [main] INFO WorkRoomWebApplication - *** click the Inward outward button ***
2026-01-30 16:17:59,820 [main] INFO WorkRoomWebApplication - *** The DropDown List Availability Checking***
2026-01-30 16:17:59,941 [main] INFO WorkRoomWebApplication - *** Selected the Customer Po from The Dropdown ***
2026-01-30 16:18:01,614 [main] INFO WorkRoomWebApplication - *** Click Generate Report for The Inard materials ***
2026-01-30 16:18:02,047 [main] INFO WorkRoomWebApplication - *** clicked The Export button ***
2026-01-30 16:18:02,612 [main] INFO WorkRoomWebApplication - *** Checking for The Success Message ***
2026-01-30 16:18:02,974 [main] INFO WorkRoomWebApplication - Scenario passed: Select available PO number from dropdown
2026-01-30 16:18:02,980 [main] INFO WorkRoomWebApplication - === Downloaded Files Summary ===
2026-01-30 16:18:02,982 [main] INFO WorkRoomWebApplication - Download directory: /home/limitscale/MaterialManagement/MATERIAL_MANAGEMENT_LIVE_WEB_AUTOMATION/Material inward report
2026-01-30 16:18:02,988 [main] INFO WorkRoomWebApplication - File: Customer PO 15000000445 Inward Material.xlsx | Size: 16.98 KB | Modified: 2026-01-30 13:46:33
2026-01-30 16:18:02,990 [main] INFO WorkRoomWebApplication - File: Customer PO 15000000445 Inward Material (1).xlsx | Size: 16.98 KB | Modified: 2026-01-30 13:48:11
2026-01-30 16:18:02,991 [main] INFO WorkRoomWebApplication - Total files: 2
2026-01-30 16:18:02,992 [main] INFO WorkRoomWebApplication - ************* Quitting Browser *****************
2026-01-30 16:18:03,329 [main] INFO WorkRoomWebApplication - ************* Browser Closed Successfully *****************
2026-01-30 16:18:03,392 [main] INFO WorkRoomWebApplication - Download directory already exists: /home/limitscale/MaterialManagement/MATERIAL_MANAGEMENT_LIVE_WEB_AUTOMATION/Downloaded Documents
2026-01-30 16:18:03,392 [main] INFO WorkRoomWebApplication - ************* Launching CHROME Browser *****************
2026-01-30 16:18:05,093 [main] INFO WorkRoomWebApplication - ************* Browser Launched and Maximized *****************
2026-01-30 16:18:05,245 [main] INFO WorkRoomWebApplication - ************* Get The Application URL  *****************
2026-01-30 16:18:06,641 [main] INFO WorkRoomWebApplication - *** Enter The Share Point Email Id ***
2026-01-30 16:18:08,281 [main] INFO WorkRoomWebApplication - *** click the next button ***
2026-01-30 16:18:08,660 [main] INFO WorkRoomWebApplication - *** Enter The Password ***
2026-01-30 16:18:10,439 [main] INFO WorkRoomWebApplication - *** clicked on the sign in Button ***
2026-01-30 16:18:12,675 [main] INFO WorkRoomWebApplication - *** click the Materials Manager main menu ***
2026-01-30 16:18:23,585 [main] INFO WorkRoomWebApplication - *** click the Materials Report Sub menu ***
2026-01-30 16:18:25,755 [main] INFO WorkRoomWebApplication - *** click the Inward outward button ***
2026-01-30 16:18:31,436 [main] INFO WorkRoomWebApplication - *** Click Generate Report for The Inard materials ***
2026-01-30 16:18:32,053 [main] INFO WorkRoomWebApplication - *** Pop Up Message  ***
2026-01-30 16:18:32,244 [main] INFO WorkRoomWebApplication - *** Reusability--->Click the Okay Button  ***
2026-01-30 16:18:32,479 [main] INFO WorkRoomWebApplication - Scenario passed: click Generate The Report Without Selecting The Customer po
2026-01-30 16:18:32,480 [main] INFO WorkRoomWebApplication - === Downloaded Files Summary ===
2026-01-30 16:18:32,481 [main] INFO WorkRoomWebApplication - Download directory: /home/limitscale/MaterialManagement/MATERIAL_MANAGEMENT_LIVE_WEB_AUTOMATION/Material inward report
2026-01-30 16:18:32,482 [main] INFO WorkRoomWebApplication - File: Customer PO 15000000445 Inward Material.xlsx | Size: 16.98 KB | Modified: 2026-01-30 13:46:33
2026-01-30 16:18:32,482 [main] INFO WorkRoomWebApplication - File: Customer PO 15000000445 Inward Material (1).xlsx | Size: 16.98 KB | Modified: 2026-01-30 13:48:11
2026-01-30 16:18:32,483 [main] INFO WorkRoomWebApplication - Total files: 2
2026-01-30 16:18:32,483 [main] INFO WorkRoomWebApplication - ************* Quitting Browser *****************
2026-01-30 16:18:32,674 [main] INFO WorkRoomWebApplication - ************* Browser Closed Successfully *****************
2026-01-30 16:31:50,583 [main] INFO WorkRoomWebApplication - Download directory already exists: /home/limitscale/MaterialManagement/MATERIAL_MANAGEMENT_LIVE_WEB_AUTOMATION/Downloaded Documents
2026-01-30 16:31:50,591 [main] INFO WorkRoomWebApplication - ************* Launching Remote CHROME Browser *****************
2026-01-30 16:31:53,356 [main] INFO WorkRoomWebApplication - ************* Remote WebDriver Launched *****************
2026-01-30 16:31:53,710 [main] INFO WorkRoomWebApplication - ************* Get The Application URL  *****************
2026-01-30 16:31:55,351 [main] INFO WorkRoomWebApplication - *** Enter The Share Point Email Id ***
2026-01-30 16:31:56,952 [main] INFO WorkRoomWebApplication - *** click the next button ***
2026-01-30 16:31:57,332 [main] INFO WorkRoomWebApplication - *** Enter The Password ***
2026-01-30 16:31:58,949 [main] INFO WorkRoomWebApplication - *** clicked on the sign in Button ***
2026-01-30 16:32:00,893 [main] INFO WorkRoomWebApplication - *** click the Materials Manager main menu ***
2026-01-30 16:32:11,205 [main] INFO WorkRoomWebApplication - *** click the Materials Report Sub menu ***
2026-01-30 16:32:14,180 [main] INFO WorkRoomWebApplication - *** click the Inward outward button ***
2026-01-30 16:32:20,673 [main] INFO WorkRoomWebApplication - *** The DropDown List Availability Checking***
2026-01-30 16:32:20,841 [main] INFO WorkRoomWebApplication - *** Selected the Customer Po from The Dropdown ***
2026-01-30 16:32:22,501 [main] INFO WorkRoomWebApplication - *** Click Generate Report for The Inard materials ***
2026-01-30 16:32:22,945 [main] INFO WorkRoomWebApplication - *** clicked The Export button ***
2026-01-30 16:32:23,466 [main] INFO WorkRoomWebApplication - *** Checking for The Success Message ***
2026-01-30 16:32:24,317 [main] INFO WorkRoomWebApplication - Download directory already exists: /home/limitscale/MaterialManagement/MATERIAL_MANAGEMENT_LIVE_WEB_AUTOMATION/Downloaded Documents
2026-01-30 16:32:24,318 [main] INFO WorkRoomWebApplication - ************* Launching Remote CHROME Browser *****************
2026-01-30 16:34:37,445 [main] INFO WorkRoomWebApplication - Download directory already exists: /home/limitscale/MaterialManagement/MATERIAL_MANAGEMENT_LIVE_WEB_AUTOMATION/Downloaded Documents
2026-01-30 16:34:37,451 [main] INFO WorkRoomWebApplication - ************* Launching Remote CHROME Browser *****************
2026-01-30 16:34:39,025 [main] INFO WorkRoomWebApplication - ************* Remote WebDriver Launched *****************
2026-01-30 16:34:39,200 [main] INFO WorkRoomWebApplication - ************* Get The Application URL  *****************
2026-01-30 16:34:40,792 [main] INFO WorkRoomWebApplication - *** Enter The Share Point Email Id ***
2026-01-30 16:34:41,961 [main] INFO WorkRoomWebApplication - *** click the next button ***
2026-01-30 16:34:42,272 [main] INFO WorkRoomWebApplication - *** Enter The Password ***
2026-01-30 16:34:44,145 [main] INFO WorkRoomWebApplication - *** clicked on the sign in Button ***
2026-01-30 16:34:46,528 [main] INFO WorkRoomWebApplication - *** click the Materials Manager main menu ***
2026-01-30 16:34:50,947 [main] INFO WorkRoomWebApplication - *** click the Materials Report Sub menu ***
2026-01-30 16:34:53,269 [main] INFO WorkRoomWebApplication - *** click the Inward outward button ***
2026-01-30 16:35:00,415 [main] INFO WorkRoomWebApplication - *** The DropDown List Availability Checking***
2026-01-30 16:35:00,634 [main] INFO WorkRoomWebApplication - *** Selected the Customer Po from The Dropdown ***
2026-01-30 16:35:02,140 [main] INFO WorkRoomWebApplication - *** Click Generate Report for The Inard materials ***
2026-01-30 16:35:02,437 [main] INFO WorkRoomWebApplication - *** clicked The Export button ***
2026-01-30 16:35:02,751 [main] INFO WorkRoomWebApplication - *** Checking for The Success Message ***
2026-01-30 16:35:03,653 [main] INFO WorkRoomWebApplication - Download directory already exists: /home/limitscale/MaterialManagement/MATERIAL_MANAGEMENT_LIVE_WEB_AUTOMATION/Downloaded Documents
2026-01-30 16:35:03,655 [main] INFO WorkRoomWebApplication - ************* Launching Remote CHROME Browser *****************
2026-01-30 16:43:08,579 [main] INFO WorkRoomWebApplication - ************* Logger Initialized *****************
2026-01-30 16:43:08,769 [main] INFO WorkRoomWebApplication - Starting scenario: Select available PO number from dropdown
2026-01-30 16:43:08,773 [main] INFO WorkRoomWebApplication - ************* Config Loaded *****************
2026-01-30 16:43:11,893 [main] INFO WorkRoomWebApplication - ************* Remote WebDriver Launched for chrome *****************
2026-01-30 16:43:12,162 [main] INFO WorkRoomWebApplication - Ending scenario: Select available PO number from dropdown - Status: FAILED
2026-01-30 16:43:12,330 [main] INFO WorkRoomWebApplication - Screenshot captured for failed scenario: Select available PO number from dropdown
2026-01-30 16:43:12,431 [main] INFO WorkRoomWebApplication - Driver quit successfully for thread
2026-01-30 16:43:12,433 [main] INFO WorkRoomWebApplication - ************* Browser Session Closed *****************
2026-01-30 16:43:12,507 [main] INFO WorkRoomWebApplication - Starting scenario: click Generate The Report Without Selecting The Customer po
2026-01-30 16:43:13,571 [main] INFO WorkRoomWebApplication - ************* Remote WebDriver Launched for chrome *****************
2026-01-30 16:43:13,698 [main] INFO WorkRoomWebApplication - Ending scenario: click Generate The Report Without Selecting The Customer po - Status: FAILED
2026-01-30 16:43:13,836 [main] INFO WorkRoomWebApplication - Screenshot captured for failed scenario: click Generate The Report Without Selecting The Customer po
2026-01-30 16:43:13,920 [main] INFO WorkRoomWebApplication - Driver quit successfully for thread
2026-01-30 16:43:13,920 [main] INFO WorkRoomWebApplication - ************* Browser Session Closed *****************
2026-01-30 16:43:29,807 [main] INFO WorkRoomWebApplication - ************* Logger Initialized *****************
2026-01-30 16:43:29,910 [main] INFO WorkRoomWebApplication - Starting scenario: Select available PO number from dropdown
2026-01-30 16:43:29,912 [main] INFO WorkRoomWebApplication - ************* Config Loaded *****************
2026-01-30 16:43:31,383 [main] INFO WorkRoomWebApplication - ************* Remote WebDriver Launched for chrome *****************
2026-01-30 16:43:31,567 [main] INFO WorkRoomWebApplication - Ending scenario: Select available PO number from dropdown - Status: FAILED
2026-01-30 16:43:31,724 [main] INFO WorkRoomWebApplication - Screenshot captured for failed scenario: Select available PO number from dropdown
2026-01-30 16:43:31,834 [main] INFO WorkRoomWebApplication - Driver quit successfully for thread
2026-01-30 16:43:31,835 [main] INFO WorkRoomWebApplication - ************* Browser Session Closed *****************
2026-01-30 16:43:32,006 [main] INFO WorkRoomWebApplication - Starting scenario: click Generate The Report Without Selecting The Customer po
2026-01-30 16:43:32,890 [main] INFO WorkRoomWebApplication - ************* Remote WebDriver Launched for chrome *****************
2026-01-30 16:43:33,034 [main] INFO WorkRoomWebApplication - Ending scenario: click Generate The Report Without Selecting The Customer po - Status: FAILED
2026-01-30 16:43:33,324 [main] INFO WorkRoomWebApplication - Screenshot captured for failed scenario: click Generate The Report Without Selecting The Customer po
2026-01-30 16:43:33,460 [main] INFO WorkRoomWebApplication - Driver quit successfully for thread
2026-01-30 16:43:33,461 [main] INFO WorkRoomWebApplication - ************* Browser Session Closed *****************
2026-01-30 16:48:50,836 [main] INFO WorkRoomWebApplication - ************* Remote WebDriver Launched (Docker) *****************
2026-01-30 16:48:51,177 [main] ERROR WorkRoomWebApplication - Scenario Failed: Select available PO number from dropdown
2026-01-30 16:48:51,178 [main] INFO WorkRoomWebApplication - ************* Quitting Remote Browser *****************
2026-01-30 16:48:52,579 [main] INFO WorkRoomWebApplication - ************* Remote WebDriver Launched (Docker) *****************
2026-01-30 16:48:52,814 [main] ERROR WorkRoomWebApplication - Scenario Failed: click Generate The Report Without Selecting The Customer po
2026-01-30 16:48:52,815 [main] INFO WorkRoomWebApplication - ************* Quitting Remote Browser *****************
2026-01-30 16:49:31,477 [main] INFO WorkRoomWebApplication - ************* Remote WebDriver Launched (Docker) *****************
2026-01-30 16:49:31,896 [main] ERROR WorkRoomWebApplication - Scenario Failed: Select available PO number from dropdown
2026-01-30 16:49:31,897 [main] INFO WorkRoomWebApplication - ************* Quitting Remote Browser *****************
2026-01-30 16:49:32,752 [main] INFO WorkRoomWebApplication - ************* Remote WebDriver Launched (Docker) *****************
2026-01-30 16:49:33,061 [main] ERROR WorkRoomWebApplication - Scenario Failed: click Generate The Report Without Selecting The Customer po
2026-01-30 16:49:33,063 [main] INFO WorkRoomWebApplication - ************* Quitting Remote Browser *****************
2026-01-30 16:52:49,349 [main] INFO WorkRoomWebApplication - ************* Remote WebDriver Started Successfully *****************
2026-01-30 16:52:51,036 [main] INFO WorkRoomWebApplication - ************* Remote WebDriver Started Successfully *****************
2026-01-30 16:53:49,745 [main] INFO WorkRoomWebApplication - ************* Remote WebDriver Launched *****************
2026-01-30 16:53:50,101 [main] INFO WorkRoomWebApplication - ************* Quitting Browser *****************
2026-01-30 16:53:50,185 [main] INFO WorkRoomWebApplication - ************* Browser Closed Successfully *****************
2026-01-30 16:53:51,076 [main] INFO WorkRoomWebApplication - ************* Remote WebDriver Launched *****************
2026-01-30 16:53:51,423 [main] INFO WorkRoomWebApplication - ************* Quitting Browser *****************
2026-01-30 16:53:51,536 [main] INFO WorkRoomWebApplication - ************* Browser Closed Successfully *****************
2026-01-30 16:54:22,037 [main] INFO WorkRoomWebApplication - ************* Remote WebDriver Launched *****************
2026-01-30 16:54:22,347 [main] INFO WorkRoomWebApplication - ************* Quitting Browser *****************
2026-01-30 16:54:22,428 [main] INFO WorkRoomWebApplication - ************* Browser Closed Successfully *****************
2026-01-30 16:54:23,345 [main] INFO WorkRoomWebApplication - ************* Remote WebDriver Launched *****************
2026-01-30 16:54:23,686 [main] INFO WorkRoomWebApplication - ************* Quitting Browser *****************
2026-01-30 16:54:23,793 [main] INFO WorkRoomWebApplication - ************* Browser Closed Successfully *****************
2026-01-30 16:55:20,111 [main] INFO WorkRoomWebApplication - ************* Remote WebDriver Launched *****************
2026-01-30 16:55:20,278 [main] INFO WorkRoomWebApplication - ************* Get The Application URL  *****************
2026-01-30 16:55:21,915 [main] INFO WorkRoomWebApplication - *** Enter The Share Point Email Id ***
2026-01-30 16:55:23,398 [main] INFO WorkRoomWebApplication - *** click the next button ***
2026-01-30 16:55:23,672 [main] INFO WorkRoomWebApplication - *** Enter The Password ***
2026-01-30 16:55:25,079 [main] INFO WorkRoomWebApplication - *** clicked on the sign in Button ***
2026-01-30 16:55:27,488 [main] INFO WorkRoomWebApplication - *** click the Materials Manager main menu ***
2026-01-30 16:55:35,173 [main] INFO WorkRoomWebApplication - *** click the Materials Report Sub menu ***
2026-01-30 16:55:37,990 [main] INFO WorkRoomWebApplication - *** click the Inward outward button ***
2026-01-30 16:55:44,133 [main] INFO WorkRoomWebApplication - *** The DropDown List Availability Checking***
2026-01-30 16:55:44,353 [main] INFO WorkRoomWebApplication - *** Selected the Customer Po from The Dropdown ***
2026-01-30 16:55:46,125 [main] INFO WorkRoomWebApplication - *** Click Generate Report for The Inard materials ***
2026-01-30 16:55:46,553 [main] INFO WorkRoomWebApplication - *** clicked The Export button ***
2026-01-30 16:55:46,902 [main] INFO WorkRoomWebApplication - *** Checking for The Success Message ***
2026-01-30 16:55:47,235 [main] INFO WorkRoomWebApplication - ************* Quitting Browser *****************
2026-01-30 16:55:47,478 [main] INFO WorkRoomWebApplication - ************* Browser Closed Successfully *****************
2026-01-30 16:55:48,647 [main] INFO WorkRoomWebApplication - ************* Remote WebDriver Launched *****************
2026-01-30 16:55:48,690 [main] INFO WorkRoomWebApplication - ************* Get The Application URL  *****************
2026-01-30 16:55:50,221 [main] INFO WorkRoomWebApplication - *** Enter The Share Point Email Id ***
2026-01-30 16:55:51,768 [main] INFO WorkRoomWebApplication - *** click the next button ***
2026-01-30 16:55:51,933 [main] INFO WorkRoomWebApplication - *** Enter The Password ***
2026-01-30 16:55:53,595 [main] INFO WorkRoomWebApplication - *** clicked on the sign in Button ***
2026-01-30 16:55:55,544 [main] INFO WorkRoomWebApplication - *** click the Materials Manager main menu ***
2026-01-30 16:55:59,485 [main] INFO WorkRoomWebApplication - *** click the Materials Report Sub menu ***
2026-01-30 16:56:01,915 [main] INFO WorkRoomWebApplication - *** click the Inward outward button ***
2026-01-30 16:56:07,694 [main] INFO WorkRoomWebApplication - *** Click Generate Report for The Inard materials ***
2026-01-30 16:56:08,204 [main] INFO WorkRoomWebApplication - *** Pop Up Message  ***
2026-01-30 16:56:09,087 [main] INFO WorkRoomWebApplication - *** Reusability--->Click the Okay Button  ***
2026-01-30 16:56:09,458 [main] INFO WorkRoomWebApplication - ************* Quitting Browser *****************
2026-01-30 16:56:09,616 [main] INFO WorkRoomWebApplication - ************* Browser Closed Successfully *****************
2026-01-30 16:57:00,963 [main] INFO WorkRoomWebApplication - ************* Remote WebDriver Launched (Docker) *****************
2026-01-30 16:57:01,223 [main] INFO WorkRoomWebApplication - ************* Get The Application URL  *****************
2026-01-30 16:57:02,915 [main] INFO WorkRoomWebApplication - *** Enter The Share Point Email Id ***
2026-01-30 16:57:04,124 [main] INFO WorkRoomWebApplication - *** click the next button ***
2026-01-30 16:57:04,360 [main] INFO WorkRoomWebApplication - *** Enter The Password ***
2026-01-30 16:57:06,085 [main] INFO WorkRoomWebApplication - *** clicked on the sign in Button ***
2026-01-30 16:57:07,873 [main] INFO WorkRoomWebApplication - *** click the Materials Manager main menu ***
2026-01-30 16:57:11,450 [main] INFO WorkRoomWebApplication - *** click the Materials Report Sub menu ***
2026-01-30 16:57:13,358 [main] INFO WorkRoomWebApplication - *** click the Inward outward button ***
2026-01-30 16:57:19,171 [main] INFO WorkRoomWebApplication - *** The DropDown List Availability Checking***
2026-01-30 16:57:19,303 [main] INFO WorkRoomWebApplication - *** Selected the Customer Po from The Dropdown ***
2026-01-30 16:57:21,013 [main] INFO WorkRoomWebApplication - *** Click Generate Report for The Inard materials ***
2026-01-30 16:57:21,431 [main] INFO WorkRoomWebApplication - *** clicked The Export button ***
2026-01-30 16:57:21,889 [main] INFO WorkRoomWebApplication - *** Checking for The Success Message ***
2026-01-30 16:57:22,245 [main] INFO WorkRoomWebApplication - ************* Quitting Remote Browser *****************
2026-01-30 16:57:23,335 [main] INFO WorkRoomWebApplication - ************* Remote WebDriver Launched (Docker) *****************
2026-01-30 16:57:23,396 [main] INFO WorkRoomWebApplication - ************* Get The Application URL  *****************
2026-01-30 16:57:24,906 [main] INFO WorkRoomWebApplication - *** Enter The Share Point Email Id ***
2026-01-30 16:57:26,186 [main] INFO WorkRoomWebApplication - *** click the next button ***
2026-01-30 16:57:26,411 [main] INFO WorkRoomWebApplication - *** Enter The Password ***
2026-01-30 16:57:28,259 [main] INFO WorkRoomWebApplication - *** clicked on the sign in Button ***
2026-01-30 16:57:29,937 [main] INFO WorkRoomWebApplication - *** click the Materials Manager main menu ***
2026-01-30 16:57:33,583 [main] INFO WorkRoomWebApplication - *** click the Materials Report Sub menu ***
2026-01-30 16:57:35,718 [main] INFO WorkRoomWebApplication - *** click the Inward outward button ***
2026-01-30 16:57:41,707 [main] INFO WorkRoomWebApplication - *** Click Generate Report for The Inard materials ***
2026-01-30 16:57:42,173 [main] INFO WorkRoomWebApplication - *** Pop Up Message  ***
2026-01-30 16:57:43,011 [main] INFO WorkRoomWebApplication - *** Reusability--->Click the Okay Button  ***
2026-01-30 16:57:43,404 [main] INFO WorkRoomWebApplication - ************* Quitting Remote Browser *****************
2026-02-02 21:29:33,295 [main] INFO WorkRoomWebApplication - ************* Remote WebDriver Launched (Docker) *****************
2026-02-02 21:29:33,473 [main] INFO WorkRoomWebApplication - ************* Get The Application URL  *****************
2026-02-02 21:34:44,964 [main] INFO WorkRoomWebApplication - ************* Remote WebDriver Launched (Docker) *****************
2026-02-02 21:34:45,018 [main] INFO WorkRoomWebApplication - ************* Get The Application URL  *****************
2026-02-02 21:36:58,094 [main] INFO WorkRoomWebApplication - Download directory already exists: /home/limitscale/MaterialManagement/MATERIAL_MANAGEMENT_LIVE_WEB_AUTOMATION/Downloaded Documents
2026-02-02 21:36:58,103 [main] INFO WorkRoomWebApplication - ************* Launching CHROME Browser *****************
2026-02-02 21:37:01,279 [main] INFO WorkRoomWebApplication - ************* Browser Launched and Maximized *****************
2026-02-02 21:37:01,719 [main] INFO WorkRoomWebApplication - ************* Get The Application URL  *****************
2026-02-02 21:37:04,592 [main] INFO WorkRoomWebApplication - *** Enter The Share Point Email Id ***
2026-02-02 21:37:07,077 [main] INFO WorkRoomWebApplication - *** click the next button ***
2026-02-02 21:37:07,416 [main] INFO WorkRoomWebApplication - *** Enter The Password ***
2026-02-02 21:37:09,153 [main] INFO WorkRoomWebApplication - *** clicked on the sign in Button ***
2026-02-02 21:37:11,829 [main] INFO WorkRoomWebApplication - *** click the Materials Manager main menu ***
2026-02-02 21:37:29,465 [main] INFO WorkRoomWebApplication - *** click the Materials Report Sub menu ***
2026-02-02 21:37:33,417 [main] INFO WorkRoomWebApplication - *** click the Inward outward button ***
2026-02-02 21:37:39,087 [main] INFO WorkRoomWebApplication - *** The DropDown List Availability Checking***
2026-02-02 21:37:39,246 [main] INFO WorkRoomWebApplication - *** Selected the Customer Po from The Dropdown ***
2026-02-02 21:37:40,884 [main] INFO WorkRoomWebApplication - *** Click Generate Report for The Inard materials ***
2026-02-02 21:37:41,120 [main] INFO WorkRoomWebApplication - *** clicked The Export button ***
2026-02-02 21:37:41,520 [main] INFO WorkRoomWebApplication - *** Checking for The Success Message ***
2026-02-02 21:37:42,267 [main] INFO WorkRoomWebApplication - Scenario passed: Select available PO number from dropdown
2026-02-02 21:37:42,269 [main] INFO WorkRoomWebApplication - === Downloaded Files Summary ===
2026-02-02 21:37:42,270 [main] INFO WorkRoomWebApplication - Download directory: /home/limitscale/MaterialManagement/MATERIAL_MANAGEMENT_LIVE_WEB_AUTOMATION/Material inward report
2026-02-02 21:37:42,277 [main] INFO WorkRoomWebApplication - File: Customer PO 15000000445 Inward Material.xlsx | Size: 16.98 KB | Modified: 2026-01-30 13:46:33
2026-02-02 21:37:42,280 [main] INFO WorkRoomWebApplication - File: Customer PO 15000000445 Inward Material (1).xlsx | Size: 16.98 KB | Modified: 2026-01-30 13:48:11
2026-02-02 21:37:42,281 [main] INFO WorkRoomWebApplication - Total files: 2
2026-02-02 21:37:42,282 [main] INFO WorkRoomWebApplication - ************* Quitting Browser *****************
2026-02-02 21:37:42,663 [main] INFO WorkRoomWebApplication - ************* Browser Closed Successfully *****************
2026-02-02 21:37:42,713 [main] INFO WorkRoomWebApplication - Download directory already exists: /home/limitscale/MaterialManagement/MATERIAL_MANAGEMENT_LIVE_WEB_AUTOMATION/Downloaded Documents
2026-02-02 21:37:42,714 [main] INFO WorkRoomWebApplication - ************* Launching CHROME Browser *****************
2026-02-02 21:37:43,624 [main] INFO WorkRoomWebApplication - ************* Browser Launched and Maximized *****************
2026-02-02 21:37:43,729 [main] INFO WorkRoomWebApplication - ************* Get The Application URL  *****************
2026-02-02 21:37:45,929 [main] INFO WorkRoomWebApplication - *** Enter The Share Point Email Id ***
2026-02-02 21:37:48,216 [main] INFO WorkRoomWebApplication - *** click the next button ***
2026-02-02 21:37:48,440 [main] INFO WorkRoomWebApplication - *** Enter The Password ***
2026-02-02 21:37:50,153 [main] INFO WorkRoomWebApplication - *** clicked on the sign in Button ***
2026-02-02 21:37:52,931 [main] INFO WorkRoomWebApplication - *** click the Materials Manager main menu ***
2026-02-02 21:38:04,455 [main] INFO WorkRoomWebApplication - *** click the Materials Report Sub menu ***
2026-02-02 21:38:08,188 [main] INFO WorkRoomWebApplication - *** click the Inward outward button ***
2026-02-02 21:38:13,803 [main] INFO WorkRoomWebApplication - *** Click Generate Report for The Inard materials ***
2026-02-02 21:38:14,255 [main] INFO WorkRoomWebApplication - *** Pop Up Message  ***
2026-02-02 21:38:14,492 [main] INFO WorkRoomWebApplication - *** Reusability--->Click the Okay Button  ***
2026-02-02 21:38:14,872 [main] INFO WorkRoomWebApplication - Scenario passed: click Generate The Report Without Selecting The Customer po
2026-02-02 21:38:14,874 [main] INFO WorkRoomWebApplication - === Downloaded Files Summary ===
2026-02-02 21:38:14,875 [main] INFO WorkRoomWebApplication - Download directory: /home/limitscale/MaterialManagement/MATERIAL_MANAGEMENT_LIVE_WEB_AUTOMATION/Material inward report
2026-02-02 21:38:14,878 [main] INFO WorkRoomWebApplication - File: Customer PO 15000000445 Inward Material.xlsx | Size: 16.98 KB | Modified: 2026-01-30 13:46:33
2026-02-02 21:38:14,880 [main] INFO WorkRoomWebApplication - File: Customer PO 15000000445 Inward Material (1).xlsx | Size: 16.98 KB | Modified: 2026-01-30 13:48:11
2026-02-02 21:38:14,882 [main] INFO WorkRoomWebApplication - Total files: 2
2026-02-02 21:38:14,883 [main] INFO WorkRoomWebApplication - ************* Quitting Browser *****************
2026-02-02 21:38:15,242 [main] INFO WorkRoomWebApplication - ************* Browser Closed Successfully *****************
2026-02-02 21:38:15,282 [main] INFO WorkRoomWebApplication - Download directory already exists: /home/limitscale/MaterialManagement/MATERIAL_MANAGEMENT_LIVE_WEB_AUTOMATION/Downloaded Documents
2026-02-02 21:38:15,282 [main] INFO WorkRoomWebApplication - ************* Launching CHROME Browser *****************
2026-02-02 21:38:16,221 [main] INFO WorkRoomWebApplication - ************* Browser Launched and Maximized *****************
2026-02-02 21:38:16,313 [main] INFO WorkRoomWebApplication - ************* Get The Application URL  *****************
2026-02-02 21:38:18,661 [main] INFO WorkRoomWebApplication - *** Enter The Share Point Email Id ***
2026-02-02 21:38:19,843 [main] INFO WorkRoomWebApplication - *** click the next button ***
2026-02-02 21:38:20,080 [main] INFO WorkRoomWebApplication - *** Enter The Password ***
2026-02-02 21:38:21,713 [main] INFO WorkRoomWebApplication - *** clicked on the sign in Button ***
2026-02-02 21:38:23,387 [main] INFO WorkRoomWebApplication - *** click the Materials Manager main menu ***
2026-02-02 21:38:29,284 [main] INFO WorkRoomWebApplication - *** click the Materials Report Sub menu ***
2026-02-02 21:38:31,962 [main] INFO WorkRoomWebApplication - *** click the Inward outward button ***
2026-02-02 21:38:37,476 [main] INFO WorkRoomWebApplication - *** The DropDown List Availability Checking***
2026-02-02 21:38:37,529 [main] INFO WorkRoomWebApplication - *** Selected the Customer Po from The Dropdown ***
2026-02-02 21:38:38,861 [main] INFO WorkRoomWebApplication - *** Click Generate Report for The Inard materials ***
2026-02-02 21:38:39,268 [main] INFO WorkRoomWebApplication - *** Click The Vendor Po DropDown  ***
2026-02-02 21:38:39,671 [main] INFO WorkRoomWebApplication - *** Select The Vendor Po number  ***
2026-02-02 21:38:49,784 [main] INFO WorkRoomWebApplication - *** clicked The Export button ***
2026-02-02 21:38:50,364 [main] INFO WorkRoomWebApplication - *** Checking for The Success Message ***
2026-02-02 21:38:51,078 [main] INFO WorkRoomWebApplication - Scenario passed: click Generate The Report Wit Selecting The Customer Po And Vendor Po
2026-02-02 21:38:51,078 [main] INFO WorkRoomWebApplication - === Downloaded Files Summary ===
2026-02-02 21:38:51,079 [main] INFO WorkRoomWebApplication - Download directory: /home/limitscale/MaterialManagement/MATERIAL_MANAGEMENT_LIVE_WEB_AUTOMATION/Material inward report
2026-02-02 21:38:51,079 [main] INFO WorkRoomWebApplication - File: Customer PO 15000000445 Inward Material.xlsx | Size: 16.98 KB | Modified: 2026-01-30 13:46:33
2026-02-02 21:38:51,080 [main] INFO WorkRoomWebApplication - File: Customer PO 15000000445 Inward Material (1).xlsx | Size: 16.98 KB | Modified: 2026-01-30 13:48:11
2026-02-02 21:38:51,081 [main] INFO WorkRoomWebApplication - Total files: 2
2026-02-02 21:38:51,081 [main] INFO WorkRoomWebApplication - ************* Quitting Browser *****************
2026-02-02 21:38:51,498 [main] INFO WorkRoomWebApplication - ************* Browser Closed Successfully *****************
2026-02-02 21:41:17,893 [main] INFO WorkRoomWebApplication - Download directory already exists: /home/limitscale/MaterialManagement/MATERIAL_MANAGEMENT_LIVE_WEB_AUTOMATION/Downloaded Documents
2026-02-02 21:41:17,897 [main] INFO WorkRoomWebApplication - ************* Launching CHROME Browser *****************
2026-02-02 21:41:19,709 [main] INFO WorkRoomWebApplication - ************* Browser Launched and Maximized *****************
2026-02-02 21:41:19,732 [main] INFO WorkRoomWebApplication - ************* Get The Application URL  *****************
2026-02-02 21:41:22,230 [main] INFO WorkRoomWebApplication - *** Enter The Share Point Email Id ***
2026-02-02 21:41:23,139 [main] INFO WorkRoomWebApplication - *** click the next button ***
2026-02-02 21:41:23,327 [main] INFO WorkRoomWebApplication - *** Enter The Password ***
2026-02-02 21:41:24,809 [main] INFO WorkRoomWebApplication - *** clicked on the sign in Button ***
2026-02-02 21:41:32,524 [main] INFO WorkRoomWebApplication - *** click the Materials Manager main menu ***
2026-02-02 21:41:32,820 [main] INFO WorkRoomWebApplication - *** click the Materials Report Sub menu ***
2026-02-02 21:41:36,033 [main] INFO WorkRoomWebApplication - *** click the Inward outward button ***
2026-02-02 21:41:41,615 [main] INFO WorkRoomWebApplication - *** The DropDown List Availability Checking***
2026-02-02 21:41:41,742 [main] INFO WorkRoomWebApplication - *** Selected the Customer Po from The Dropdown ***
2026-02-02 21:41:43,390 [main] INFO WorkRoomWebApplication - *** Click Generate Report for The Inard materials ***
2026-02-02 21:41:43,792 [main] INFO WorkRoomWebApplication - *** Click The Vendor Po DropDown  ***
2026-02-02 21:41:44,207 [main] INFO WorkRoomWebApplication - *** Select The Vendor Po number  ***
2026-02-02 21:41:54,340 [main] INFO WorkRoomWebApplication - *** clicked The Export button ***
2026-02-02 21:41:54,878 [main] INFO WorkRoomWebApplication - *** Checking for The Success Message ***
2026-02-02 21:41:55,147 [main] INFO WorkRoomWebApplication - Scenario passed: click Generate The Report Wit Selecting The Customer Po And Vendor Po
2026-02-02 21:41:55,149 [main] INFO WorkRoomWebApplication - === Downloaded Files Summary ===
2026-02-02 21:41:55,151 [main] INFO WorkRoomWebApplication - Download directory: /home/limitscale/MaterialManagement/MATERIAL_MANAGEMENT_LIVE_WEB_AUTOMATION/Material inward report
2026-02-02 21:41:55,157 [main] INFO WorkRoomWebApplication - File: Customer PO 15000000445 Inward Material.xlsx | Size: 16.98 KB | Modified: 2026-01-30 13:46:33
2026-02-02 21:41:55,160 [main] INFO WorkRoomWebApplication - File: Customer PO 15000000445 Inward Material (1).xlsx | Size: 16.98 KB | Modified: 2026-01-30 13:48:11
2026-02-02 21:41:55,161 [main] INFO WorkRoomWebApplication - Total files: 2
2026-02-02 21:41:55,162 [main] INFO WorkRoomWebApplication - ************* Quitting Browser *****************
2026-02-02 21:41:55,549 [main] INFO WorkRoomWebApplication - ************* Browser Closed Successfully *****************
2026-02-02 21:45:43,227 [main] INFO WorkRoomWebApplication - Download directory already exists: /home/limitscale/MaterialManagement/MATERIAL_MANAGEMENT_LIVE_WEB_AUTOMATION/Downloaded Documents
2026-02-02 21:45:43,234 [main] INFO WorkRoomWebApplication - ************* Launching CHROME Browser *****************
2026-02-02 21:45:45,245 [main] INFO WorkRoomWebApplication - ************* Browser Launched and Maximized *****************
2026-02-02 21:45:45,317 [main] INFO WorkRoomWebApplication - ************* Get The Application URL  *****************
2026-02-02 21:45:47,441 [main] INFO WorkRoomWebApplication - *** Enter The Share Point Email Id ***
2026-02-02 21:45:48,791 [main] INFO WorkRoomWebApplication - *** click the next button ***
2026-02-02 21:45:49,018 [main] INFO WorkRoomWebApplication - *** Enter The Password ***
2026-02-02 21:45:50,674 [main] INFO WorkRoomWebApplication - *** clicked on the sign in Button ***
2026-02-02 21:45:53,036 [main] INFO WorkRoomWebApplication - *** click the Materials Manager main menu ***
2026-02-02 21:46:03,991 [main] INFO WorkRoomWebApplication - *** click the Materials Report Sub menu ***
2026-02-02 21:46:07,706 [main] INFO WorkRoomWebApplication - *** click the Inward outward button ***
2026-02-02 21:46:13,383 [main] INFO WorkRoomWebApplication - *** The DropDown List Availability Checking***
2026-02-02 21:46:13,465 [main] INFO WorkRoomWebApplication - Scenario passed: click Generate The Report Wit Selecting The Customer Po And Vendor Po
2026-02-02 21:46:13,466 [main] INFO WorkRoomWebApplication - === Downloaded Files Summary ===
2026-02-02 21:46:13,466 [main] INFO WorkRoomWebApplication - Download directory: /home/limitscale/MaterialManagement/MATERIAL_MANAGEMENT_LIVE_WEB_AUTOMATION/Material inward report
2026-02-02 21:46:13,473 [main] INFO WorkRoomWebApplication - File: Customer PO 15000000445 Inward Material.xlsx | Size: 16.98 KB | Modified: 2026-01-30 13:46:33
2026-02-02 21:46:13,475 [main] INFO WorkRoomWebApplication - File: Customer PO 15000000445 Inward Material (1).xlsx | Size: 16.98 KB | Modified: 2026-01-30 13:48:11
2026-02-02 21:46:13,475 [main] INFO WorkRoomWebApplication - Total files: 2
2026-02-02 21:46:13,476 [main] INFO WorkRoomWebApplication - ************* Quitting Browser *****************
2026-02-02 21:46:13,641 [main] INFO WorkRoomWebApplication - ************* Browser Closed Successfully *****************
2026-02-02 21:48:25,816 [main] INFO WorkRoomWebApplication - Download directory already exists: /home/limitscale/MaterialManagement/MATERIAL_MANAGEMENT_LIVE_WEB_AUTOMATION/Downloaded Documents
2026-02-02 21:48:25,822 [main] INFO WorkRoomWebApplication - ************* Launching CHROME Browser *****************
2026-02-02 21:48:27,742 [main] INFO WorkRoomWebApplication - ************* Browser Launched and Maximized *****************
2026-02-02 21:48:27,793 [main] INFO WorkRoomWebApplication - ************* Get The Application URL  *****************
2026-02-02 21:48:30,175 [main] INFO WorkRoomWebApplication - *** Enter The Share Point Email Id ***
2026-02-02 21:48:31,489 [main] INFO WorkRoomWebApplication - *** click the next button ***
2026-02-02 21:48:31,662 [main] INFO WorkRoomWebApplication - *** Enter The Password ***
2026-02-02 21:48:33,360 [main] INFO WorkRoomWebApplication - *** clicked on the sign in Button ***
2026-02-02 21:48:35,307 [main] INFO WorkRoomWebApplication - *** click the Materials Manager main menu ***
2026-02-02 21:48:44,745 [main] INFO WorkRoomWebApplication - *** click the Materials Report Sub menu ***
2026-02-02 21:48:49,539 [main] INFO WorkRoomWebApplication - *** click the Inward outward button ***
2026-02-02 21:48:54,913 [main] INFO WorkRoomWebApplication - *** The DropDown List Availability Checking***
2026-02-02 21:48:54,986 [main] INFO WorkRoomWebApplication - Scenario passed: click Generate The Report Wit Selecting The Customer Po And Vendor Po
2026-02-02 21:48:54,989 [main] INFO WorkRoomWebApplication - === Downloaded Files Summary ===
2026-02-02 21:48:54,989 [main] INFO WorkRoomWebApplication - Download directory: /home/limitscale/MaterialManagement/MATERIAL_MANAGEMENT_LIVE_WEB_AUTOMATION/Material inward report
2026-02-02 21:48:54,996 [main] INFO WorkRoomWebApplication - File: Customer PO 15000000445 Inward Material.xlsx | Size: 16.98 KB | Modified: 2026-01-30 13:46:33
2026-02-02 21:48:54,999 [main] INFO WorkRoomWebApplication - File: Customer PO 15000000445 Inward Material (1).xlsx | Size: 16.98 KB | Modified: 2026-01-30 13:48:11
2026-02-02 21:48:55,000 [main] INFO WorkRoomWebApplication - Total files: 2
2026-02-02 21:48:55,000 [main] INFO WorkRoomWebApplication - ************* Quitting Browser *****************
2026-02-02 21:48:55,193 [main] INFO WorkRoomWebApplication - ************* Browser Closed Successfully *****************
2026-02-02 21:49:33,293 [main] INFO WorkRoomWebApplication - Download directory already exists: /home/limitscale/MaterialManagement/MATERIAL_MANAGEMENT_LIVE_WEB_AUTOMATION/Downloaded Documents
2026-02-02 21:49:33,297 [main] INFO WorkRoomWebApplication - ************* Launching CHROME Browser *****************
2026-02-02 21:49:35,370 [main] INFO WorkRoomWebApplication - ************* Browser Launched and Maximized *****************
2026-02-02 21:49:35,441 [main] INFO WorkRoomWebApplication - ************* Get The Application URL  *****************
2026-02-02 21:49:37,610 [main] INFO WorkRoomWebApplication - *** Enter The Share Point Email Id ***
2026-02-02 21:49:39,067 [main] INFO WorkRoomWebApplication - *** click the next button ***
2026-02-02 21:49:39,421 [main] INFO WorkRoomWebApplication - *** Enter The Password ***
2026-02-02 21:49:40,976 [main] INFO WorkRoomWebApplication - *** clicked on the sign in Button ***
2026-02-02 21:49:43,215 [main] INFO WorkRoomWebApplication - *** click the Materials Manager main menu ***
2026-02-02 21:49:51,617 [main] INFO WorkRoomWebApplication - *** click the Materials Report Sub menu ***
2026-02-02 21:49:53,837 [main] INFO WorkRoomWebApplication - *** click the Inward outward button ***
2026-02-02 21:49:59,218 [main] INFO WorkRoomWebApplication - *** The DropDown List Availability Checking***
2026-02-02 21:49:59,372 [main] INFO WorkRoomWebApplication - Scenario passed: click Generate The Report Wit Selecting The Customer Po And Vendor Po
2026-02-02 21:49:59,374 [main] INFO WorkRoomWebApplication - === Downloaded Files Summary ===
2026-02-02 21:49:59,376 [main] INFO WorkRoomWebApplication - Download directory: /home/limitscale/MaterialManagement/MATERIAL_MANAGEMENT_LIVE_WEB_AUTOMATION/Material inward report
2026-02-02 21:49:59,392 [main] INFO WorkRoomWebApplication - File: Customer PO 15000000445 Inward Material.xlsx | Size: 16.98 KB | Modified: 2026-01-30 13:46:33
2026-02-02 21:49:59,397 [main] INFO WorkRoomWebApplication - File: Customer PO 15000000445 Inward Material (1).xlsx | Size: 16.98 KB | Modified: 2026-01-30 13:48:11
2026-02-02 21:49:59,399 [main] INFO WorkRoomWebApplication - Total files: 2
2026-02-02 21:49:59,400 [main] INFO WorkRoomWebApplication - ************* Quitting Browser *****************
2026-02-02 21:49:59,792 [main] INFO WorkRoomWebApplication - ************* Browser Closed Successfully *****************
2026-02-02 21:50:43,734 [main] INFO WorkRoomWebApplication - Download directory already exists: /home/limitscale/MaterialManagement/MATERIAL_MANAGEMENT_LIVE_WEB_AUTOMATION/Downloaded Documents
2026-02-02 21:50:43,739 [main] INFO WorkRoomWebApplication - ************* Launching CHROME Browser *****************
2026-02-02 21:50:45,721 [main] INFO WorkRoomWebApplication - ************* Browser Launched and Maximized *****************
2026-02-02 21:50:45,874 [main] INFO WorkRoomWebApplication - ************* Get The Application URL  *****************
2026-02-02 21:50:48,276 [main] INFO WorkRoomWebApplication - *** Enter The Share Point Email Id ***
2026-02-02 21:50:49,501 [main] INFO WorkRoomWebApplication - *** click the next button ***
2026-02-02 21:50:49,701 [main] INFO WorkRoomWebApplication - *** Enter The Password ***
2026-02-02 21:50:51,243 [main] INFO WorkRoomWebApplication - *** clicked on the sign in Button ***
2026-02-02 21:50:53,636 [main] INFO WorkRoomWebApplication - *** click the Materials Manager main menu ***
2026-02-02 21:50:59,569 [main] INFO WorkRoomWebApplication - *** click the Materials Report Sub menu ***
2026-02-02 21:51:05,741 [main] INFO WorkRoomWebApplication - *** click the Inward outward button ***
2026-02-02 21:51:11,601 [main] INFO WorkRoomWebApplication - *** The DropDown List Availability Checking***
2026-02-02 21:51:11,727 [main] INFO WorkRoomWebApplication - *** Selected the Customer Po from The Dropdown ***
2026-02-02 21:51:13,379 [main] INFO WorkRoomWebApplication - *** Click Generate Report for The Inard materials ***
2026-02-02 21:51:13,813 [main] INFO WorkRoomWebApplication - *** clicked The Export button ***
2026-02-02 21:51:14,434 [main] INFO WorkRoomWebApplication - *** Checking for The Success Message ***
2026-02-02 21:51:14,650 [main] INFO WorkRoomWebApplication - Scenario passed: Select available PO number from dropdown
2026-02-02 21:51:14,651 [main] INFO WorkRoomWebApplication - === Downloaded Files Summary ===
2026-02-02 21:51:14,652 [main] INFO WorkRoomWebApplication - Download directory: /home/limitscale/MaterialManagement/MATERIAL_MANAGEMENT_LIVE_WEB_AUTOMATION/Material inward report
2026-02-02 21:51:14,655 [main] INFO WorkRoomWebApplication - File: Customer PO 15000000445 Inward Material.xlsx | Size: 16.98 KB | Modified: 2026-01-30 13:46:33
2026-02-02 21:51:14,657 [main] INFO WorkRoomWebApplication - File: Customer PO 15000000445 Inward Material (1).xlsx | Size: 16.98 KB | Modified: 2026-01-30 13:48:11
2026-02-02 21:51:14,658 [main] INFO WorkRoomWebApplication - Total files: 2
2026-02-02 21:51:14,658 [main] INFO WorkRoomWebApplication - ************* Quitting Browser *****************
2026-02-02 21:51:14,891 [main] INFO WorkRoomWebApplication - ************* Browser Closed Successfully *****************
2026-02-02 21:51:14,955 [main] INFO WorkRoomWebApplication - Download directory already exists: /home/limitscale/MaterialManagement/MATERIAL_MANAGEMENT_LIVE_WEB_AUTOMATION/Downloaded Documents
2026-02-02 21:51:14,956 [main] INFO WorkRoomWebApplication - ************* Launching CHROME Browser *****************
2026-02-02 21:51:16,710 [main] INFO WorkRoomWebApplication - ************* Browser Launched and Maximized *****************
2026-02-02 21:51:16,887 [main] INFO WorkRoomWebApplication - ************* Get The Application URL  *****************
2026-02-02 21:51:19,104 [main] INFO WorkRoomWebApplication - *** Enter The Share Point Email Id ***
2026-02-02 21:51:20,662 [main] INFO WorkRoomWebApplication - *** click the next button ***
2026-02-02 21:51:21,002 [main] INFO WorkRoomWebApplication - *** Enter The Password ***
2026-02-02 21:51:22,719 [main] INFO WorkRoomWebApplication - *** clicked on the sign in Button ***
2026-02-02 21:51:25,289 [main] INFO WorkRoomWebApplication - *** click the Materials Manager main menu ***
2026-02-02 21:51:32,542 [main] INFO WorkRoomWebApplication - *** click the Materials Report Sub menu ***
2026-02-02 21:51:38,454 [main] INFO WorkRoomWebApplication - *** click the Inward outward button ***
2026-02-02 21:51:44,265 [main] INFO WorkRoomWebApplication - *** Click Generate Report for The Inard materials ***
2026-02-02 21:51:44,771 [main] INFO WorkRoomWebApplication - *** Pop Up Message  ***
2026-02-02 21:51:45,002 [main] INFO WorkRoomWebApplication - *** Reusability--->Click the Okay Button  ***
2026-02-02 21:51:45,426 [main] INFO WorkRoomWebApplication - Scenario passed: click Generate The Report Without Selecting The Customer po
2026-02-02 21:51:45,428 [main] INFO WorkRoomWebApplication - === Downloaded Files Summary ===
2026-02-02 21:51:45,429 [main] INFO WorkRoomWebApplication - Download directory: /home/limitscale/MaterialManagement/MATERIAL_MANAGEMENT_LIVE_WEB_AUTOMATION/Material inward report
2026-02-02 21:51:45,431 [main] INFO WorkRoomWebApplication - File: Customer PO 15000000445 Inward Material.xlsx | Size: 16.98 KB | Modified: 2026-01-30 13:46:33
2026-02-02 21:51:45,432 [main] INFO WorkRoomWebApplication - File: Customer PO 15000000445 Inward Material (1).xlsx | Size: 16.98 KB | Modified: 2026-01-30 13:48:11
2026-02-02 21:51:45,433 [main] INFO WorkRoomWebApplication - Total files: 2
2026-02-02 21:51:45,434 [main] INFO WorkRoomWebApplication - ************* Quitting Browser *****************
2026-02-02 21:51:45,660 [main] INFO WorkRoomWebApplication - ************* Browser Closed Successfully *****************
2026-02-02 21:51:45,693 [main] INFO WorkRoomWebApplication - Download directory already exists: /home/limitscale/MaterialManagement/MATERIAL_MANAGEMENT_LIVE_WEB_AUTOMATION/Downloaded Documents
2026-02-02 21:51:45,694 [main] INFO WorkRoomWebApplication - ************* Launching CHROME Browser *****************
2026-02-02 21:51:47,319 [main] INFO WorkRoomWebApplication - ************* Browser Launched and Maximized *****************
2026-02-02 21:51:47,359 [main] INFO WorkRoomWebApplication - ************* Get The Application URL  *****************
2026-02-02 21:51:49,583 [main] INFO WorkRoomWebApplication - *** Enter The Share Point Email Id ***
2026-02-02 21:51:50,783 [main] INFO WorkRoomWebApplication - *** click the next button ***
2026-02-02 21:51:50,950 [main] INFO WorkRoomWebApplication - *** Enter The Password ***
2026-02-02 21:51:52,520 [main] INFO WorkRoomWebApplication - *** clicked on the sign in Button ***
2026-02-02 21:51:54,619 [main] INFO WorkRoomWebApplication - *** click the Materials Manager main menu ***
2026-02-02 21:52:01,614 [main] INFO WorkRoomWebApplication - *** click the Materials Report Sub menu ***
2026-02-02 21:52:07,687 [main] INFO WorkRoomWebApplication - *** click the Inward outward button ***
2026-02-02 21:52:13,329 [main] INFO WorkRoomWebApplication - *** The DropDown List Availability Checking***
2026-02-02 21:52:13,445 [main] INFO WorkRoomWebApplication - *** Selected the Customer Po from The Dropdown ***
2026-02-02 21:52:15,081 [main] INFO WorkRoomWebApplication - *** Click The Vendor Po DropDown  ***
2026-02-02 21:52:15,472 [main] INFO WorkRoomWebApplication - *** Select The Vendor Po number  ***
2026-02-02 21:52:25,550 [main] INFO WorkRoomWebApplication - *** clicked The Export button ***
2026-02-02 21:52:35,804 [main] INFO WorkRoomWebApplication - *** Checking for The Success Message ***
2026-02-02 21:52:46,378 [main] ERROR WorkRoomWebApplication - Scenario failed: click Generate The Report Wit Selecting The Customer Po And Vendor Po
2026-02-02 21:52:46,380 [main] INFO WorkRoomWebApplication - === Downloaded Files Summary ===
2026-02-02 21:52:46,382 [main] INFO WorkRoomWebApplication - Download directory: /home/limitscale/MaterialManagement/MATERIAL_MANAGEMENT_LIVE_WEB_AUTOMATION/Material inward report
2026-02-02 21:52:46,385 [main] INFO WorkRoomWebApplication - File: Customer PO 15000000445 Inward Material.xlsx | Size: 16.98 KB | Modified: 2026-01-30 13:46:33
2026-02-02 21:52:46,388 [main] INFO WorkRoomWebApplication - File: Customer PO 15000000445 Inward Material (1).xlsx | Size: 16.98 KB | Modified: 2026-01-30 13:48:11
2026-02-02 21:52:46,389 [main] INFO WorkRoomWebApplication - Total files: 2
2026-02-02 21:52:46,389 [main] INFO WorkRoomWebApplication - ************* Quitting Browser *****************
2026-02-02 21:52:46,651 [main] INFO WorkRoomWebApplication - ************* Browser Closed Successfully *****************
2026-02-02 22:23:16,852 [main] INFO WorkRoomWebApplication - Download directory already exists: /home/limitscale/MaterialManagement/MATERIAL_MANAGEMENT_LIVE_WEB_AUTOMATION/Downloaded Documents
2026-02-02 22:23:16,859 [main] INFO WorkRoomWebApplication - ************* Launching CHROME Browser *****************
2026-02-02 22:23:18,721 [main] INFO WorkRoomWebApplication - ************* Browser Launched and Maximized *****************
2026-02-02 22:23:18,804 [main] INFO WorkRoomWebApplication - ************* Get The Application URL  *****************
2026-02-02 22:23:21,023 [main] INFO WorkRoomWebApplication - *** Enter The Share Point Email Id ***
2026-02-02 22:23:22,419 [main] INFO WorkRoomWebApplication - *** click the next button ***
2026-02-02 22:23:22,777 [main] INFO WorkRoomWebApplication - *** Enter The Password ***
2026-02-02 22:23:24,494 [main] INFO WorkRoomWebApplication - *** clicked on the sign in Button ***
2026-02-02 22:23:26,587 [main] INFO WorkRoomWebApplication - *** click the Materials Manager main menu ***
2026-02-02 22:23:34,066 [main] INFO WorkRoomWebApplication - *** click the Materials Report Sub menu ***
2026-02-02 22:23:37,631 [main] INFO WorkRoomWebApplication - *** click the Inward outward button ***
2026-02-02 22:23:43,007 [main] INFO WorkRoomWebApplication - *** The DropDown List Availability Checking***
2026-02-02 22:23:43,134 [main] INFO WorkRoomWebApplication - *** Selected the Customer Po from The Dropdown ***
2026-02-02 22:23:44,808 [main] INFO WorkRoomWebApplication - *** Click The Vendor Po DropDown  ***
2026-02-02 22:23:45,190 [main] INFO WorkRoomWebApplication - *** Select The Vendor Po number  ***
2026-02-02 22:23:55,289 [main] INFO WorkRoomWebApplication - *** clicked The Export button ***
2026-02-02 22:24:05,567 [main] INFO WorkRoomWebApplication - *** Checking for The Success Message ***
2026-02-02 22:24:15,861 [main] ERROR WorkRoomWebApplication - Scenario failed: click Generate The Report Wit Selecting The Customer Po And Vendor Po
2026-02-02 22:24:15,862 [main] INFO WorkRoomWebApplication - === Downloaded Files Summary ===
2026-02-02 22:24:15,862 [main] INFO WorkRoomWebApplication - Download directory: /home/limitscale/MaterialManagement/MATERIAL_MANAGEMENT_LIVE_WEB_AUTOMATION/Material inward report
2026-02-02 22:24:15,865 [main] INFO WorkRoomWebApplication - File: Customer PO 15000000445 Inward Material.xlsx | Size: 16.98 KB | Modified: 2026-01-30 13:46:33
2026-02-02 22:24:15,867 [main] INFO WorkRoomWebApplication - File: Customer PO 15000000445 Inward Material (1).xlsx | Size: 16.98 KB | Modified: 2026-01-30 13:48:11
2026-02-02 22:24:15,867 [main] INFO WorkRoomWebApplication - Total files: 2
2026-02-02 22:24:15,868 [main] INFO WorkRoomWebApplication - ************* Quitting Browser *****************
2026-02-02 22:24:16,025 [main] INFO WorkRoomWebApplication - ************* Browser Closed Successfully *****************
2026-02-02 22:40:40,654 [main] INFO WorkRoomWebApplication - Download directory already exists: /home/limitscale/MaterialManagement/MATERIAL_MANAGEMENT_LIVE_WEB_AUTOMATION/Downloaded Documents
2026-02-02 22:40:40,658 [main] INFO WorkRoomWebApplication - ************* Launching CHROME Browser *****************
2026-02-02 22:40:42,538 [main] INFO WorkRoomWebApplication - ************* Browser Launched and Maximized *****************
2026-02-02 22:40:42,607 [main] INFO WorkRoomWebApplication - ************* Get The Application URL  *****************
2026-02-02 22:40:49,755 [main] INFO WorkRoomWebApplication - *** Enter The Share Point Email Id ***
2026-02-02 22:40:51,139 [main] INFO WorkRoomWebApplication - *** click the next button ***
2026-02-02 22:40:51,512 [main] INFO WorkRoomWebApplication - *** Enter The Password ***
2026-02-02 22:40:53,327 [main] INFO WorkRoomWebApplication - *** clicked on the sign in Button ***
2026-02-02 22:40:55,644 [main] INFO WorkRoomWebApplication - *** click the Materials Manager main menu ***
2026-02-02 22:41:01,420 [main] INFO WorkRoomWebApplication - *** click the Materials Report Sub menu ***
2026-02-02 22:41:04,580 [main] INFO WorkRoomWebApplication - *** click the Inward outward button ***
2026-02-02 22:41:09,970 [main] INFO WorkRoomWebApplication - *** The DropDown List Availability Checking***
2026-02-02 22:41:10,084 [main] INFO WorkRoomWebApplication - *** Selected the Customer Po from The Dropdown ***
2026-02-02 22:41:11,567 [main] INFO WorkRoomWebApplication - *** Click The Vendor Po DropDown  ***
2026-02-02 22:41:11,955 [main] INFO WorkRoomWebApplication - *** Select The Vendor Po number  ***
2026-02-02 22:41:22,029 [main] INFO WorkRoomWebApplication - *** clicked The Export button ***
2026-02-02 22:41:32,241 [main] INFO WorkRoomWebApplication - *** Checking for The Success Message ***
2026-02-02 22:41:42,699 [main] ERROR WorkRoomWebApplication - Scenario failed: click Generate The Report Wit Selecting The Customer Po And Vendor Po
2026-02-02 22:41:42,700 [main] INFO WorkRoomWebApplication - === Downloaded Files Summary ===
2026-02-02 22:41:42,701 [main] INFO WorkRoomWebApplication - Download directory: /home/limitscale/MaterialManagement/MATERIAL_MANAGEMENT_LIVE_WEB_AUTOMATION/Material inward report
2026-02-02 22:41:42,707 [main] INFO WorkRoomWebApplication - File: Customer PO 15000000445 Inward Material.xlsx | Size: 16.98 KB | Modified: 2026-01-30 13:46:33
2026-02-02 22:41:42,709 [main] INFO WorkRoomWebApplication - File: Customer PO 15000000445 Inward Material (1).xlsx | Size: 16.98 KB | Modified: 2026-01-30 13:48:11
2026-02-02 22:41:42,710 [main] INFO WorkRoomWebApplication - Total files: 2
2026-02-02 22:41:42,712 [main] INFO WorkRoomWebApplication - ************* Quitting Browser *****************
2026-02-02 22:41:42,956 [main] INFO WorkRoomWebApplication - ************* Browser Closed Successfully *****************
2026-02-02 22:44:52,578 [main] INFO WorkRoomWebApplication - Download directory already exists: /home/limitscale/MaterialManagement/MATERIAL_MANAGEMENT_LIVE_WEB_AUTOMATION/Downloaded Documents
2026-02-02 22:44:52,582 [main] INFO WorkRoomWebApplication - ************* Launching CHROME Browser *****************
2026-02-02 22:44:54,385 [main] INFO WorkRoomWebApplication - ************* Browser Launched and Maximized *****************
2026-02-02 22:44:54,503 [main] INFO WorkRoomWebApplication - ************* Get The Application URL  *****************
2026-02-02 22:44:56,813 [main] INFO WorkRoomWebApplication - *** Enter The Share Point Email Id ***
2026-02-02 22:44:58,296 [main] INFO WorkRoomWebApplication - *** click the next button ***
2026-02-02 22:44:58,644 [main] INFO WorkRoomWebApplication - *** Enter The Password ***
2026-02-02 22:45:00,398 [main] INFO WorkRoomWebApplication - *** clicked on the sign in Button ***
2026-02-02 22:45:02,202 [main] INFO WorkRoomWebApplication - *** click the Materials Manager main menu ***
2026-02-02 22:45:11,587 [main] INFO WorkRoomWebApplication - *** click the Materials Report Sub menu ***
2026-02-02 22:45:15,591 [main] INFO WorkRoomWebApplication - *** click the Inward outward button ***
2026-02-02 22:45:20,957 [main] INFO WorkRoomWebApplication - *** The DropDown List Availability Checking***
2026-02-02 22:45:21,078 [main] INFO WorkRoomWebApplication - *** Selected the Customer Po from The Dropdown ***
2026-02-02 22:45:22,734 [main] INFO WorkRoomWebApplication - *** Click The Vendor Po DropDown  ***
2026-02-02 22:45:23,137 [main] INFO WorkRoomWebApplication - *** Select The Vendor Po number  ***
2026-02-02 22:45:33,211 [main] INFO WorkRoomWebApplication - *** clicked The Export button ***
2026-02-02 22:45:43,413 [main] INFO WorkRoomWebApplication - *** Checking for The Success Message ***
2026-02-02 22:45:53,858 [main] ERROR WorkRoomWebApplication - Scenario failed: click Generate The Report Wit Selecting The Customer Po And Vendor Po
2026-02-02 22:45:53,862 [main] INFO WorkRoomWebApplication - === Downloaded Files Summary ===
2026-02-02 22:45:53,863 [main] INFO WorkRoomWebApplication - Download directory: /home/limitscale/MaterialManagement/MATERIAL_MANAGEMENT_LIVE_WEB_AUTOMATION/Material inward report
2026-02-02 22:45:53,871 [main] INFO WorkRoomWebApplication - File: Customer PO 15000000445 Inward Material.xlsx | Size: 16.98 KB | Modified: 2026-01-30 13:46:33
2026-02-02 22:45:53,874 [main] INFO WorkRoomWebApplication - File: Customer PO 15000000445 Inward Material (1).xlsx | Size: 16.98 KB | Modified: 2026-01-30 13:48:11
2026-02-02 22:45:53,876 [main] INFO WorkRoomWebApplication - Total files: 2
2026-02-02 22:45:53,877 [main] INFO WorkRoomWebApplication - ************* Quitting Browser *****************
2026-02-02 22:45:54,156 [main] INFO WorkRoomWebApplication - ************* Browser Closed Successfully *****************
2026-02-02 22:48:09,153 [main] INFO WorkRoomWebApplication - Download directory already exists: /home/limitscale/MaterialManagement/MATERIAL_MANAGEMENT_LIVE_WEB_AUTOMATION/Downloaded Documents
2026-02-02 22:48:09,159 [main] INFO WorkRoomWebApplication - ************* Launching CHROME Browser *****************
2026-02-02 22:48:10,788 [main] INFO WorkRoomWebApplication - ************* Browser Launched and Maximized *****************
2026-02-02 22:48:11,019 [main] INFO WorkRoomWebApplication - ************* Get The Application URL  *****************
2026-02-02 22:48:13,329 [main] INFO WorkRoomWebApplication - *** Enter The Share Point Email Id ***
2026-02-02 22:48:14,622 [main] INFO WorkRoomWebApplication - *** click the next button ***
2026-02-02 22:48:14,825 [main] INFO WorkRoomWebApplication - *** Enter The Password ***
2026-02-02 22:48:16,260 [main] INFO WorkRoomWebApplication - *** clicked on the sign in Button ***
2026-02-02 22:48:17,916 [main] INFO WorkRoomWebApplication - *** click the Materials Manager main menu ***
2026-02-02 22:48:24,379 [main] INFO WorkRoomWebApplication - *** click the Materials Report Sub menu ***
2026-02-02 22:48:27,563 [main] INFO WorkRoomWebApplication - *** click the Inward outward button ***
2026-02-02 22:48:33,051 [main] INFO WorkRoomWebApplication - *** The DropDown List Availability Checking***
2026-02-02 22:48:33,172 [main] INFO WorkRoomWebApplication - *** Selected the Customer Po from The Dropdown ***
2026-02-02 22:48:34,828 [main] INFO WorkRoomWebApplication - *** Click The Vendor Po DropDown  ***
2026-02-02 22:48:35,144 [main] INFO WorkRoomWebApplication - *** Select The Vendor Po number  ***
2026-02-02 22:48:36,508 [main] INFO WorkRoomWebApplication - *** clicked The Export button ***
2026-02-02 22:48:46,673 [main] INFO WorkRoomWebApplication - *** Checking for The Success Message ***
2026-02-02 22:48:57,204 [main] ERROR WorkRoomWebApplication - Scenario failed: click Generate The Report Wit Selecting The Customer Po And Vendor Po
2026-02-02 22:48:57,207 [main] INFO WorkRoomWebApplication - === Downloaded Files Summary ===
2026-02-02 22:48:57,209 [main] INFO WorkRoomWebApplication - Download directory: /home/limitscale/MaterialManagement/MATERIAL_MANAGEMENT_LIVE_WEB_AUTOMATION/Material inward report
2026-02-02 22:48:57,215 [main] INFO WorkRoomWebApplication - File: Customer PO 15000000445 Inward Material.xlsx | Size: 16.98 KB | Modified: 2026-01-30 13:46:33
2026-02-02 22:48:57,218 [main] INFO WorkRoomWebApplication - File: Customer PO 15000000445 Inward Material (1).xlsx | Size: 16.98 KB | Modified: 2026-01-30 13:48:11
2026-02-02 22:48:57,220 [main] INFO WorkRoomWebApplication - Total files: 2
2026-02-02 22:48:57,221 [main] INFO WorkRoomWebApplication - ************* Quitting Browser *****************
2026-02-02 22:48:57,472 [main] INFO WorkRoomWebApplication - ************* Browser Closed Successfully *****************
2026-02-02 22:54:40,095 [main] INFO WorkRoomWebApplication - Download directory already exists: /home/limitscale/MaterialManagement/MATERIAL_MANAGEMENT_LIVE_WEB_AUTOMATION/Downloaded Documents
2026-02-02 22:54:40,100 [main] INFO WorkRoomWebApplication - ************* Launching CHROME Browser *****************
2026-02-02 22:54:41,978 [main] INFO WorkRoomWebApplication - ************* Browser Launched and Maximized *****************
2026-02-02 22:54:42,138 [main] INFO WorkRoomWebApplication - ************* Get The Application URL  *****************
2026-02-02 22:54:44,298 [main] INFO WorkRoomWebApplication - *** Enter The Share Point Email Id ***
2026-02-02 22:54:45,642 [main] INFO WorkRoomWebApplication - *** click the next button ***
2026-02-02 22:54:45,999 [main] INFO WorkRoomWebApplication - *** Enter The Password ***
2026-02-02 22:54:47,555 [main] INFO WorkRoomWebApplication - *** clicked on the sign in Button ***
2026-02-02 22:54:49,616 [main] INFO WorkRoomWebApplication - *** click the Materials Manager main menu ***
2026-02-02 22:54:56,817 [main] INFO WorkRoomWebApplication - *** click the Materials Report Sub menu ***
2026-02-02 22:54:59,436 [main] INFO WorkRoomWebApplication - *** click the Inward outward button ***
2026-02-02 22:55:05,202 [main] INFO WorkRoomWebApplication - *** The DropDown List Availability Checking***
2026-02-02 22:55:05,325 [main] INFO WorkRoomWebApplication - *** Selected the Customer Po from The Dropdown ***
2026-02-02 22:55:06,996 [main] INFO WorkRoomWebApplication - *** Click The Vendor Po DropDown  ***
2026-02-02 22:55:07,412 [main] INFO WorkRoomWebApplication - *** Select The Vendor Po number  ***
2026-02-02 22:55:08,983 [main] INFO WorkRoomWebApplication - *** clicked The Export button ***
2026-02-02 22:55:19,343 [main] INFO WorkRoomWebApplication - *** Check The Success message ***
2026-02-02 22:55:32,447 [main] ERROR WorkRoomWebApplication - Scenario failed: click Generate The Report Wit Selecting The Customer Po And Vendor Po
2026-02-02 22:55:32,449 [main] INFO WorkRoomWebApplication - === Downloaded Files Summary ===
2026-02-02 22:55:32,449 [main] INFO WorkRoomWebApplication - Download directory: /home/limitscale/MaterialManagement/MATERIAL_MANAGEMENT_LIVE_WEB_AUTOMATION/Material inward report
2026-02-02 22:55:32,452 [main] INFO WorkRoomWebApplication - File: Customer PO 15000000445 Inward Material.xlsx | Size: 16.98 KB | Modified: 2026-01-30 13:46:33
2026-02-02 22:55:32,453 [main] INFO WorkRoomWebApplication - File: Customer PO 15000000445 Inward Material (1).xlsx | Size: 16.98 KB | Modified: 2026-01-30 13:48:11
2026-02-02 22:55:32,454 [main] INFO WorkRoomWebApplication - Total files: 2
2026-02-02 22:55:32,454 [main] INFO WorkRoomWebApplication - ************* Quitting Browser *****************
2026-02-02 22:55:32,602 [main] INFO WorkRoomWebApplication - ************* Browser Closed Successfully *****************
2026-02-02 22:58:45,107 [main] INFO WorkRoomWebApplication - Download directory already exists: /home/limitscale/MaterialManagement/MATERIAL_MANAGEMENT_LIVE_WEB_AUTOMATION/Downloaded Documents
2026-02-02 22:58:45,115 [main] INFO WorkRoomWebApplication - ************* Launching CHROME Browser *****************
2026-02-02 22:58:47,419 [main] INFO WorkRoomWebApplication - ************* Browser Launched and Maximized *****************
2026-02-02 22:58:47,606 [main] INFO WorkRoomWebApplication - ************* Get The Application URL  *****************
2026-02-02 22:58:50,099 [main] INFO WorkRoomWebApplication - *** Enter The Share Point Email Id ***
2026-02-02 22:58:51,564 [main] INFO WorkRoomWebApplication - *** click the next button ***
2026-02-02 22:58:51,880 [main] INFO WorkRoomWebApplication - *** Enter The Password ***
2026-02-02 22:58:53,527 [main] INFO WorkRoomWebApplication - *** clicked on the sign in Button ***
2026-02-02 22:58:55,897 [main] INFO WorkRoomWebApplication - *** click the Materials Manager main menu ***
2026-02-02 22:59:01,370 [main] INFO WorkRoomWebApplication - *** click the Materials Report Sub menu ***
2026-02-02 22:59:04,056 [main] INFO WorkRoomWebApplication - *** click the Inward outward button ***
2026-02-02 22:59:09,671 [main] INFO WorkRoomWebApplication - *** The DropDown List Availability Checking***
2026-02-02 22:59:09,799 [main] INFO WorkRoomWebApplication - *** Selected the Customer Po from The Dropdown ***
2026-02-02 22:59:11,452 [main] INFO WorkRoomWebApplication - *** Click The Vendor Po DropDown  ***
2026-02-02 22:59:11,870 [main] INFO WorkRoomWebApplication - *** Select The Vendor Po number  ***
2026-02-02 22:59:13,458 [main] INFO WorkRoomWebApplication - *** clicked The Export button ***
2026-02-02 22:59:13,905 [main] INFO WorkRoomWebApplication - *** clicked The Export button ***
2026-02-02 22:59:14,255 [main] INFO WorkRoomWebApplication - *** Check The Success message ***
2026-02-02 22:59:14,544 [main] INFO WorkRoomWebApplication - Scenario passed: click Generate The Report Wit Selecting The Customer Po And Vendor Po
2026-02-02 22:59:14,547 [main] INFO WorkRoomWebApplication - === Downloaded Files Summary ===
2026-02-02 22:59:14,549 [main] INFO WorkRoomWebApplication - Download directory: /home/limitscale/MaterialManagement/MATERIAL_MANAGEMENT_LIVE_WEB_AUTOMATION/Material inward report
2026-02-02 22:59:14,556 [main] INFO WorkRoomWebApplication - File: Customer PO 15000000445 Inward Material.xlsx | Size: 16.98 KB | Modified: 2026-01-30 13:46:33
2026-02-02 22:59:14,560 [main] INFO WorkRoomWebApplication - File: Customer PO 15000000445 Inward Material (1).xlsx | Size: 16.98 KB | Modified: 2026-01-30 13:48:11
2026-02-02 22:59:14,563 [main] INFO WorkRoomWebApplication - Total files: 2
2026-02-02 22:59:14,565 [main] INFO WorkRoomWebApplication - ************* Quitting Browser *****************
2026-02-02 22:59:14,870 [main] INFO WorkRoomWebApplication - ************* Browser Closed Successfully *****************
2026-02-02 23:00:38,995 [main] INFO WorkRoomWebApplication - Download directory already exists: /home/limitscale/MaterialManagement/MATERIAL_MANAGEMENT_LIVE_WEB_AUTOMATION/Downloaded Documents
2026-02-02 23:00:39,002 [main] INFO WorkRoomWebApplication - ************* Launching CHROME Browser *****************
2026-02-02 23:00:41,118 [main] INFO WorkRoomWebApplication - ************* Browser Launched and Maximized *****************
2026-02-02 23:00:41,380 [main] INFO WorkRoomWebApplication - ************* Get The Application URL  *****************
2026-02-02 23:00:43,738 [main] INFO WorkRoomWebApplication - *** Enter The Share Point Email Id ***
2026-02-02 23:00:44,868 [main] INFO WorkRoomWebApplication - *** click the next button ***
2026-02-02 23:00:45,147 [main] INFO WorkRoomWebApplication - *** Enter The Password ***
2026-02-02 23:00:46,634 [main] INFO WorkRoomWebApplication - *** clicked on the sign in Button ***
2026-02-02 23:00:57,575 [main] INFO WorkRoomWebApplication - *** click the Materials Manager main menu ***
2026-02-02 23:00:57,731 [main] INFO WorkRoomWebApplication - *** click the Materials Report Sub menu ***
2026-02-02 23:01:01,341 [main] INFO WorkRoomWebApplication - *** click the Inward outward button ***
2026-02-02 23:01:07,050 [main] INFO WorkRoomWebApplication - *** The DropDown List Availability Checking***
2026-02-02 23:01:07,201 [main] INFO WorkRoomWebApplication - *** Selected the Customer Po from The Dropdown ***
2026-02-02 23:01:08,647 [main] INFO WorkRoomWebApplication - *** Click The Vendor Po DropDown  ***
2026-02-02 23:01:09,077 [main] INFO WorkRoomWebApplication - *** Select The Vendor Po number  ***
2026-02-02 23:01:10,700 [main] INFO WorkRoomWebApplication - *** clicked The Export button ***
2026-02-02 23:01:11,203 [main] INFO WorkRoomWebApplication - *** clicked The Export button ***
2026-02-02 23:01:11,611 [main] INFO WorkRoomWebApplication - *** Check The Success message ***
2026-02-02 23:01:11,796 [main] INFO WorkRoomWebApplication - Scenario passed: click Generate The Report Wit Selecting The Customer Po And Vendor Po
2026-02-02 23:01:11,797 [main] INFO WorkRoomWebApplication - === Downloaded Files Summary ===
2026-02-02 23:01:11,798 [main] INFO WorkRoomWebApplication - Download directory: /home/limitscale/MaterialManagement/MATERIAL_MANAGEMENT_LIVE_WEB_AUTOMATION/Material inward report
2026-02-02 23:01:11,801 [main] INFO WorkRoomWebApplication - File: Customer PO 15000000445 Inward Material.xlsx | Size: 16.98 KB | Modified: 2026-01-30 13:46:33
2026-02-02 23:01:11,802 [main] INFO WorkRoomWebApplication - File: Customer PO 15000000445 Inward Material (1).xlsx | Size: 16.98 KB | Modified: 2026-01-30 13:48:11
2026-02-02 23:01:11,803 [main] INFO WorkRoomWebApplication - Total files: 2
2026-02-02 23:01:11,804 [main] INFO WorkRoomWebApplication - ************* Quitting Browser *****************
2026-02-02 23:01:12,044 [main] INFO WorkRoomWebApplication - ************* Browser Closed Successfully *****************
2026-02-02 23:05:23,733 [main] INFO WorkRoomWebApplication - Download directory already exists: /home/limitscale/MaterialManagement/MATERIAL_MANAGEMENT_LIVE_WEB_AUTOMATION/Downloaded Documents
2026-02-02 23:05:23,738 [main] INFO WorkRoomWebApplication - ************* Launching CHROME Browser *****************
2026-02-02 23:05:25,895 [main] INFO WorkRoomWebApplication - ************* Browser Launched and Maximized *****************
2026-02-02 23:05:26,202 [main] INFO WorkRoomWebApplication - ************* Get The Application URL  *****************
2026-02-02 23:05:28,450 [main] INFO WorkRoomWebApplication - *** Enter The Share Point Email Id ***
2026-02-02 23:05:29,841 [main] INFO WorkRoomWebApplication - *** click the next button ***
2026-02-02 23:05:30,244 [main] INFO WorkRoomWebApplication - *** Enter The Password ***
2026-02-02 23:05:31,918 [main] INFO WorkRoomWebApplication - *** clicked on the sign in Button ***
2026-02-02 23:05:34,323 [main] INFO WorkRoomWebApplication - *** click the Materials Manager main menu ***
2026-02-02 23:05:39,625 [main] INFO WorkRoomWebApplication - *** click the Materials Report Sub menu ***
2026-02-02 23:05:44,681 [main] INFO WorkRoomWebApplication - *** click the Inward outward button ***
2026-02-02 23:05:51,046 [main] INFO WorkRoomWebApplication - *** The DropDown List Availability Checking***
2026-02-02 23:05:51,105 [main] INFO WorkRoomWebApplication - *** Selected the Customer Po from The Dropdown ***
2026-02-02 23:05:52,507 [main] INFO WorkRoomWebApplication - *** Click The Vendor Po DropDown  ***
2026-02-02 23:05:52,826 [main] INFO WorkRoomWebApplication - *** Select The Vendor Po number  ***
2026-02-02 23:05:54,218 [main] INFO WorkRoomWebApplication - *** clicked The Export button ***
2026-02-02 23:05:54,653 [main] INFO WorkRoomWebApplication - *** clicked The Export button ***
2026-02-02 23:05:55,282 [main] INFO WorkRoomWebApplication - *** Check The Success message ***
2026-02-02 23:05:55,544 [main] INFO WorkRoomWebApplication - Scenario passed: click Generate The Report Wit Selecting The Customer Po And Vendor Po
2026-02-02 23:05:55,545 [main] INFO WorkRoomWebApplication - No files found in download directory
2026-02-02 23:05:55,546 [main] INFO WorkRoomWebApplication - ************* Quitting Browser *****************
2026-02-02 23:05:55,780 [main] INFO WorkRoomWebApplication - ************* Browser Closed Successfully *****************
2026-02-02 23:10:24,796 [main] INFO WorkRoomWebApplication - Download directory already exists: /home/limitscale/MaterialManagement/MATERIAL_MANAGEMENT_LIVE_WEB_AUTOMATION/Downloaded Documents
2026-02-02 23:10:24,804 [main] INFO WorkRoomWebApplication - ************* Launching CHROME Browser *****************
2026-02-02 23:10:26,704 [main] INFO WorkRoomWebApplication - ************* Browser Launched and Maximized *****************
2026-02-02 23:10:26,878 [main] INFO WorkRoomWebApplication - ************* Get The Application URL  *****************
2026-02-02 23:10:29,038 [main] INFO WorkRoomWebApplication - *** Enter The Share Point Email Id ***
2026-02-02 23:10:30,331 [main] INFO WorkRoomWebApplication - *** click the next button ***
2026-02-02 23:10:30,519 [main] INFO WorkRoomWebApplication - *** Enter The Password ***
2026-02-02 23:10:32,112 [main] INFO WorkRoomWebApplication - *** clicked on the sign in Button ***
2026-02-02 23:10:34,125 [main] INFO WorkRoomWebApplication - *** click the Materials Manager main menu ***
2026-02-02 23:10:40,118 [main] INFO WorkRoomWebApplication - *** click the Materials Report Sub menu ***
2026-02-02 23:10:47,476 [main] INFO WorkRoomWebApplication - *** click the Inward outward button ***
2026-02-02 23:10:52,897 [main] INFO WorkRoomWebApplication - *** The DropDown List Availability Checking***
2026-02-02 23:10:53,022 [main] INFO WorkRoomWebApplication - *** Selected the Customer Po from The Dropdown ***
2026-02-02 23:10:54,417 [main] INFO WorkRoomWebApplication - *** Click The Vendor Po DropDown  ***
2026-02-02 23:10:54,840 [main] INFO WorkRoomWebApplication - *** Select The Vendor Po number  ***
2026-02-02 23:10:56,469 [main] INFO WorkRoomWebApplication - *** clicked The Export button ***
2026-02-02 23:10:56,818 [main] INFO WorkRoomWebApplication - *** clicked The Export button ***
2026-02-02 23:10:57,086 [main] INFO WorkRoomWebApplication - *** Check The Success message ***
2026-02-02 23:10:57,742 [main] INFO WorkRoomWebApplication - Scenario passed: click Generate The Report Wit Selecting The Customer Po And Vendor Po
2026-02-02 23:10:57,743 [main] INFO WorkRoomWebApplication - No files found in download directory
2026-02-02 23:10:57,743 [main] INFO WorkRoomWebApplication - ************* Quitting Browser *****************
2026-02-02 23:10:57,938 [main] INFO WorkRoomWebApplication - ************* Browser Closed Successfully *****************
2026-02-02 23:24:15,687 [main] INFO WorkRoomWebApplication - Download directory already exists: /home/limitscale/MaterialManagement/MATERIAL_MANAGEMENT_LIVE_WEB_AUTOMATION/Downloaded Documents
2026-02-02 23:24:15,696 [main] INFO WorkRoomWebApplication - ************* Launching CHROME Browser *****************
2026-02-02 23:24:17,846 [main] INFO WorkRoomWebApplication - ************* Browser Launched and Maximized *****************
2026-02-02 23:24:18,022 [main] INFO WorkRoomWebApplication - ************* Get The Application URL  *****************
2026-02-02 23:24:20,295 [main] INFO WorkRoomWebApplication - *** Enter The Share Point Email Id ***
2026-02-02 23:24:21,434 [main] INFO WorkRoomWebApplication - *** click the next button ***
2026-02-02 23:24:21,682 [main] INFO WorkRoomWebApplication - *** Enter The Password ***
2026-02-02 23:24:24,167 [main] INFO WorkRoomWebApplication - *** clicked on the sign in Button ***
2026-02-02 23:24:26,577 [main] INFO WorkRoomWebApplication - *** click the Materials Manager main menu ***
2026-02-02 23:24:33,774 [main] INFO WorkRoomWebApplication - *** click the Materials Report Sub menu ***
2026-02-02 23:24:36,888 [main] INFO WorkRoomWebApplication - *** click the Inward outward button ***
2026-02-02 23:24:42,442 [main] INFO WorkRoomWebApplication - *** The DropDown List Availability Checking***
2026-02-02 23:24:42,607 [main] INFO WorkRoomWebApplication - *** Selected the Customer Po from The Dropdown ***
2026-02-02 23:24:44,234 [main] INFO WorkRoomWebApplication - *** Click The Vendor Po DropDown  ***
2026-02-02 23:24:44,514 [main] INFO WorkRoomWebApplication - *** Select The Vendor Po number  ***
2026-02-02 23:24:46,288 [main] INFO WorkRoomWebApplication - *** clicked The Export button ***
2026-02-02 23:24:46,624 [main] INFO WorkRoomWebApplication - *** clicked The Export button ***
2026-02-02 23:24:47,298 [main] INFO WorkRoomWebApplication - *** Check The Success message ***
2026-02-02 23:24:47,508 [main] INFO WorkRoomWebApplication - Scenario passed: click Generate The Report Wit Selecting The Customer Po And Vendor Po
2026-02-02 23:24:47,510 [main] INFO WorkRoomWebApplication - No files found in download directory
2026-02-02 23:24:47,510 [main] INFO WorkRoomWebApplication - ************* Quitting Browser *****************
2026-02-02 23:24:47,849 [main] INFO WorkRoomWebApplication - ************* Browser Closed Successfully *****************
2026-02-02 23:25:44,090 [main] INFO WorkRoomWebApplication - Download directory already exists: /home/limitscale/MaterialManagement/MATERIAL_MANAGEMENT_LIVE_WEB_AUTOMATION/Downloaded Documents
2026-02-02 23:25:44,096 [main] INFO WorkRoomWebApplication - ************* Launching CHROME Browser *****************
2026-02-02 23:25:46,377 [main] INFO WorkRoomWebApplication - ************* Browser Launched and Maximized *****************
2026-02-02 23:25:46,479 [main] INFO WorkRoomWebApplication - ************* Get The Application URL  *****************
2026-02-02 23:25:48,506 [main] INFO WorkRoomWebApplication - *** Enter The Share Point Email Id ***
2026-02-02 23:25:49,943 [main] INFO WorkRoomWebApplication - *** click the next button ***
2026-02-02 23:25:50,112 [main] INFO WorkRoomWebApplication - *** Enter The Password ***
2026-02-02 23:25:51,466 [main] INFO WorkRoomWebApplication - *** clicked on the sign in Button ***
2026-02-02 23:25:53,046 [main] INFO WorkRoomWebApplication - *** click the Materials Manager main menu ***
2026-02-02 23:26:02,837 [main] INFO WorkRoomWebApplication - *** click the Materials Report Sub menu ***
2026-02-02 23:26:12,312 [main] INFO WorkRoomWebApplication - *** click the Inward outward button ***
2026-02-02 23:26:18,187 [main] INFO WorkRoomWebApplication - *** The DropDown List Availability Checking***
2026-02-02 23:26:18,342 [main] INFO WorkRoomWebApplication - *** Selected the Customer Po from The Dropdown ***
2026-02-02 23:26:19,989 [main] INFO WorkRoomWebApplication - *** Click Generate Report for The Inard materials ***
2026-02-02 23:26:20,235 [main] INFO WorkRoomWebApplication - *** clicked The Export button ***
2026-02-02 23:26:20,804 [main] INFO WorkRoomWebApplication - *** Checking for The Success Message ***
2026-02-02 23:26:21,128 [main] INFO WorkRoomWebApplication - Scenario passed: Select available PO number from dropdown
2026-02-02 23:26:21,129 [main] INFO WorkRoomWebApplication - No files found in download directory
2026-02-02 23:26:21,130 [main] INFO WorkRoomWebApplication - ************* Quitting Browser *****************
2026-02-02 23:26:21,346 [main] INFO WorkRoomWebApplication - ************* Browser Closed Successfully *****************
2026-02-02 23:31:42,824 [main] INFO WorkRoomWebApplication - Download directory already exists: /home/limitscale/MaterialManagement/MATERIAL_MANAGEMENT_LIVE_WEB_AUTOMATION/Downloaded Documents
2026-02-02 23:31:42,828 [main] INFO WorkRoomWebApplication - ************* Launching CHROME Browser *****************
2026-02-02 23:31:44,747 [main] INFO WorkRoomWebApplication - ************* Browser Launched and Maximized *****************
2026-02-02 23:31:44,937 [main] INFO WorkRoomWebApplication - ************* Get The Application URL  *****************
2026-02-02 23:31:48,532 [main] INFO WorkRoomWebApplication - *** Enter The Share Point Email Id ***
2026-02-02 23:31:50,293 [main] INFO WorkRoomWebApplication - *** click the next button ***
2026-02-02 23:31:50,565 [main] INFO WorkRoomWebApplication - *** Enter The Password ***
2026-02-02 23:31:52,240 [main] INFO WorkRoomWebApplication - *** clicked on the sign in Button ***
2026-02-02 23:31:54,700 [main] INFO WorkRoomWebApplication - *** click the Materials Manager main menu ***
2026-02-02 23:32:01,011 [main] INFO WorkRoomWebApplication - *** click the Materials Report Sub menu ***
2026-02-02 23:32:04,062 [main] INFO WorkRoomWebApplication - *** click the Inward outward button ***
2026-02-02 23:32:09,595 [main] INFO WorkRoomWebApplication - *** The DropDown List Availability Checking***
2026-02-02 23:32:09,742 [main] INFO WorkRoomWebApplication - *** Selected the Customer Po from The Dropdown ***
2026-02-02 23:32:11,519 [main] INFO WorkRoomWebApplication - *** Click Generate Report for The Inard materials ***
2026-02-02 23:32:11,869 [main] INFO WorkRoomWebApplication - *** clicked The Export button ***
2026-02-02 23:32:12,569 [main] INFO WorkRoomWebApplication - *** Checking for The Success Message ***
2026-02-02 23:32:12,777 [main] INFO WorkRoomWebApplication - Scenario passed: Select available PO number from dropdown
2026-02-02 23:32:12,778 [main] INFO WorkRoomWebApplication - === Downloaded Files Summary ===
2026-02-02 23:32:12,779 [main] INFO WorkRoomWebApplication - Download directory: /home/limitscale/MaterialManagement/MATERIAL_MANAGEMENT_LIVE_WEB_AUTOMATION/Downloaded Documents
2026-02-02 23:32:12,782 [main] INFO WorkRoomWebApplication - File: Unconfirmed 914505.crdownload | Size: 17.83 KB | Modified: 2026-02-02 23:32:12
2026-02-02 23:32:12,783 [main] INFO WorkRoomWebApplication - Total files: 1
2026-02-02 23:32:12,783 [main] INFO WorkRoomWebApplication - ************* Quitting Browser *****************
2026-02-02 23:32:13,012 [main] INFO WorkRoomWebApplication - ************* Browser Closed Successfully *****************
2026-02-02 23:32:13,093 [main] INFO WorkRoomWebApplication - Download directory already exists: /home/limitscale/MaterialManagement/MATERIAL_MANAGEMENT_LIVE_WEB_AUTOMATION/Downloaded Documents
2026-02-02 23:32:13,095 [main] INFO WorkRoomWebApplication - ************* Launching CHROME Browser *****************
2026-02-02 23:32:14,772 [main] INFO WorkRoomWebApplication - ************* Browser Launched and Maximized *****************
2026-02-02 23:32:15,193 [main] INFO WorkRoomWebApplication - ************* Get The Application URL  *****************
2026-02-02 23:32:18,697 [main] INFO WorkRoomWebApplication - *** Enter The Share Point Email Id ***
2026-02-02 23:32:21,205 [main] INFO WorkRoomWebApplication - *** click the next button ***
2026-02-02 23:32:21,744 [main] INFO WorkRoomWebApplication - *** Enter The Password ***
2026-02-02 23:32:23,234 [main] INFO WorkRoomWebApplication - *** clicked on the sign in Button ***
2026-02-02 23:32:24,779 [main] INFO WorkRoomWebApplication - *** click the Materials Manager main menu ***
2026-02-02 23:32:31,022 [main] INFO WorkRoomWebApplication - *** click the Materials Report Sub menu ***
2026-02-02 23:32:34,760 [main] INFO WorkRoomWebApplication - *** click the Inward outward button ***
2026-02-02 23:32:40,451 [main] INFO WorkRoomWebApplication - *** The DropDown List Availability Checking***
2026-02-02 23:32:40,564 [main] INFO WorkRoomWebApplication - *** Selected the Customer Po from The Dropdown ***
2026-02-02 23:32:42,079 [main] INFO WorkRoomWebApplication - *** Click The Vendor Po DropDown  ***
2026-02-02 23:32:42,273 [main] INFO WorkRoomWebApplication - *** Select The Vendor Po number  ***
2026-02-02 23:32:43,652 [main] INFO WorkRoomWebApplication - *** clicked The Export button ***
2026-02-02 23:32:44,115 [main] INFO WorkRoomWebApplication - *** clicked The Export button ***
2026-02-02 23:32:44,733 [main] INFO WorkRoomWebApplication - *** Check The Success message ***
2026-02-02 23:32:44,954 [main] INFO WorkRoomWebApplication - Scenario passed: click Generate The Report Wit Selecting The Customer Po And Vendor Po
2026-02-02 23:32:44,955 [main] INFO WorkRoomWebApplication - === Downloaded Files Summary ===
2026-02-02 23:32:44,957 [main] INFO WorkRoomWebApplication - Download directory: /home/limitscale/MaterialManagement/MATERIAL_MANAGEMENT_LIVE_WEB_AUTOMATION/Downloaded Documents
2026-02-02 23:32:44,958 [main] INFO WorkRoomWebApplication - File: Unconfirmed 564791.crdownload | Size: 17.30 KB | Modified: 2026-02-02 23:32:44
2026-02-02 23:32:44,959 [main] INFO WorkRoomWebApplication - Total files: 1
2026-02-02 23:32:44,960 [main] INFO WorkRoomWebApplication - ************* Quitting Browser *****************
2026-02-02 23:32:45,183 [main] INFO WorkRoomWebApplication - ************* Browser Closed Successfully *****************
2026-02-02 23:35:17,044 [main] INFO WorkRoomWebApplication - Download directory already exists: /home/limitscale/MaterialManagement/MATERIAL_MANAGEMENT_LIVE_WEB_AUTOMATION/Downloaded Documents
2026-02-02 23:35:17,052 [main] INFO WorkRoomWebApplication - ************* Launching CHROME Browser *****************
2026-02-02 23:35:19,022 [main] INFO WorkRoomWebApplication - ************* Browser Launched and Maximized *****************
2026-02-02 23:35:19,156 [main] INFO WorkRoomWebApplication - ************* Get The Application URL  *****************
2026-02-02 23:35:22,138 [main] INFO WorkRoomWebApplication - *** Enter The Share Point Email Id ***
2026-02-02 23:35:23,509 [main] INFO WorkRoomWebApplication - *** click the next button ***
2026-02-02 23:35:23,951 [main] INFO WorkRoomWebApplication - *** Enter The Password ***
2026-02-02 23:35:25,690 [main] INFO WorkRoomWebApplication - *** clicked on the sign in Button ***
2026-02-02 23:35:27,499 [main] INFO WorkRoomWebApplication - *** click the Materials Manager main menu ***
2026-02-02 23:35:34,864 [main] INFO WorkRoomWebApplication - *** click the Materials Report Sub menu ***
2026-02-02 23:35:39,047 [main] INFO WorkRoomWebApplication - *** click the Inward outward button ***
2026-02-02 23:35:44,610 [main] INFO WorkRoomWebApplication - *** The DropDown List Availability Checking***
2026-02-02 23:35:44,767 [main] INFO WorkRoomWebApplication - *** Selected the Customer Po from The Dropdown ***
2026-02-02 23:35:46,488 [main] INFO WorkRoomWebApplication - *** Click Generate Report for The Inard materials ***
2026-02-02 23:35:46,876 [main] INFO WorkRoomWebApplication - *** clicked The Export button ***
2026-02-02 23:35:47,407 [main] INFO WorkRoomWebApplication - *** Checking for The Success Message ***
2026-02-02 23:35:47,651 [main] INFO WorkRoomWebApplication - Scenario passed: Select available PO number from dropdown
2026-02-02 23:35:47,653 [main] INFO WorkRoomWebApplication - === Downloaded Files Summary ===
2026-02-02 23:35:47,654 [main] INFO WorkRoomWebApplication - Download directory: /home/limitscale/MaterialManagement/MATERIAL_MANAGEMENT_LIVE_WEB_AUTOMATION/Downloaded Documents
2026-02-02 23:35:47,659 [main] INFO WorkRoomWebApplication - File: Unconfirmed 282772.crdownload | Size: 17.83 KB | Modified: 2026-02-02 23:35:47
2026-02-02 23:35:47,661 [main] INFO WorkRoomWebApplication - Total files: 1
2026-02-02 23:35:47,662 [main] INFO WorkRoomWebApplication - ************* Quitting Browser *****************
2026-02-02 23:35:47,897 [main] INFO WorkRoomWebApplication - ************* Browser Closed Successfully *****************
2026-02-02 23:35:47,956 [main] INFO WorkRoomWebApplication - Download directory already exists: /home/limitscale/MaterialManagement/MATERIAL_MANAGEMENT_LIVE_WEB_AUTOMATION/Downloaded Documents
2026-02-02 23:35:47,956 [main] INFO WorkRoomWebApplication - ************* Launching CHROME Browser *****************
2026-02-02 23:35:49,426 [main] INFO WorkRoomWebApplication - ************* Browser Launched and Maximized *****************
2026-02-02 23:35:49,716 [main] INFO WorkRoomWebApplication - ************* Get The Application URL  *****************
2026-02-02 23:35:53,101 [main] INFO WorkRoomWebApplication - *** Enter The Share Point Email Id ***
2026-02-02 23:35:54,651 [main] INFO WorkRoomWebApplication - *** click the next button ***
2026-02-02 23:35:54,816 [main] INFO WorkRoomWebApplication - *** Enter The Password ***
2026-02-02 23:35:57,036 [main] INFO WorkRoomWebApplication - *** clicked on the sign in Button ***
2026-02-02 23:35:59,568 [main] INFO WorkRoomWebApplication - *** click the Materials Manager main menu ***
2026-02-02 23:36:06,448 [main] INFO WorkRoomWebApplication - *** click the Materials Report Sub menu ***
2026-02-02 23:36:36,061 [main] INFO WorkRoomWebApplication - *** click the Inward outward button ***
2026-02-02 23:36:42,477 [main] INFO WorkRoomWebApplication - *** The DropDown List Availability Checking***
2026-02-02 23:36:42,610 [main] INFO WorkRoomWebApplication - *** Selected the Customer Po from The Dropdown ***
2026-02-02 23:36:44,506 [main] INFO WorkRoomWebApplication - *** Click The Vendor Po DropDown  ***
2026-02-02 23:36:44,857 [main] INFO WorkRoomWebApplication - *** Select The Vendor Po number  ***
2026-02-02 23:36:46,443 [main] INFO WorkRoomWebApplication - *** clicked The Export button ***
2026-02-02 23:36:46,617 [main] INFO WorkRoomWebApplication - *** clicked The Export button ***
2026-02-02 23:36:46,869 [main] INFO WorkRoomWebApplication - *** Check The Success message ***
2026-02-02 23:36:47,666 [main] INFO WorkRoomWebApplication - Scenario passed: click Generate The Report Wit Selecting The Customer Po And Vendor Po
2026-02-02 23:36:47,668 [main] INFO WorkRoomWebApplication - === Downloaded Files Summary ===
2026-02-02 23:36:47,670 [main] INFO WorkRoomWebApplication - Download directory: /home/limitscale/MaterialManagement/MATERIAL_MANAGEMENT_LIVE_WEB_AUTOMATION/Downloaded Documents
2026-02-02 23:36:47,674 [main] INFO WorkRoomWebApplication - File: Customer PO 1500000044 Inward Material.xlsx | Size: 17.30 KB | Modified: 2026-02-02 23:36:46
2026-02-02 23:36:47,675 [main] INFO WorkRoomWebApplication - Total files: 1
2026-02-02 23:36:47,677 [main] INFO WorkRoomWebApplication - ************* Quitting Browser *****************
2026-02-02 23:36:47,906 [main] INFO WorkRoomWebApplication - ************* Browser Closed Successfully *****************
2026-02-03 09:47:22,996 [main] INFO WorkRoomWebApplication - Download directory already exists: /home/limitscale/MaterialManagement/MATERIAL_MANAGEMENT_LIVE_WEB_AUTOMATION/Downloaded Documents
2026-02-03 09:47:23,001 [main] INFO WorkRoomWebApplication - ************* Launching CHROME Browser *****************
2026-02-03 09:47:24,266 [main] INFO WorkRoomWebApplication - ************* Browser Launched and Maximized *****************
2026-02-03 09:47:24,379 [main] INFO WorkRoomWebApplication - ************* Get The Application URL  *****************
2026-02-03 09:47:26,326 [main] INFO WorkRoomWebApplication - *** Enter The Share Point Email Id ***
2026-02-03 09:47:27,374 [main] INFO WorkRoomWebApplication - *** click the next button ***
2026-02-03 09:47:27,494 [main] INFO WorkRoomWebApplication - *** Enter The Password ***
2026-02-03 09:47:28,733 [main] INFO WorkRoomWebApplication - *** clicked on the sign in Button ***
2026-02-03 09:47:30,072 [main] INFO WorkRoomWebApplication - *** click the Materials Manager main menu ***
2026-02-03 09:47:34,263 [main] INFO WorkRoomWebApplication - *** click the Materials Report Sub menu ***
2026-02-03 09:47:36,870 [main] INFO WorkRoomWebApplication - *** click the Inward outward button ***
2026-02-03 09:47:42,167 [main] INFO WorkRoomWebApplication - *** The DropDown List Availability Checking***
2026-02-03 09:47:42,227 [main] INFO WorkRoomWebApplication - *** Selected the Customer Po from The Dropdown ***
2026-02-03 09:47:43,440 [main] INFO WorkRoomWebApplication - *** Click Generate Report for The Inard materials ***
2026-02-03 09:47:43,555 [main] INFO WorkRoomWebApplication - *** clicked The Export button ***
2026-02-03 09:47:43,702 [main] INFO WorkRoomWebApplication - *** Checking for The Success Message ***
2026-02-03 09:47:44,319 [main] INFO WorkRoomWebApplication - Scenario passed: Select available PO number from dropdown
2026-02-03 09:47:44,320 [main] INFO WorkRoomWebApplication - === Downloaded Files Summary ===
2026-02-03 09:47:44,321 [main] INFO WorkRoomWebApplication - Download directory: /home/limitscale/MaterialManagement/MATERIAL_MANAGEMENT_LIVE_WEB_AUTOMATION/Downloaded Documents
2026-02-03 09:47:44,324 [main] INFO WorkRoomWebApplication - File: Unconfirmed 650496.crdownload | Size: 17.83 KB | Modified: 2026-02-03 09:47:43
2026-02-03 09:47:44,325 [main] INFO WorkRoomWebApplication - File: Customer PO 1500000044 Inward Material.xlsx | Size: 17.30 KB | Modified: 2026-02-02 23:36:46
2026-02-03 09:47:44,325 [main] INFO WorkRoomWebApplication - Total files: 2
2026-02-03 09:47:44,326 [main] INFO WorkRoomWebApplication - ************* Quitting Browser *****************
2026-02-03 09:47:44,465 [main] INFO WorkRoomWebApplication - ************* Browser Closed Successfully *****************
2026-02-03 09:47:44,510 [main] INFO WorkRoomWebApplication - Download directory already exists: /home/limitscale/MaterialManagement/MATERIAL_MANAGEMENT_LIVE_WEB_AUTOMATION/Downloaded Documents
2026-02-03 09:47:44,511 [main] INFO WorkRoomWebApplication - ************* Launching CHROME Browser *****************
2026-02-03 09:47:45,340 [main] INFO WorkRoomWebApplication - ************* Browser Launched and Maximized *****************
2026-02-03 09:47:45,532 [main] INFO WorkRoomWebApplication - ************* Get The Application URL  *****************
2026-02-03 09:47:47,893 [main] INFO WorkRoomWebApplication - *** Enter The Share Point Email Id ***
2026-02-03 09:47:48,931 [main] INFO WorkRoomWebApplication - *** click the next button ***
2026-02-03 09:47:49,034 [main] INFO WorkRoomWebApplication - *** Enter The Password ***
2026-02-03 09:47:50,296 [main] INFO WorkRoomWebApplication - *** clicked on the sign in Button ***
2026-02-03 09:47:51,609 [main] INFO WorkRoomWebApplication - *** click the Materials Manager main menu ***
2026-02-03 09:47:56,805 [main] INFO WorkRoomWebApplication - *** click the Materials Report Sub menu ***
2026-02-03 09:47:59,189 [main] INFO WorkRoomWebApplication - *** click the Inward outward button ***
2026-02-03 09:48:04,438 [main] INFO WorkRoomWebApplication - *** The DropDown List Availability Checking***
2026-02-03 09:48:04,521 [main] INFO WorkRoomWebApplication - *** Selected the Customer Po from The Dropdown ***
2026-02-03 09:48:05,695 [main] INFO WorkRoomWebApplication - *** Click The Vendor Po DropDown  ***
2026-02-03 09:48:05,795 [main] INFO WorkRoomWebApplication - *** Select The Vendor Po number  ***
2026-02-03 09:48:06,992 [main] INFO WorkRoomWebApplication - *** clicked The Export button ***
2026-02-03 09:48:07,172 [main] INFO WorkRoomWebApplication - *** clicked The Export button ***
2026-02-03 09:48:07,317 [main] INFO WorkRoomWebApplication - *** Check The Success message ***
2026-02-03 09:48:07,900 [main] INFO WorkRoomWebApplication - Scenario passed: click Generate The Report Wit Selecting The Customer Po And Vendor Po
2026-02-03 09:48:07,901 [main] INFO WorkRoomWebApplication - === Downloaded Files Summary ===
2026-02-03 09:48:07,901 [main] INFO WorkRoomWebApplication - Download directory: /home/limitscale/MaterialManagement/MATERIAL_MANAGEMENT_LIVE_WEB_AUTOMATION/Downloaded Documents
2026-02-03 09:48:07,902 [main] INFO WorkRoomWebApplication - File: Customer PO 1500000044 Inward Material (1).xlsx | Size: 17.30 KB | Modified: 2026-02-03 09:48:07
2026-02-03 09:48:07,902 [main] INFO WorkRoomWebApplication - File: Customer PO 1500000044 Inward Material.xlsx | Size: 17.30 KB | Modified: 2026-02-02 23:36:46
2026-02-03 09:48:07,902 [main] INFO WorkRoomWebApplication - Total files: 2
2026-02-03 09:48:07,903 [main] INFO WorkRoomWebApplication - ************* Quitting Browser *****************
2026-02-03 09:48:08,078 [main] INFO WorkRoomWebApplication - ************* Browser Closed Successfully *****************
2026-02-03 10:02:49,198 [main] INFO WorkRoomWebApplication - Download directory already exists: /home/limitscale/MaterialManagement/MATERIAL_MANAGEMENT_LIVE_WEB_AUTOMATION/Downloaded Documents
2026-02-03 10:02:49,203 [main] INFO WorkRoomWebApplication - ************* Launching CHROME Browser *****************
2026-02-03 10:02:50,901 [main] INFO WorkRoomWebApplication - ************* Browser Launched and Maximized *****************
2026-02-03 10:02:51,030 [main] INFO WorkRoomWebApplication - ************* Get The Application URL  *****************
2026-02-03 10:02:53,211 [main] INFO WorkRoomWebApplication - *** Enter The Share Point Email Id ***
2026-02-03 10:02:54,364 [main] INFO WorkRoomWebApplication - *** click the next button ***
2026-02-03 10:02:54,640 [main] INFO WorkRoomWebApplication - *** Enter The Password ***
2026-02-03 10:02:56,154 [main] INFO WorkRoomWebApplication - *** clicked on the sign in Button ***
2026-02-03 10:02:57,926 [main] INFO WorkRoomWebApplication - *** click the Materials Manager main menu ***
2026-02-03 10:03:02,733 [main] INFO WorkRoomWebApplication - *** click the Materials Report Sub menu ***
2026-02-03 10:03:04,822 [main] INFO WorkRoomWebApplication - *** click the Inward outward button ***
2026-02-03 10:03:10,222 [main] INFO WorkRoomWebApplication - *** The DropDown List Availability Checking***
2026-02-03 10:03:10,344 [main] INFO WorkRoomWebApplication - *** Selected the Customer Po from The Dropdown ***
2026-02-03 10:03:11,937 [main] INFO WorkRoomWebApplication - *** Click Generate Report for The Inard materials ***
2026-02-03 10:03:12,128 [main] INFO WorkRoomWebApplication - *** clicked The Export button ***
2026-02-03 10:03:12,378 [main] INFO WorkRoomWebApplication - *** Checking for The Success Message ***
2026-02-03 10:03:13,192 [main] INFO WorkRoomWebApplication - Scenario passed: Select available PO number from dropdown
2026-02-03 10:03:13,194 [main] INFO WorkRoomWebApplication - === Downloaded Files Summary ===
2026-02-03 10:03:13,195 [main] INFO WorkRoomWebApplication - Download directory: /home/limitscale/MaterialManagement/MATERIAL_MANAGEMENT_LIVE_WEB_AUTOMATION/Downloaded Documents
2026-02-03 10:03:13,200 [main] INFO WorkRoomWebApplication - File: Customer PO 1500000044 Inward Material (1).xlsx | Size: 17.30 KB | Modified: 2026-02-03 09:48:07
2026-02-03 10:03:13,203 [main] INFO WorkRoomWebApplication - File: Customer PO 1500000044 Inward Material (2).xlsx | Size: 17.83 KB | Modified: 2026-02-03 10:03:12
2026-02-03 10:03:13,205 [main] INFO WorkRoomWebApplication - File: Customer PO 1500000044 Inward Material.xlsx | Size: 17.30 KB | Modified: 2026-02-02 23:36:46
2026-02-03 10:03:13,207 [main] INFO WorkRoomWebApplication - Total files: 3
2026-02-03 10:03:13,208 [main] INFO WorkRoomWebApplication - ************* Quitting Browser *****************
2026-02-03 10:03:13,530 [main] INFO WorkRoomWebApplication - ************* Browser Closed Successfully *****************
2026-02-03 10:03:13,571 [main] INFO WorkRoomWebApplication - Download directory already exists: /home/limitscale/MaterialManagement/MATERIAL_MANAGEMENT_LIVE_WEB_AUTOMATION/Downloaded Documents
2026-02-03 10:03:13,572 [main] INFO WorkRoomWebApplication - ************* Launching CHROME Browser *****************
2026-02-03 10:03:15,175 [main] INFO WorkRoomWebApplication - ************* Browser Launched and Maximized *****************
2026-02-03 10:03:15,482 [main] INFO WorkRoomWebApplication - ************* Get The Application URL  *****************
2026-02-03 10:03:17,628 [main] INFO WorkRoomWebApplication - *** Enter The Share Point Email Id ***
2026-02-03 10:03:19,115 [main] INFO WorkRoomWebApplication - *** click the next button ***
2026-02-03 10:03:19,402 [main] INFO WorkRoomWebApplication - *** Enter The Password ***
2026-02-03 10:03:20,839 [main] INFO WorkRoomWebApplication - *** clicked on the sign in Button ***
2026-02-03 10:03:23,423 [main] INFO WorkRoomWebApplication - *** click the Materials Manager main menu ***
2026-02-03 10:03:30,082 [main] INFO WorkRoomWebApplication - *** click the Materials Report Sub menu ***
2026-02-03 10:03:32,289 [main] INFO WorkRoomWebApplication - *** click the Inward outward button ***
2026-02-03 10:03:37,909 [main] INFO WorkRoomWebApplication - *** The DropDown List Availability Checking***
2026-02-03 10:03:37,947 [main] INFO WorkRoomWebApplication - *** Selected the Customer Po from The Dropdown ***
2026-02-03 10:03:39,128 [main] INFO WorkRoomWebApplication - *** Click The Vendor Po DropDown  ***
2026-02-03 10:03:39,229 [main] INFO WorkRoomWebApplication - *** Select The Vendor Po number  ***
2026-02-03 10:03:40,411 [main] INFO WorkRoomWebApplication - *** clicked The Export button ***
2026-02-03 10:03:40,506 [main] INFO WorkRoomWebApplication - *** clicked The Export button ***
2026-02-03 10:03:40,629 [main] INFO WorkRoomWebApplication - *** Check The Success message ***
2026-02-03 10:03:41,232 [main] INFO WorkRoomWebApplication - Scenario passed: click Generate The Report Wit Selecting The Customer Po And Vendor Po
2026-02-03 10:03:41,233 [main] INFO WorkRoomWebApplication - === Downloaded Files Summary ===
2026-02-03 10:03:41,233 [main] INFO WorkRoomWebApplication - Download directory: /home/limitscale/MaterialManagement/MATERIAL_MANAGEMENT_LIVE_WEB_AUTOMATION/Downloaded Documents
2026-02-03 10:03:41,234 [main] INFO WorkRoomWebApplication - File: Customer PO 1500000044 Inward Material (1).xlsx | Size: 17.30 KB | Modified: 2026-02-03 09:48:07
2026-02-03 10:03:41,234 [main] INFO WorkRoomWebApplication - File: Customer PO 1500000044 Inward Material (2).xlsx | Size: 17.83 KB | Modified: 2026-02-03 10:03:12
2026-02-03 10:03:41,235 [main] INFO WorkRoomWebApplication - File: Customer PO 1500000044 Inward Material (3).xlsx | Size: 17.30 KB | Modified: 2026-02-03 10:03:40
2026-02-03 10:03:41,235 [main] INFO WorkRoomWebApplication - File: Customer PO 1500000044 Inward Material.xlsx | Size: 17.30 KB | Modified: 2026-02-02 23:36:46
2026-02-03 10:03:41,235 [main] INFO WorkRoomWebApplication - Total files: 4
2026-02-03 10:03:41,236 [main] INFO WorkRoomWebApplication - ************* Quitting Browser *****************
2026-02-03 10:03:41,368 [main] INFO WorkRoomWebApplication - ************* Browser Closed Successfully *****************
2026-02-03 10:04:39,643 [main] INFO WorkRoomWebApplication - Download directory already exists: /home/limitscale/MaterialManagement/MATERIAL_MANAGEMENT_LIVE_WEB_AUTOMATION/Downloaded Documents
2026-02-03 10:04:39,649 [main] INFO WorkRoomWebApplication - ************* Launching CHROME Browser *****************
2026-02-03 10:04:40,676 [main] INFO WorkRoomWebApplication - ************* Browser Launched and Maximized *****************
2026-02-03 10:04:40,802 [main] INFO WorkRoomWebApplication - ************* Get The Application URL  *****************
2026-02-03 10:04:42,699 [main] INFO WorkRoomWebApplication - *** Enter The Share Point Email Id ***
2026-02-03 10:04:43,796 [main] INFO WorkRoomWebApplication - *** click the next button ***
2026-02-03 10:04:43,903 [main] INFO WorkRoomWebApplication - *** Enter The Password ***
2026-02-03 10:04:45,778 [main] INFO WorkRoomWebApplication - *** clicked on the sign in Button ***
2026-02-03 10:04:47,082 [main] INFO WorkRoomWebApplication - *** click the Materials Manager main menu ***
2026-02-03 10:04:51,827 [main] INFO WorkRoomWebApplication - *** click the Materials Report Sub menu ***
2026-02-03 10:04:53,145 [main] INFO WorkRoomWebApplication - *** click the Inward outward button ***
2026-02-03 10:04:58,396 [main] INFO WorkRoomWebApplication - *** The DropDown List Availability Checking***
2026-02-03 10:04:58,467 [main] INFO WorkRoomWebApplication - *** Selected the Customer Po from The Dropdown ***
2026-02-03 10:04:59,642 [main] INFO WorkRoomWebApplication - *** Click Generate Report for The Inard materials ***
2026-02-03 10:04:59,737 [main] INFO WorkRoomWebApplication - *** clicked The Export button ***
2026-02-03 10:04:59,870 [main] INFO WorkRoomWebApplication - *** Checking for The Success Message ***
2026-02-03 10:05:00,472 [main] INFO WorkRoomWebApplication - Scenario passed: Select available PO number from dropdown
2026-02-03 10:05:00,473 [main] INFO WorkRoomWebApplication - === Downloaded Files Summary ===
2026-02-03 10:05:00,473 [main] INFO WorkRoomWebApplication - Download directory: /home/limitscale/MaterialManagement/MATERIAL_MANAGEMENT_LIVE_WEB_AUTOMATION/Downloaded Documents
2026-02-03 10:05:00,475 [main] INFO WorkRoomWebApplication - File: Customer PO 1500000044 Inward Material (4).xlsx | Size: 17.83 KB | Modified: 2026-02-03 10:04:59
2026-02-03 10:05:00,476 [main] INFO WorkRoomWebApplication - File: Customer PO 1500000044 Inward Material (1).xlsx | Size: 17.30 KB | Modified: 2026-02-03 09:48:07
2026-02-03 10:05:00,476 [main] INFO WorkRoomWebApplication - File: Customer PO 1500000044 Inward Material (2).xlsx | Size: 17.83 KB | Modified: 2026-02-03 10:03:12
2026-02-03 10:05:00,477 [main] INFO WorkRoomWebApplication - File: Customer PO 1500000044 Inward Material (3).xlsx | Size: 17.30 KB | Modified: 2026-02-03 10:03:40
2026-02-03 10:05:00,477 [main] INFO WorkRoomWebApplication - File: Customer PO 1500000044 Inward Material.xlsx | Size: 17.30 KB | Modified: 2026-02-02 23:36:46
2026-02-03 10:05:00,477 [main] INFO WorkRoomWebApplication - Total files: 5
2026-02-03 10:05:00,478 [main] INFO WorkRoomWebApplication - ************* Quitting Browser *****************
2026-02-03 10:05:00,614 [main] INFO WorkRoomWebApplication - ************* Browser Closed Successfully *****************
2026-02-03 10:05:00,647 [main] INFO WorkRoomWebApplication - Download directory already exists: /home/limitscale/MaterialManagement/MATERIAL_MANAGEMENT_LIVE_WEB_AUTOMATION/Downloaded Documents
2026-02-03 10:05:00,647 [main] INFO WorkRoomWebApplication - ************* Launching CHROME Browser *****************
2026-02-03 10:05:01,445 [main] INFO WorkRoomWebApplication - ************* Browser Launched and Maximized *****************
2026-02-03 10:05:01,661 [main] INFO WorkRoomWebApplication - ************* Get The Application URL  *****************
2026-02-03 10:05:03,986 [main] INFO WorkRoomWebApplication - *** Enter The Share Point Email Id ***
2026-02-03 10:05:04,998 [main] INFO WorkRoomWebApplication - *** click the next button ***
2026-02-03 10:05:05,101 [main] INFO WorkRoomWebApplication - *** Enter The Password ***
2026-02-03 10:05:06,530 [main] INFO WorkRoomWebApplication - *** clicked on the sign in Button ***
2026-02-03 10:05:08,034 [main] INFO WorkRoomWebApplication - *** click the Materials Manager main menu ***
2026-02-03 10:05:11,976 [main] INFO WorkRoomWebApplication - *** click the Materials Report Sub menu ***
2026-02-03 10:05:14,643 [main] INFO WorkRoomWebApplication - *** click the Inward outward button ***
2026-02-03 10:05:20,041 [main] INFO WorkRoomWebApplication - *** The DropDown List Availability Checking***
2026-02-03 10:05:20,097 [main] INFO WorkRoomWebApplication - *** Selected the Customer Po from The Dropdown ***
2026-02-03 10:05:21,305 [main] INFO WorkRoomWebApplication - *** Click The Vendor Po DropDown  ***
2026-02-03 10:05:21,410 [main] INFO WorkRoomWebApplication - *** Select The Vendor Po number  ***
2026-02-03 10:05:22,617 [main] INFO WorkRoomWebApplication - *** clicked The Export button ***
2026-02-03 10:05:22,711 [main] INFO WorkRoomWebApplication - *** clicked The Export button ***
2026-02-03 10:05:22,859 [main] INFO WorkRoomWebApplication - *** Check The Success message ***
2026-02-03 10:05:23,460 [main] INFO WorkRoomWebApplication - Scenario passed: click Generate The Report Wit Selecting The Customer Po And Vendor Po
2026-02-03 10:05:24,461 [main] INFO WorkRoomWebApplication - === Downloaded Files Summary ===
2026-02-03 10:05:24,462 [main] INFO WorkRoomWebApplication - Download directory: /home/limitscale/MaterialManagement/MATERIAL_MANAGEMENT_LIVE_WEB_AUTOMATION/Downloaded Documents
2026-02-03 10:05:24,464 [main] INFO WorkRoomWebApplication - File: Customer PO 1500000044 Inward Material (5).xlsx | Size: 17.30 KB | Modified: 2026-02-03 10:05:22
2026-02-03 10:05:24,465 [main] INFO WorkRoomWebApplication - File: Customer PO 1500000044 Inward Material (4).xlsx | Size: 17.83 KB | Modified: 2026-02-03 10:04:59
2026-02-03 10:05:24,466 [main] INFO WorkRoomWebApplication - File: Customer PO 1500000044 Inward Material (1).xlsx | Size: 17.30 KB | Modified: 2026-02-03 09:48:07
2026-02-03 10:05:24,468 [main] INFO WorkRoomWebApplication - File: Customer PO 1500000044 Inward Material (2).xlsx | Size: 17.83 KB | Modified: 2026-02-03 10:03:12
2026-02-03 10:05:24,470 [main] INFO WorkRoomWebApplication - File: Customer PO 1500000044 Inward Material (3).xlsx | Size: 17.30 KB | Modified: 2026-02-03 10:03:40
2026-02-03 10:05:24,472 [main] INFO WorkRoomWebApplication - File: Customer PO 1500000044 Inward Material.xlsx | Size: 17.30 KB | Modified: 2026-02-02 23:36:46
2026-02-03 10:05:24,473 [main] INFO WorkRoomWebApplication - Total files: 6
2026-02-03 10:05:24,473 [main] INFO WorkRoomWebApplication - ************* Quitting Browser *****************
2026-02-03 10:05:24,695 [main] INFO WorkRoomWebApplication - ************* Browser Closed Successfully *****************
2026-02-03 10:06:03,615 [main] INFO WorkRoomWebApplication - Download directory already exists: /home/limitscale/MaterialManagement/MATERIAL_MANAGEMENT_LIVE_WEB_AUTOMATION/Downloaded Documents
2026-02-03 10:06:03,619 [main] INFO WorkRoomWebApplication - ************* Launching CHROME Browser *****************
2026-02-03 10:06:05,369 [main] INFO WorkRoomWebApplication - ************* Browser Launched and Maximized *****************
2026-02-03 10:06:05,514 [main] INFO WorkRoomWebApplication - ************* Get The Application URL  *****************
2026-02-03 10:06:08,023 [main] INFO WorkRoomWebApplication - *** Enter The Share Point Email Id ***
2026-02-03 10:06:09,337 [main] INFO WorkRoomWebApplication - *** click the next button ***
2026-02-03 10:06:09,675 [main] INFO WorkRoomWebApplication - *** Enter The Password ***
2026-02-03 10:06:11,331 [main] INFO WorkRoomWebApplication - *** clicked on the sign in Button ***
2026-02-03 10:06:13,412 [main] INFO WorkRoomWebApplication - *** click the Materials Manager main menu ***
2026-02-03 10:06:19,171 [main] INFO WorkRoomWebApplication - *** click the Materials Report Sub menu ***
2026-02-03 10:06:21,826 [main] INFO WorkRoomWebApplication - *** click the Inward outward button ***
2026-02-03 10:06:27,218 [main] INFO WorkRoomWebApplication - *** The DropDown List Availability Checking***
2026-02-03 10:06:27,341 [main] INFO WorkRoomWebApplication - *** Selected the Customer Po from The Dropdown ***
2026-02-03 10:06:28,818 [main] INFO WorkRoomWebApplication - *** Click Generate Report for The Inard materials ***
2026-02-03 10:06:29,092 [main] INFO WorkRoomWebApplication - *** clicked The Export button ***
2026-02-03 10:06:29,325 [main] INFO WorkRoomWebApplication - *** Checking for The Success Message ***
2026-02-03 10:06:30,070 [main] INFO WorkRoomWebApplication - Scenario passed: Select available PO number from dropdown
2026-02-03 10:06:30,072 [main] INFO WorkRoomWebApplication - === Downloaded Files Summary ===
2026-02-03 10:06:30,073 [main] INFO WorkRoomWebApplication - Download directory: /home/limitscale/MaterialManagement/MATERIAL_MANAGEMENT_LIVE_WEB_AUTOMATION/Downloaded Documents
2026-02-03 10:06:30,081 [main] INFO WorkRoomWebApplication - File: Customer PO 1500000044 Inward Material (6).xlsx | Size: 17.83 KB | Modified: 2026-02-03 10:06:29
2026-02-03 10:06:30,083 [main] INFO WorkRoomWebApplication - File: Customer PO 1500000044 Inward Material (5).xlsx | Size: 17.30 KB | Modified: 2026-02-03 10:05:22
2026-02-03 10:06:30,084 [main] INFO WorkRoomWebApplication - File: Customer PO 1500000044 Inward Material (4).xlsx | Size: 17.83 KB | Modified: 2026-02-03 10:04:59
2026-02-03 10:06:30,086 [main] INFO WorkRoomWebApplication - File: Customer PO 1500000044 Inward Material (1).xlsx | Size: 17.30 KB | Modified: 2026-02-03 09:48:07
2026-02-03 10:06:30,088 [main] INFO WorkRoomWebApplication - File: Customer PO 1500000044 Inward Material (2).xlsx | Size: 17.83 KB | Modified: 2026-02-03 10:03:12
2026-02-03 10:06:30,089 [main] INFO WorkRoomWebApplication - File: Customer PO 1500000044 Inward Material (3).xlsx | Size: 17.30 KB | Modified: 2026-02-03 10:03:40
2026-02-03 10:06:30,091 [main] INFO WorkRoomWebApplication - File: Customer PO 1500000044 Inward Material.xlsx | Size: 17.30 KB | Modified: 2026-02-02 23:36:46
2026-02-03 10:06:30,092 [main] INFO WorkRoomWebApplication - Total files: 7
2026-02-03 10:06:30,093 [main] INFO WorkRoomWebApplication - ************* Quitting Browser *****************
2026-02-03 10:06:30,468 [main] INFO WorkRoomWebApplication - ************* Browser Closed Successfully *****************
2026-02-03 10:06:30,527 [main] INFO WorkRoomWebApplication - Download directory already exists: /home/limitscale/MaterialManagement/MATERIAL_MANAGEMENT_LIVE_WEB_AUTOMATION/Downloaded Documents
2026-02-03 10:06:30,527 [main] INFO WorkRoomWebApplication - ************* Launching CHROME Browser *****************
2026-02-03 10:06:32,055 [main] INFO WorkRoomWebApplication - ************* Browser Launched and Maximized *****************
2026-02-03 10:06:32,118 [main] INFO WorkRoomWebApplication - ************* Get The Application URL  *****************
2026-02-03 10:06:34,527 [main] INFO WorkRoomWebApplication - *** Enter The Share Point Email Id ***
2026-02-03 10:06:35,875 [main] INFO WorkRoomWebApplication - *** click the next button ***
2026-02-03 10:06:36,068 [main] INFO WorkRoomWebApplication - *** Enter The Password ***
2026-02-03 10:06:37,699 [main] INFO WorkRoomWebApplication - *** clicked on the sign in Button ***
2026-02-03 10:06:39,789 [main] INFO WorkRoomWebApplication - *** click the Materials Manager main menu ***
2026-02-03 10:06:45,420 [main] INFO WorkRoomWebApplication - *** click the Materials Report Sub menu ***
2026-02-03 10:06:48,338 [main] INFO WorkRoomWebApplication - *** click the Inward outward button ***
2026-02-03 10:06:53,734 [main] INFO WorkRoomWebApplication - *** The DropDown List Availability Checking***
2026-02-03 10:06:53,849 [main] INFO WorkRoomWebApplication - *** Selected the Customer Po from The Dropdown ***
2026-02-03 10:06:55,450 [main] INFO WorkRoomWebApplication - *** Click The Vendor Po DropDown  ***
2026-02-03 10:06:55,827 [main] INFO WorkRoomWebApplication - *** Select The Vendor Po number  ***
2026-02-03 10:06:57,361 [main] INFO WorkRoomWebApplication - *** clicked The Export button ***
2026-02-03 10:06:57,744 [main] INFO WorkRoomWebApplication - *** clicked The Export button ***
2026-02-03 10:06:58,261 [main] INFO WorkRoomWebApplication - *** Check The Success message ***
2026-02-03 10:06:58,544 [main] INFO WorkRoomWebApplication - Scenario passed: click Generate The Report Wit Selecting The Customer Po And Vendor Po
2026-02-03 10:06:59,546 [main] INFO WorkRoomWebApplication - === Downloaded Files Summary ===
2026-02-03 10:06:59,547 [main] INFO WorkRoomWebApplication - Download directory: /home/limitscale/MaterialManagement/MATERIAL_MANAGEMENT_LIVE_WEB_AUTOMATION/Downloaded Documents
2026-02-03 10:06:59,549 [main] INFO WorkRoomWebApplication - File: Customer PO 1500000044 Inward Material (6).xlsx | Size: 17.83 KB | Modified: 2026-02-03 10:06:29
2026-02-03 10:06:59,550 [main] INFO WorkRoomWebApplication - File: Customer PO 1500000044 Inward Material (5).xlsx | Size: 17.30 KB | Modified: 2026-02-03 10:05:22
2026-02-03 10:06:59,552 [main] INFO WorkRoomWebApplication - File: Customer PO 1500000044 Inward Material (4).xlsx | Size: 17.83 KB | Modified: 2026-02-03 10:04:59
2026-02-03 10:06:59,555 [main] INFO WorkRoomWebApplication - File: Customer PO 1500000044 Inward Material (1).xlsx | Size: 17.30 KB | Modified: 2026-02-03 09:48:07
2026-02-03 10:06:59,557 [main] INFO WorkRoomWebApplication - File: Customer PO 1500000044 Inward Material (2).xlsx | Size: 17.83 KB | Modified: 2026-02-03 10:03:12
2026-02-03 10:06:59,558 [main] INFO WorkRoomWebApplication - File: Customer PO 1500000044 Inward Material (3).xlsx | Size: 17.30 KB | Modified: 2026-02-03 10:03:40
2026-02-03 10:06:59,560 [main] INFO WorkRoomWebApplication - File: Customer PO 1500000044 Inward Material.xlsx | Size: 17.30 KB | Modified: 2026-02-02 23:36:46
2026-02-03 10:06:59,561 [main] INFO WorkRoomWebApplication - File: Customer PO 1500000044 Inward Material (7).xlsx | Size: 17.30 KB | Modified: 2026-02-03 10:06:58
2026-02-03 10:06:59,562 [main] INFO WorkRoomWebApplication - Total files: 8
2026-02-03 10:06:59,562 [main] INFO WorkRoomWebApplication - ************* Quitting Browser *****************
2026-02-03 10:06:59,986 [main] INFO WorkRoomWebApplication - ************* Browser Closed Successfully *****************
2026-02-03 10:08:26,870 [main] INFO WorkRoomWebApplication - Download directory already exists: /home/limitscale/MaterialManagement/MATERIAL_MANAGEMENT_LIVE_WEB_AUTOMATION/Downloaded Documents
2026-02-03 10:08:26,876 [main] INFO WorkRoomWebApplication - ************* Launching CHROME Browser *****************
2026-02-03 10:08:28,654 [main] INFO WorkRoomWebApplication - ************* Browser Launched and Maximized *****************
2026-02-03 10:08:28,898 [main] INFO WorkRoomWebApplication - ************* Get The Application URL  *****************
2026-02-03 10:08:31,135 [main] INFO WorkRoomWebApplication - *** Enter The Share Point Email Id ***
2026-02-03 10:08:32,670 [main] INFO WorkRoomWebApplication - *** click the next button ***
2026-02-03 10:08:33,038 [main] INFO WorkRoomWebApplication - *** Enter The Password ***
2026-02-03 10:08:34,697 [main] INFO WorkRoomWebApplication - *** clicked on the sign in Button ***
2026-02-03 10:08:42,929 [main] INFO WorkRoomWebApplication - *** click the Materials Manager main menu ***
2026-02-03 10:08:43,143 [main] INFO WorkRoomWebApplication - *** click the Materials Report Sub menu ***
2026-02-03 10:08:46,095 [main] INFO WorkRoomWebApplication - *** click the Inward outward button ***
2026-02-03 10:08:51,689 [main] INFO WorkRoomWebApplication - *** The DropDown List Availability Checking***
2026-02-03 10:08:51,819 [main] INFO WorkRoomWebApplication - *** Selected the Customer Po from The Dropdown ***
2026-02-03 10:08:53,323 [main] INFO WorkRoomWebApplication - *** Click Generate Report for The Inard materials ***
2026-02-03 10:08:53,745 [main] INFO WorkRoomWebApplication - *** clicked The Export button ***
2026-02-03 10:08:54,284 [main] INFO WorkRoomWebApplication - *** Checking for The Success Message ***
2026-02-03 10:08:54,566 [main] INFO WorkRoomWebApplication - Scenario passed: Select available PO number from dropdown
2026-02-03 10:08:55,569 [main] INFO WorkRoomWebApplication - === Downloaded Files Summary ===
2026-02-03 10:08:55,570 [main] INFO WorkRoomWebApplication - Download directory: /home/limitscale/MaterialManagement/MATERIAL_MANAGEMENT_LIVE_WEB_AUTOMATION/Downloaded Documents
2026-02-03 10:08:55,576 [main] INFO WorkRoomWebApplication - File: Customer PO 1500000044 Inward Material.xlsx | Size: 17.83 KB | Modified: 2026-02-03 10:08:54
2026-02-03 10:08:55,577 [main] INFO WorkRoomWebApplication - Total files: 1
2026-02-03 10:08:55,578 [main] INFO WorkRoomWebApplication - ************* Quitting Browser *****************
2026-02-03 10:08:55,964 [main] INFO WorkRoomWebApplication - ************* Browser Closed Successfully *****************
2026-02-03 10:08:56,050 [main] INFO WorkRoomWebApplication - Download directory already exists: /home/limitscale/MaterialManagement/MATERIAL_MANAGEMENT_LIVE_WEB_AUTOMATION/Downloaded Documents
2026-02-03 10:08:56,051 [main] INFO WorkRoomWebApplication - ************* Launching CHROME Browser *****************
2026-02-03 10:08:57,670 [main] INFO WorkRoomWebApplication - ************* Browser Launched and Maximized *****************
2026-02-03 10:08:57,695 [main] INFO WorkRoomWebApplication - ************* Get The Application URL  *****************
2026-02-03 10:08:59,799 [main] INFO WorkRoomWebApplication - *** Enter The Share Point Email Id ***
2026-02-03 10:09:01,297 [main] INFO WorkRoomWebApplication - *** click the next button ***
2026-02-03 10:09:01,607 [main] INFO WorkRoomWebApplication - *** Enter The Password ***
2026-02-03 10:09:03,822 [main] INFO WorkRoomWebApplication - *** clicked on the sign in Button ***
2026-02-03 10:09:05,966 [main] INFO WorkRoomWebApplication - *** click the Materials Manager main menu ***
2026-02-03 10:09:11,555 [main] INFO WorkRoomWebApplication - *** click the Materials Report Sub menu ***
2026-02-03 10:09:14,798 [main] INFO WorkRoomWebApplication - *** click the Inward outward button ***
2026-02-03 10:09:20,415 [main] INFO WorkRoomWebApplication - *** The DropDown List Availability Checking***
2026-02-03 10:09:20,493 [main] INFO WorkRoomWebApplication - *** Selected the Customer Po from The Dropdown ***
2026-02-03 10:09:22,132 [main] INFO WorkRoomWebApplication - *** Click The Vendor Po DropDown  ***
2026-02-03 10:09:22,551 [main] INFO WorkRoomWebApplication - *** Select The Vendor Po number  ***
2026-02-03 10:09:24,076 [main] INFO WorkRoomWebApplication - *** clicked The Export button ***
2026-02-03 10:09:24,467 [main] INFO WorkRoomWebApplication - *** clicked The Export button ***
2026-02-03 10:09:25,027 [main] INFO WorkRoomWebApplication - *** Check The Success message ***
2026-02-03 10:09:25,371 [main] INFO WorkRoomWebApplication - Scenario passed: click Generate The Report Wit Selecting The Customer Po And Vendor Po
2026-02-03 10:09:25,372 [main] INFO WorkRoomWebApplication - === Downloaded Files Summary ===
2026-02-03 10:09:25,372 [main] INFO WorkRoomWebApplication - Download directory: /home/limitscale/MaterialManagement/MATERIAL_MANAGEMENT_LIVE_WEB_AUTOMATION/Downloaded Documents
2026-02-03 10:09:25,373 [main] INFO WorkRoomWebApplication - File: Customer PO 1500000044 Inward Material (1).xlsx | Size: 17.30 KB | Modified: 2026-02-03 10:09:24
2026-02-03 10:09:25,374 [main] INFO WorkRoomWebApplication - File: Customer PO 1500000044 Inward Material.xlsx | Size: 17.83 KB | Modified: 2026-02-03 10:08:54
2026-02-03 10:09:25,375 [main] INFO WorkRoomWebApplication - Total files: 2
2026-02-03 10:09:25,375 [main] INFO WorkRoomWebApplication - ************* Quitting Browser *****************
2026-02-03 10:09:25,559 [main] INFO WorkRoomWebApplication - ************* Browser Closed Successfully *****************
